company,title,season,season_inferred,seasons,program,remote,category,location,sponsorship,h1b_approvals,salary,skills,posted_at,posted_at_source,first_seen_at,url
Brown Brothers Harriman,2027 Internal Audit - Information Technology & Cybersecurity Summer Internship,Summer 2027,False,,Internship,,Security,New York,unknown,24,$25/hr,SQL; Linux,2026-09-19T00:00:00Z,date_only,2026-09-19T17:59:39Z,https://bbh.wd5.myworkdayjobs.com/BBH/job/New-York/XMLNAME-2027-Internal-Audit---Information-Technology---Cybersecurity-Summer-Internship_72899
Fable,Software Engineering Intern,Not stated,True,,Internship,,Software,"San Francisco, CA (Hybrid)",unknown,,,Python; LLMs; React; GraphQL; AWS,2026-09-18T20:04:36.912+00:00,exact,2026-09-19T14:24:03Z,https://jobs.ashbyhq.com/fable/3fd04c23-a63d-4b40-bfae-feafaa478caf
Bot Auto,"Intern, Software Engineer AI Agents (Fall 2026/Winter 2027)",Fall 2026,False,,Internship,,Data & ML/AI,"Houston, TX",unknown,,,Python; Java; TypeScript; JavaScript; LLMs; AWS; GCP; Azure,2026-09-18T19:49:57-04:00,exact,2026-09-19T00:10:27Z,https://job-boards.greenhouse.io/botauto/jobs/5429357008
Acron Aviation,Software Engineer Intern - St. Pete Site,Not stated,True,,Internship,,Software,"St Petersburg, FL",unknown,,,Python; C++; C#; SQL; Linux,2026-09-18T18:46:09Z,exact,2026-09-18T21:40:35Z,https://jobs.lever.co/acronaviation/19dbac7d-b4fb-4d21-9247-dc610bf55fed
Nokia,AI Assisted Software Development Co-op,Not stated,True,,Co-op,,Data & ML/AI,United States,offers,321,,Python; LLMs; Kubernetes; Docker; Linux; Git,2026-09-18,date_only,2026-09-18T18:21:02Z,https://fa-evmr-saasfaprod1.fa.ocs.oraclecloud.com/hcmUI/CandidateExperience/en/sites/CX_1/job/40535
Stantec,Transportation Engineering Intern - Infrastructure (Summer 2027),Summer 2027,False,,Internship,,Software,"Lexington, KY, United States",unknown,96,,,2026-09-18,date_only,2026-09-18T18:21:02Z,https://hdhl.fa.us6.oraclecloud.com/hcmUI/CandidateExperience/en/sites/CX_1/job/1007804
Stantec,Transportation Engineering Co-op - Infrastructure (Fall 2026/Spring 2027),Fall 2026,False,,Co-op,,Software,"Louisville, KY, United States",unknown,96,,,2026-09-18,date_only,2026-09-18T18:21:02Z,https://hdhl.fa.us6.oraclecloud.com/hcmUI/CandidateExperience/en/sites/CX_1/job/1007850
Lawrence Livermore National Laboratory (LLNL),Computing Undergraduate Student Intern: DevOps Internship Program - Summer 2027,Summer 2027,False,,Internship,,Software,"Livermore, CA, United States",citizens-only,,,LLMs; Kubernetes; Git,2026-09-18T23:00:42.630Z,exact,2026-09-19T00:10:27Z,https://jobs.smartrecruiters.com/LLNL/3743990015408206
Veolia,SAP & ServiceNow AI Automation Intern,Summer 2027,False,,Internship,,Data & ML/AI,"Trevose, PA, United States",no-sponsorship,,,,2026-09-18T21:25:48.544Z,exact,2026-09-18T21:40:35Z,https://jobs.smartrecruiters.com/VeoliaEnvironnementSA/744000150460339
Alcon,2027 Spring/Summer Co-Op - Manufacturing Engineer,Summer 2027,False,,Co-op,,Hardware,"Fort Worth, Texas",no-sponsorship,57,,C++,2026-09-18T00:00:00Z,date_only,2026-09-18T18:21:02Z,https://alcon.wd5.myworkdayjobs.com/careers_alcon/job/Fort-Worth-Texas/XMLNAME-2027-Spring-Summer-Co-Op---Manufacturing-Engineer_R-2026-49587
Analytical Mechanics Associates,Mechanical Engineering Intern,Not stated,True,,Internship,,Hardware,"Hampton, VA",citizens-only,4,,,2026-09-18T00:00:00Z,date_only,2026-09-18T18:21:02Z,https://amainc.wd12.myworkdayjobs.com/ama_careers/job/Hampton-VA/Mechanical-Engineering-Intern_R-100764
Centene,Cybersecurity Summer 2027 Intern (Undergraduate),Summer 2027,False,,Internship,yes,Security,Remote-MO,unknown,163,$21–$26/hr,,2026-09-18T00:00:00Z,date_only,2026-09-18T21:40:35Z,https://centene.wd5.myworkdayjobs.com/Centene_External/job/Remote-MO/Cybersecurity-Summer-2027-Intern--Undergraduate-_1660514
Charter Manufacturing,Mechanical Engineer Intern (Year-Round),Summer 2027,False,,Internship,,Hardware,"Charter Steel - Saukville, WI",unknown,,,,2026-09-18T00:00:00Z,date_only,2026-09-18T18:21:02Z,https://chartermfg.wd5.myworkdayjobs.com/Charter_Careers/job/Charter-Steel---Saukville-WI/Mechanical-Engineer-Intern--Year-Round-_R08102
Cambridge Investment Research,Consulting Services AI & Automation Intern,Not stated,True,,Internship,,Data & ML/AI,"Fairfield, IA",unknown,,$17–$26/hr,,2026-09-18T00:00:00Z,date_only,2026-09-18T21:40:35Z,https://cir.wd108.myworkdayjobs.com/CIR_External_Career_Site/job/Fairfield-IA/Consulting-Services-AI---Automation-Intern_R-2025-223
Crane Co.,Manufacturing Engineer Intern,Not stated,True,,Internship,,Hardware,"Saddle Brook, New Jersey",unknown,12,,,2026-09-18T00:00:00Z,date_only,2026-09-18T21:40:35Z,https://cranecompany.wd5.myworkdayjobs.com/Careers/job/Saddle-Brook-New-Jersey/Manufacturing-Engineer-Intern_JR102570
Gordon Food Service,Industrial / Mechanical / Electrical Engineer Internship,Not stated,True,,Internship,,Hardware,"Wyoming, Michigan",unknown,21,,,2026-09-18T00:00:00Z,date_only,2026-09-18T21:40:35Z,https://gfs.wd5.myworkdayjobs.com/usjobs-gen-gfs/job/Wyoming-Michigan/Industrial---Mechanical---Electrical-Engineer-Internship_R-57373
Gordon Food Service,Software Engineer Intern (Low Code),Not stated,True,,Internship,,Software,"Wyoming, Michigan",unknown,21,,,2026-09-18T00:00:00Z,date_only,2026-09-18T21:40:35Z,https://gfs.wd5.myworkdayjobs.com/usjobs-gen-gfs/job/Wyoming-Michigan/Software-Engineer-Intern--Low-Code-_R-57375
Gordon Food Service,Software Engineer Internship,Not stated,True,,Internship,,Software,"Wyoming, Michigan",unknown,21,,Java; SQL; Angular; Spring; GCP; PostgreSQL,2026-09-18T00:00:00Z,date_only,2026-09-18T21:40:35Z,https://gfs.wd5.myworkdayjobs.com/usjobs-gen-gfs/job/Wyoming-Michigan/Software-Engineer-Internship_R-57377
GreatAmerica Financial Services,Platform Engineering Intern,Not stated,True,,Internship,,Software,"Cedar Rapids, IA",unknown,,,Python; SQL; AWS; GCP; Azure; Git,2026-09-18T00:00:00Z,date_only,2026-09-18T14:23:29Z,https://greatamerica.wd12.myworkdayjobs.com/greatamericacareers/job/Cedar-Rapids-IA/Platform-Engineering-Intern_JR1240-1
Johnson & Johnson,Clinical Epidemiology and Data Science Co-op,Not stated,True,,Co-op,,Data & ML/AI,"Danvers, Massachusetts, United States of America",unknown,8,$23.5/hr,Python; SQL,2026-09-18T00:00:00Z,date_only,2026-09-18T18:21:02Z,https://jj.wd5.myworkdayjobs.com/JJ/job/Danvers-Massachusetts-United-States-of-America/Clinical-Epidemiology-and-Data-Science-Co-op_R-098453
Johnson & Johnson,Medical Device Cybersecurity Co-Op,Not stated,True,,Co-op,,Security,"Danvers, Massachusetts, United States of America",unknown,8,$23.5/hr,,2026-09-18T00:00:00Z,date_only,2026-09-19T00:10:27Z,https://jj.wd5.myworkdayjobs.com/JJ/job/Danvers-Massachusetts-United-States-of-America/Medical-Device-Cybersecurity-Co-Op_R-099388
Johnson & Johnson,Product Management Co-Op,Not stated,True,,Co-op,,Software,"Danvers, Massachusetts, United States of America",unknown,8,$23.5/hr,,2026-09-18T00:00:00Z,date_only,2026-09-19T00:10:27Z,https://jj.wd5.myworkdayjobs.com/JJ/job/Danvers-Massachusetts-United-States-of-America/Product-Management-Co-Op_R-096757
Johnson & Johnson,Production Data Analyst Co-Op,Not stated,True,,Co-op,,Data & ML/AI,"Danvers, Massachusetts, United States of America",unknown,8,$23.5/hr,Tableau,2026-09-18T00:00:00Z,date_only,2026-09-19T00:10:27Z,https://jj.wd5.myworkdayjobs.com/JJ/job/Danvers-Massachusetts-United-States-of-America/Production-Data-Analyst-Co-Op_R-098904
Johnson & Johnson,(PALM) and Artificial Intelligence Co-Op,Not stated,True,,Co-op,,Data & ML/AI,"Titusville, New Jersey, United States of America",unknown,8,$23.5/hr,LLMs,2026-09-18T00:00:00Z,date_only,2026-09-18T14:23:29Z,https://jj.wd5.myworkdayjobs.com/JJ/job/Titusville-New-Jersey-United-States-of-America/XMLNAME--PALM--and-Artificial-Intelligence-Co-Op_R-099389
Motorola,Cyber Security - 2027 Summer Internship (Chicago Hybrid),Summer 2027,False,,Internship,,Security,"Chicago, IL, More...",no-sponsorship,191,,Python; Java; LLMs; AWS; GCP; Azure; Linux,2026-09-18T00:00:00Z,date_only,2026-09-18T21:40:35Z,https://motorolasolutions.wd5.myworkdayjobs.com/Careers/job/Chicago-IL/Cyber-Security---2027-Summer-Internship--Chicago-Hybrid-_R68369
Northrop Grumman,2027 Manufacturing Engineer Intern,Summer 2027,False,,Internship,,Hardware,United States-Mississippi-Iuka,citizens-only,,$17.5–$31.75/hr,,2026-09-18T00:00:00Z,date_only,2026-09-18T18:21:02Z,https://ngc.wd1.myworkdayjobs.com/Northrop_Grumman_External_Site/job/United-States-Mississippi-Iuka/XMLNAME-2027-Manufacturing-Engineer-Intern_R10251750-1
Northrop Grumman,2027 Structural Engineer Intern,Summer 2027,False,,Internship,,Hardware,United States-Utah-Clearfield,citizens-only,,$18.5–$33.5/hr,,2026-09-18T00:00:00Z,date_only,2026-09-18T18:21:02Z,https://ngc.wd1.myworkdayjobs.com/Northrop_Grumman_External_Site/job/United-States-Utah-Clearfield/XMLNAME-2027-Structural-Engineer-Intern_R10251781
Niagara Bottling,Manufacturing Intern - Milesburg,Not stated,True,,Internship,,Hardware,"Milesburg - Milesburg, PA",unknown,104,,,2026-09-18T00:00:00Z,date_only,2026-09-18T21:40:35Z,https://niagarawater.wd5.myworkdayjobs.com/niagara/job/Milesburg---Milesburg-PA/Manufacturing-Intern---Milesburg_R56065
Philips,"Co-op - Manufacturing Engineering - Latham, NY - January-August 2027",Summer 2027,False,,Co-op,,Hardware,"Latham, New York, United States",unknown,,,,2026-09-18T00:00:00Z,date_only,2026-09-18T18:21:02Z,https://philips.wd3.myworkdayjobs.com/jobs-and-careers/job/Latham-New-York-United-States/Co-op---Manufacturing-Engineering---Latham--NY---January-August-2027_590906
Sony,Research Intern on Generative and Protective AI for Content Creation,Not stated,True,,Internship,yes,Data & ML/AI,Remote - Texas,unknown,,$50/hr,PyTorch; LLMs; Computer Vision,2026-09-18T00:00:00Z,date_only,2026-09-18T18:21:02Z,https://sonyglobal.wd1.myworkdayjobs.com/SonyGlobalCareers/job/Remote---Texas/Research-Intern-on-Generative-and-Protective-AI-for-Content-Creation_JR-119335
Thrivent,Associate Software Engineer - Junior Intern Summer 2027,Summer 2027,False,,Internship,yes,Software,Remote-Minnesota,no-sponsorship,12,$25–$28/hr,JavaScript,2026-09-18T00:00:00Z,date_only,2026-09-19T14:24:03Z,https://thrivent.wd5.myworkdayjobs.com/external/job/Remote-Minnesota/Associate-Software-Engineer---Junior-Intern-Summer-2027_REQ-48334
Thrivent,Associate Software Engineer - Sophomore Intern Summer 2027,Summer 2027,False,,Internship,yes,Software,Remote-Minnesota,no-sponsorship,12,$25–$28/hr,JavaScript,2026-09-18T00:00:00Z,date_only,2026-09-19T14:24:03Z,https://thrivent.wd5.myworkdayjobs.com/external/job/Remote-Minnesota/Associate-Software-Engineer---Sophomore-Intern-Summer-2027_REQ-48457
Valeo,Mechatronics Engineering Co-Op,Not stated,True,,Co-op,,Hardware,"Troy, MI",no-sponsorship,72,,,2026-09-18T00:00:00Z,date_only,2026-09-18T18:21:02Z,https://valeo.wd3.myworkdayjobs.com/valeo_jobs/job/Troy-MI/Mechatronics-Engineering-Co-Op_REQ2026079866
Watts Water,"Manufacturing Quality Intern, Summer 2027",Summer 2027,False,,Internship,,Hardware,"Fort Myers, FL",unknown,4,,,2026-09-18T00:00:00Z,date_only,2026-09-18T18:21:02Z,https://wattswater.wd5.myworkdayjobs.com/Intern-External/job/Fort-Myers-FL/Manufacturing-Quality-Intern--Summer-2027_10017584
Amazon,Software Development Engineer Intern - Summer 2027 (USA),Summer 2027,False,,Internship,,Software,"Seattle, Washington, USA",unknown,23139,,Python; Java; C++; C#; Rust; TypeScript; SQL; LLMs,2026-09-17T00:00:00Z,date_only,2026-09-17T23:35:35Z,https://www.amazon.jobs/en/jobs/10552937/software-development-engineer-intern-summer-2027-usa
Ninjaholdings,Data Science Intern,Not stated,True,,Internship,,Data & ML/AI,"Chicago, IL",unknown,,$20 – $25 / hour,,2026-09-17T02:46:42.937Z,exact,2026-09-20T15:55:29Z,https://ninjaholdings.breezy.hr/p/85be8c78a2ba-data-science-intern
Amperesand,"Software Intern, Factory & Ops",Not stated,True,,Internship,,Software,"Reno, Nevada, United States",unknown,,,TypeScript; LLMs; React; AWS; Git,2026-09-17T01:43:55-04:00,exact,2026-09-17T06:04:46Z,https://job-boards.greenhouse.io/amperesand/jobs/4409254009
Rocket Lab,Manufacturing Engineering Intern Summer 2027,Summer 2027,False,,Internship,,Hardware,"Wallops Island, VA",citizens-only,,,Python; SQL,2026-09-17T16:52:48-04:00,exact,2026-09-17T23:35:35Z,https://job-boards.greenhouse.io/rocketlab/jobs/7996623003
SharkNinja,Mechanical Engineering Co-op Opportunities,Not stated,True,,Co-op,,Hardware,"Needham, MA, United States",unknown,23,,Python,2026-09-17T11:26:33-04:00,exact,2026-09-17T16:46:15Z,https://job-boards.greenhouse.io/sharkninjaoperatingllc/jobs/4713783006
SharkNinja,Applied AI & Analytics Co-op Opportunities,Not stated,True,,Co-op,,Data & ML/AI,"Miami, Florida, United States; Needham, MA, United States; New York, New York, United States",unknown,23,,Python; SQL; LLMs; AWS; Tableau,2026-09-17T11:26:59-04:00,exact,2026-09-17T16:46:15Z,https://job-boards.greenhouse.io/sharkninjaoperatingllc/jobs/4713793006
SharkNinja,Applied AI & Analytics Intern Opportunities,Not stated,True,,Internship,,Data & ML/AI,"Miami, Florida, United States; Needham, MA, United States",unknown,23,,Python; SQL; LLMs; AWS; Tableau,2026-09-17T11:25:04-04:00,exact,2026-09-17T16:46:15Z,https://job-boards.greenhouse.io/sharkninjaoperatingllc/jobs/4713808006
SharkNinja,Mechanical Engineering Intern Opportunities,Not stated,True,,Internship,,Hardware,"Needham, MA, United States",unknown,23,,Python,2026-09-17T11:25:56-04:00,exact,2026-09-17T16:46:15Z,https://job-boards.greenhouse.io/sharkninjaoperatingllc/jobs/4713812006
Tower Research Capital,Software Engineer Intern (Summer 2027),Summer 2027,False,,Internship,,Software,New York,unknown,38,,Python; Java; C++; Go; Rust; JavaScript; SQL; Linux,2026-09-17T16:55:21-04:00,exact,2026-09-17T23:35:35Z,https://www.tower-research.com/open-positions/?gh_jid=8212158
XPENG Motors,AI Research Intern – Predictive World Model,Not stated,True,,Internship,,Data & ML/AI,"Santa Clara, CA",unknown,,,Python; PyTorch; Computer Vision,2026-09-17T21:11:52-04:00,exact,2026-09-18T04:15:10Z,https://job-boards.greenhouse.io/xpengmotors/jobs/8819001002
Michael Baker International,"Structural Intern, Summer 2027",Summer 2027,False,,Internship,,Hardware,"Boston, MA, United States",unknown,42,$18–$30/hr,,2026-09-17,date_only,2026-09-17T00:29:06Z,https://ebxs.fa.us2.oraclecloud.com/hcmUI/CandidateExperience/en/sites/CX_2/job/309903
Hunt Oil Company,AI Business Strategy & Transformation Intern - Fall 2026,Fall 2026,False,,Internship,,Data & ML/AI,"Dallas, TX, United States",unknown,,,LLMs,2026-09-17,date_only,2026-09-17T16:46:15Z,https://fa-eqcd-saasfaprod1.fa.ocs.oraclecloud.com/hcmUI/CandidateExperience/en/sites/CX_1/job/1067
Howmet Aerospace,Intern - Artificial Intelligence (AI),Not stated,True,,Internship,,Data & ML/AI,"Pittsburgh, PA, United States",no-sponsorship,,$20–$22/hr,,2026-09-17,date_only,2026-09-17T16:46:15Z,https://fa-exty-saasfaprod1.fa.ocs.oraclecloud.com/hcmUI/CandidateExperience/en/sites/CX_1/job/119494
GM financial,Intern - Software Development Engineer,Summer 2027,False,,Internship,,Software,"Arlington, TX, United States",unknown,,,LLMs,2026-09-17,date_only,2026-09-17T16:46:15Z,https://fa-exvu-saasfaprod1.fa.ocs.oraclecloud.com/hcmUI/CandidateExperience/en/sites/CX_1/job/260795
GM financial,Intern - Oracle Application Developer,Summer 2027,False,,Internship,,Software,"Irving, TX, United States",unknown,,,LLMs,2026-09-17,date_only,2026-09-17T16:46:15Z,https://fa-exvu-saasfaprod1.fa.ocs.oraclecloud.com/hcmUI/CandidateExperience/en/sites/CX_1/job/260804
GM financial,Intern - Software Development Engineer,Not stated,True,,Internship,,Software,"Arlington, TX, United States",unknown,,,LLMs,2026-09-17,date_only,2026-09-17T16:46:15Z,https://fa-exvu-saasfaprod1.fa.ocs.oraclecloud.com/hcmUI/CandidateExperience/en/sites/CX_1/job/260818
GM financial,Intern - Software Development Engineer,Not stated,True,,Internship,,Software,"Arlington, TX, United States",unknown,,,LLMs,2026-09-17,date_only,2026-09-17T16:46:15Z,https://fa-exvu-saasfaprod1.fa.ocs.oraclecloud.com/hcmUI/CandidateExperience/en/sites/CX_1/job/260831
Honeywell,Data Science Co-Op - Spring/Summer 2027,Summer 2027,False,,Co-op,,Data & ML/AI,"Pittsford, NY, United States",citizens-only,229,$20/hr,Python; LLMs; AWS; Azure,2026-09-17,date_only,2026-09-17T23:35:35Z,https://ibqbjb.fa.ocs.oraclecloud.com/hcmUI/CandidateExperience/en/sites/CX_1/job/157903
Honeywell,Software Engineer Co-Op - Spring/Summer 2027,Summer 2027,False,,Co-op,,Software,"Pittsford, NY, United States",citizens-only,229,$20/hr,,2026-09-17,date_only,2026-09-17T23:35:35Z,https://ibqbjb.fa.ocs.oraclecloud.com/hcmUI/CandidateExperience/en/sites/CX_1/job/158088
Bosch,AI Engineering Intern (October 2026 - August 2027),Summer 2027,False,,Internship,,Data & ML/AI,"Plymouth, MI, United States",unknown,,,Python; C++; MATLAB; LLMs,2026-09-17T21:19:20.172Z,exact,2026-09-17T23:35:35Z,https://jobs.smartrecruiters.com/BoschGroup/744000150217869
American Electric Power,"Civil/Structural Designer Intern - New Albany, OH",Not stated,True,,Internship,,Hardware,"New Albany, OH",unknown,34,$20/hr,,2026-09-17T00:00:00Z,date_only,2026-09-17T16:46:15Z,https://aep.wd1.myworkdayjobs.com/AEPCareerSite/job/New-Albany-OH/Civil-Structural-Designer-Intern---New-Albany--OH_R19383
American Electric Power,"Civil/Structural Designer Intern - Roanoke, VA",Not stated,True,,Internship,,Hardware,"Roanoke, VA",unknown,34,$20/hr,,2026-09-17T00:00:00Z,date_only,2026-09-17T16:46:15Z,https://aep.wd1.myworkdayjobs.com/AEPCareerSite/job/Roanoke-VA/Civil-Structural-Designer-Intern---Roanoke--VA_R19382
American Electric Power,"Civil/Structural Designer Intern - Tulsa, OK",Not stated,True,,Internship,,Hardware,"Tulsa, OK",unknown,34,$20/hr,,2026-09-17T00:00:00Z,date_only,2026-09-17T16:46:15Z,https://aep.wd1.myworkdayjobs.com/AEPCareerSite/job/Tulsa-OK/Civil-Structural-Designer-Intern---Tulsa--OK_R19381
Church & Dwight,AI Developer Co-op - Graduate Program (9 Months),Not stated,True,,Co-op,,Data & ML/AI,"USA, Ewing, NJ",citizens-only,,,Python; SQL; LLMs; AWS; GCP; Azure; Git,2026-09-17T00:00:00Z,date_only,2026-09-18T14:23:29Z,https://churchdwight.wd1.myworkdayjobs.com/chdcareers/job/USA-Ewing-NJ/AI-Developer-Co-op---Graduate-Program--9-Months-_R2026-15686
Clarios,Data Science Intern (Summer 2027),Summer 2027,False,,Internship,,Data & ML/AI,"United States, Wisconsin, Milwaukee",no-sponsorship,18,,Python; SQL; LLMs; Azure,2026-09-17T00:00:00Z,date_only,2026-09-17T16:46:15Z,https://clarios.wd5.myworkdayjobs.com/clarioscareers/job/United-States-Wisconsin-Milwaukee/Data-Science-Intern--Summer-2027-_WD50211
Zurn Elkay Water Solutions,Product Management Intern (Summer 2027),Summer 2027,False,,Internship,,Software,"Paso Robles, CA",unknown,,$18.25–$23/hr,,2026-09-17T00:00:00Z,date_only,2026-09-17T23:35:35Z,https://elkay.wd1.myworkdayjobs.com/Elkay_External/job/Paso-Robles-CA/Product-Management-Intern--Summer-2027-_REQ-020109
Gordon Food Service,Digital Product Management Internship,Not stated,True,,Internship,,Software,"Wyoming, Michigan",unknown,21,,,2026-09-17T00:00:00Z,date_only,2026-09-17T23:35:35Z,https://gfs.wd5.myworkdayjobs.com/usjobs-gen-gfs/job/Wyoming-Michigan/Digital-Product-Management-Internship_R-57336
RTX,Industrial Engineering Co-Op (Summer/Fall 2027),Summer 2027,False,,Co-op,,Hardware,US-IA-CEDAR RAPIDS-108 ~ 400 Collins Rd NE ~ BLDG 108,citizens-only,,,,2026-09-17T00:00:00Z,date_only,2026-09-17T16:46:15Z,https://globalhr.wd5.myworkdayjobs.com/rec_rtx_ext_gateway/job/US-IA-CEDAR-RAPIDS-108--400-Collins-Rd-NE--BLDG-108/Industrial-Engineering-Co-Op--Summer-Fall-2027-_01870637
IDEX,Manufacturing Engineering Co-Op,Not stated,True,,Co-op,,Hardware,"Cedar Falls, Iowa",unknown,2,,,2026-09-17T00:00:00Z,date_only,2026-09-17T20:14:45Z,https://idexcorp.wd5.myworkdayjobs.com/idex_careers/job/Cedar-Falls-Iowa/Manufacturing-Engineering-Co-Op_R-09910
Insperity,Rotational AI Intern,Not stated,True,,Internship,,Data & ML/AI,"Kingwood, TX",unknown,12,,Python; SQL; LLMs; Computer Vision,2026-09-17T00:00:00Z,date_only,2026-09-17T20:14:45Z,https://insperity.wd12.myworkdayjobs.com/NSP/job/Kingwood-TX/Rotational-AI-Intern_JR103294
Johnson & Johnson,Process Excellence & AI Co-op,Not stated,True,,Co-op,,Data & ML/AI,"Milpitas, California, United States of America",unknown,8,$27/hr,,2026-09-17T00:00:00Z,date_only,2026-09-17T16:46:15Z,https://jj.wd5.myworkdayjobs.com/JJ/job/Milpitas-California-United-States-of-America/Process-Excellence---AI-Co-op_R-099367
LabCorp,Intern – Network Infrastructure & Automation Engineering,Not stated,True,,Internship,,Software,Durham NC,no-sponsorship,,,Python; Linux; Git,2026-09-17T00:00:00Z,date_only,2026-09-17T20:14:45Z,https://labcorp.wd1.myworkdayjobs.com/external/job/Durham-NC/Intern---Network-Infrastructure---Automation-Engineering_2632795
Leidos,Research Engineer Intern,Not stated,True,,Internship,,Software,"Pittsburgh, PA",unknown,79,,Python; MATLAB,2026-09-17T00:00:00Z,date_only,2026-09-17T20:14:45Z,https://leidos.wd5.myworkdayjobs.com/External/job/Pittsburgh-PA/Research-Engineer-Intern_R-00192500
Lowe's,Store Operations Industrial Engineering – Undergrad Internship – Summer 2027,Summer 2027,False,,Internship,,Hardware,"Mooresville, NC (SSC) 1999",unknown,,,,2026-09-17T00:00:00Z,date_only,2026-09-17T20:14:45Z,https://lowes.wd5.myworkdayjobs.com/LWS_External_CS/job/Mooresville-NC-SSC-1999/Store-Operations-Industrial-Engineering---Undergrad-Internship---Summer-2027_JR-02651868-1
Marvell,"SRAM Software Engineer Intern, BS - Summer 2027",Summer 2027,False,,Internship,,Software,"Burlington, VT",unknown,234,,Python; Java; Linux; Git,2026-09-17T00:00:00Z,date_only,2026-09-17T20:14:45Z,https://marvell.wd1.myworkdayjobs.com/marvellcareers2/job/Burlington-VT/SRAM-Software-Engineer-Intern--BS---Summer-2027_2603760
Smith+Nephew,Intern Mechanical Engineering,Summer 2027,False,,Internship,,Hardware,"Pittsburgh, PA",unknown,77,,,2026-09-17T00:00:00Z,date_only,2026-09-17T06:04:46Z,https://smithnephew.wd5.myworkdayjobs.com/External/job/Pittsburgh-PA/Intern-Mechanical-Engineering_R92508
Smith+Nephew,Intern AI Center of Excellence Data Science,Summer 2027,False,,Internship,,Data & ML/AI,"US - Pittsburgh, PA",unknown,77,,Python; MATLAB; PyTorch; TensorFlow; scikit-learn; Pandas,2026-09-17T00:00:00Z,date_only,2026-09-17T06:04:46Z,https://smithnephew.wd5.myworkdayjobs.com/External/job/US---Pittsburgh-PA/Intern-AI-Center-of-Excellence-Data-Science_R92480-1
Smith+Nephew,Intern Robotics Software Engineering,Summer 2027,False,,Internship,,Hardware,"US - Pittsburgh, PA",unknown,77,,C++,2026-09-17T00:00:00Z,date_only,2026-09-17T06:04:46Z,https://smithnephew.wd5.myworkdayjobs.com/External/job/US---Pittsburgh-PA/Intern-Robotics-Software-Engineering_R92482
Visa,"Software Engineer, Intern - 2027 Ashburn, VA",Summer 2027,False,,Internship,,Software,"US - Ashburn, VA",no-sponsorship,883,,Python; Java; C++; C#; JavaScript; LLMs; Kubernetes; Docker,2026-09-17T00:00:00Z,date_only,2026-09-17T16:46:15Z,https://visa.wd5.myworkdayjobs.com/Visa/job/US---Ashburn-VA/Software-Engineer--Intern---2027-Ashburn--VA_REF088577W-1
Visa,"2027 Sophomore Internship Program - Software Engineer Intern, Ashburn",Summer 2027,False,,Internship,,Software,"US - Ashburn, VA",no-sponsorship,883,,Python; Java; C++; C#; JavaScript; Kubernetes; Docker; Kafka,2026-09-17T00:00:00Z,date_only,2026-09-17T16:46:15Z,https://visa.wd5.myworkdayjobs.com/Visa/job/US---Ashburn-VA/XMLNAME-2027-Sophomore-Internship-Program---Software-Engineer-Intern--Ashburn_REF088599W-1
Visa,"Software Engineer, Intern - 2027 Austin, TX",Summer 2027,False,,Internship,,Software,"US - Austin, TX",no-sponsorship,883,,Python; Java; C++; C#; JavaScript; Kubernetes; Docker; Kafka,2026-09-17T00:00:00Z,date_only,2026-09-17T16:46:15Z,https://visa.wd5.myworkdayjobs.com/Visa/job/US---Austin-TX/Software-Engineer--Intern---2027-Austin--TX_REF088544W-1
Visa,"2027 Sophomore Internship Program - Software Engineer Intern, Austin",Summer 2027,False,,Internship,,Software,"US - Austin, TX",no-sponsorship,883,,Python; Java; C++; C#; JavaScript; Kubernetes; Docker; Kafka,2026-09-17T00:00:00Z,date_only,2026-09-17T16:46:15Z,https://visa.wd5.myworkdayjobs.com/Visa/job/US---Austin-TX/XMLNAME-2027-Sophomore-Internship-Program---Software-Engineer-Intern--Austin_REF088596W-1
Visa,"Software Engineer, Intern, Bellevue - 2027",Summer 2027,False,,Internship,,Software,"US - Bellevue, WA",no-sponsorship,883,,Python; Java; C++; C#; JavaScript; LLMs; Kubernetes; Docker,2026-09-17T00:00:00Z,date_only,2026-09-17T16:46:15Z,https://visa.wd5.myworkdayjobs.com/Visa/job/US---Bellevue-WA/Software-Engineer--Intern--Bellevue---2027_REF088585W-2
Visa,"2027 Sophomore Internship Program - Software Engineer Intern, Bellevue",Summer 2027,False,,Internship,,Software,"US - Bellevue, WA",no-sponsorship,883,,Python; Java; C++; C#; JavaScript; Kubernetes; Docker; Kafka,2026-09-17T00:00:00Z,date_only,2026-09-17T16:46:15Z,https://visa.wd5.myworkdayjobs.com/Visa/job/US---Bellevue-WA/XMLNAME-2027-Sophomore-Internship-Program---Software-Engineer-Intern--Bellevue_REF088594W-1
Visa,"Software Engineer, Intern, Highlands Ranch, CO - 2027",Summer 2027,False,,Internship,,Software,"US - Denver, CO",no-sponsorship,883,,Python; Java; C++; C#; JavaScript; LLMs; Kubernetes; Docker,2026-09-17T00:00:00Z,date_only,2026-09-17T16:46:15Z,https://visa.wd5.myworkdayjobs.com/Visa/job/US---Denver-CO/Software-Engineer--Intern--Highlands-Ranch--CO---2027_REF088583W
Visa,"2027 Sophomore Internship Program - Software Engineer Intern, Highlands Ranch",Summer 2027,False,,Internship,,Software,"US - Denver, CO",no-sponsorship,883,,Python; Java; C++; C#; JavaScript; Kubernetes; Docker; Kafka,2026-09-17T00:00:00Z,date_only,2026-09-17T16:46:15Z,https://visa.wd5.myworkdayjobs.com/Visa/job/US---Denver-CO/XMLNAME-2027-Sophomore-Internship-Program---Software-Engineer-Intern--Highlands-Ranch_REF088597W-1
Visa,"Software Engineer, Intern - Foster City 2027",Summer 2027,False,,Internship,,Software,"US - Foster City, CA",no-sponsorship,883,,Python; Java; C++; C#; JavaScript; Kubernetes; Docker; Kafka,2026-09-17T00:00:00Z,date_only,2026-09-17T16:46:15Z,https://visa.wd5.myworkdayjobs.com/Visa/job/US---Foster-City-CA/Software-Engineer--Intern---Foster-City-2027_REF088587W-1
Visa,"2027 Sophomore Internship Program - Software Engineer Intern, Foster City",Summer 2027,False,,Internship,,Software,"US - Foster City, CA",no-sponsorship,883,,Python; Java; C++; C#; JavaScript; Kubernetes; Docker; Kafka,2026-09-17T00:00:00Z,date_only,2026-09-17T16:46:15Z,https://visa.wd5.myworkdayjobs.com/Visa/job/US---Foster-City-CA/XMLNAME-2027-Sophomore-Internship-Program---Software-Engineer-Intern--Foster-City_REF088591W-1
X-energy,Mechanical Engineering Internship - Summer 2027,Summer 2027,False,,Internship,,Hardware,"Rockville, MD",unknown,3,$25/hr,,2026-09-17T00:00:00Z,date_only,2026-09-17T16:46:15Z,https://xenergy.wd5.myworkdayjobs.com/X-energyUS/job/Rockville-MD/Mechanical-Engineering-Internship---Summer-2027_R101319-1
Bedrock Robotics,"Internship 2027 Software Engineer, Fleet Platform",Summer 2027,False,,Internship,,Software,"New York, NY",unknown,,,Python; C++; Rust; TypeScript,2026-09-16T12:04:51.466+00:00,exact,2026-09-16T13:26:00Z,https://jobs.ashbyhq.com/bedrock-robotics/8927dd7e-a48d-49a2-92eb-09ec059432f4
Contoro,Robotics Engineer Intern - Test & Validation,Not stated,True,,Internship,,Hardware,"Austin, TX",unknown,,,Linux,2026-09-16T17:35:48.287+00:00,exact,2026-09-16T18:12:11Z,https://jobs.ashbyhq.com/contoro/cf7c8043-8fbe-4c7e-b91f-ee6db2a616c5
Gecko Robotics,Full Stack Software Engineering Intern,Summer 2027,False,,Internship,,Software,New York City,unknown,2,$40 – $80 per hour,Python; TypeScript; JavaScript; LLMs; React; GCP; Docker; Linux,2026-09-16T13:16:37.228+00:00,exact,2026-09-16T13:26:00Z,https://jobs.ashbyhq.com/gecko-robotics/01138338-ff3c-4982-8ba3-5401386bf082
Gecko Robotics,AI/Machine Learning Engineering Intern,Summer 2027,False,,Internship,,Data & ML/AI,New York City,unknown,2,$50 – $90 per hour,Python; SQL; PyTorch; Pandas; LLMs; Computer Vision; GCP; Docker,2026-09-16T13:16:29.476+00:00,exact,2026-09-16T13:26:00Z,https://jobs.ashbyhq.com/gecko-robotics/c097505b-0a28-4a33-a917-268f463641e8
Cartesian,IAP Software Engineering Intern 2027,Summer 2027,False,,Internship,,Software,"Cambridge, MA",unknown,,$20–$25/hr,Python; TypeScript; Kotlin; PyTorch; Azure; Kubernetes; Terraform; PostgreSQL,2026-09-16T10:45:24-04:00,exact,2026-09-16T18:12:11Z,https://job-boards.greenhouse.io/cartesiansystems/jobs/4408204009
Clockwork Systems,Software Engineer Intern,Not stated,True,,Internship,,Software,"Palo Alto, CA",unknown,,,Python; Java; C++; Go; Django,2026-09-16T12:20:28-04:00,exact,2026-09-16T18:12:11Z,https://job-boards.greenhouse.io/clockworksystems/jobs/6174230004
CoVar,Machine Learning Internship Summer 2027,Summer 2027,False,,Internship,,Data & ML/AI,"Durham, NC",unknown,,,Python; PyTorch; Pandas; Computer Vision; Git,2026-09-16T17:48:23-04:00,exact,2026-09-17T16:46:15Z,https://job-boards.greenhouse.io/covar/jobs/5240360007
Nanopath,Software Development Co-op (Jan '27 Start),Summer 2027,False,,Co-op,,Software,"Cambridge, MA",unknown,,,,2026-09-16T14:59:39-04:00,exact,2026-09-17T16:46:15Z,https://job-boards.greenhouse.io/nanopathinc/jobs/4732881005
Relay,Software Engineering Intern (AI/ML) - Summer 2027,Summer 2027,False,,Internship,,Data & ML/AI,"Raleigh, NC",unknown,6,,Python; Rust; JavaScript; PyTorch; LLMs; Linux,2026-09-16T11:02:31-04:00,exact,2026-09-16T18:12:11Z,https://job-boards.greenhouse.io/relaypro/jobs/8176774
Relay,Software Engineering Intern (Device Team) - Summer 2027,Summer 2027,False,,Internship,,Software,"Raleigh, NC",unknown,6,,Python; Java; C++; Rust; Kotlin; Linux,2026-09-16T11:02:23-04:00,exact,2026-09-16T18:12:11Z,https://job-boards.greenhouse.io/relaypro/jobs/8180836
Rendezvous Robotics,Software Engineering Intern (Summer 2027),Summer 2027,False,,Internship,,Software,"Golden, CO",citizens-only,,,Python; C++; Linux,2026-09-16T13:55:23-04:00,exact,2026-09-16T18:12:11Z,https://job-boards.greenhouse.io/rendezvousrobotics/jobs/4408590009
Rendezvous Robotics,Mechanical Engineering Intern (Summer 2027),Summer 2027,False,,Internship,,Hardware,"Golden, CO",citizens-only,,,,2026-09-16T13:56:30-04:00,exact,2026-09-16T18:12:11Z,https://job-boards.greenhouse.io/rendezvousrobotics/jobs/4408601009
Rocket Lab,Manufacturing Engineering Intern Summer 2027,Summer 2027,False,,Internship,,Hardware,"Long Beach, CA",citizens-only,,,,2026-09-16T15:02:36-04:00,exact,2026-09-16T22:04:19Z,https://job-boards.greenhouse.io/rocketlab/jobs/7984564003
Rocket Lab,Manufacturing Engineering Intern Summer 2027,Summer 2027,False,,Internship,,Hardware,"Middle River, MD",citizens-only,,,,2026-09-16T16:41:44-04:00,exact,2026-09-16T22:04:19Z,https://job-boards.greenhouse.io/rocketlab/jobs/7988835003
Rocket Lab,Mechanical Engineering Intern Summer 2027,Summer 2027,False,,Internship,,Hardware,"Silver Spring, MD",citizens-only,,,Python,2026-09-16T15:03:48-04:00,exact,2026-09-16T22:04:19Z,https://job-boards.greenhouse.io/rocketlab/jobs/7989904003
Waymo,"2027 Summer Intern, BS/MS, Software Engineering, Maneuvering Tech",Summer 2027,False,,Internship,,Software,"San Francisco, California",unknown,284,,Python; C++; SQL,2026-09-16T23:33:58-04:00,exact,2026-09-17T06:04:46Z,https://careers.withwaymo.com/jobs?gh_jid=8203200
Acron Aviation,Manufacturing Engineer Intern - Grand Rapids Site,Not stated,True,,Internship,,Hardware,"Grand Rapids, MI",unknown,,,,2026-09-16T21:44:50Z,exact,2026-09-16T22:04:19Z,https://jobs.lever.co/acronaviation/2893b51b-c93c-4875-9912-1292ab0f4926
Kitware,Software Developer Internship,Not stated,True,,Internship,,Software,"Clifton Park, New York",citizens-only,6,30–45 USD/hr,Python; C++; Computer Vision,2026-09-16T19:05:30Z,exact,2026-09-16T22:04:19Z,https://jobs.lever.co/kitware/7b6ff8f9-34c6-4338-845d-4e1bbc142906
Kitware,AI Research Internship,Not stated,True,,Internship,,Data & ML/AI,"Clifton Park, New York",citizens-only,6,40–60 USD/hr,Python; PyTorch; TensorFlow; LLMs; Computer Vision,2026-09-16T18:35:02Z,exact,2026-09-16T22:04:19Z,https://jobs.lever.co/kitware/ff25a349-a362-45d2-b1e4-2487c1df4f75
Michael Baker International,"Structural Intern, Summer 2027",Summer 2027,False,,Internship,,Hardware,"Salt Lake City, UT, United States",unknown,42,$18–$26/hr,,2026-09-16,date_only,2026-09-17T00:29:06Z,https://ebxs.fa.us2.oraclecloud.com/hcmUI/CandidateExperience/en/sites/CX_2/job/309900
Michael Baker International,"Structural Intern, Summer 2027",Summer 2027,False,,Internship,,Hardware,"Jacksonville, FL, United States",unknown,42,$18–$26/hr,,2026-09-16,date_only,2026-09-17T00:29:06Z,https://ebxs.fa.us2.oraclecloud.com/hcmUI/CandidateExperience/en/sites/CX_2/job/309902
Texas Instruments,Smart Manufacturing and Automation Intern,Not stated,True,,Internship,,Hardware,"Dallas, TX, United States",no-sponsorship,234,,Python; SQL; PyTorch; TensorFlow; scikit-learn; LLMs; Git,2026-09-16,date_only,2026-09-16T07:36:57Z,https://edbz.fa.us2.oraclecloud.com/hcmUI/CandidateExperience/en/sites/CX_1/job/25017994
Duracell,PS Manufacturing - Engineering Intern Spring/Summer 2027,Summer 2027,False,,Internship,,Hardware,"Cleveland, TN, United States",unknown,3,,,2026-09-16,date_only,2026-09-16T18:12:11Z,https://fa-ewub-saasfaprod1.fa.ocs.oraclecloud.com/hcmUI/CandidateExperience/en/sites/CX_26/job/1399
Duracell,PS Manufacturing -Engineering Co-Op-2027,Summer 2027,False,,Co-op,,Hardware,"Cleveland, TN, United States",unknown,3,,,2026-09-16,date_only,2026-09-16T18:12:11Z,https://fa-ewub-saasfaprod1.fa.ocs.oraclecloud.com/hcmUI/CandidateExperience/en/sites/CX_26/job/1400
GM financial,Intern - Data Science,Summer 2027,False,,Internship,,Data & ML/AI,"Fort Worth, TX, United States",unknown,,,,2026-09-16,date_only,2026-09-16T22:04:19Z,https://fa-exvu-saasfaprod1.fa.ocs.oraclecloud.com/hcmUI/CandidateExperience/en/sites/CX_1/job/260839
Emerson Electric,Mechanical Engineering Co-op (Summer 2027),Summer 2027,False,,Co-op,,Hardware,"Elyria, OH, United States",unknown,8,,,2026-09-16,date_only,2026-09-16T22:04:19Z,https://hdjq.fa.us2.oraclecloud.com/hcmUI/CandidateExperience/en/sites/CX_1/job/26011001
AECOM,Mechanical Engineering Intern – Hiring Event with AECOM – New York City,Summer 2027,False,,Internship,,Hardware,"New York, NY, United States",unknown,246,,,2026-09-16T16:11:50.613Z,exact,2026-09-16T18:12:11Z,https://jobs.smartrecruiters.com/AECOM2/744000149913009
Lawrence Livermore National Laboratory (LLNL),Data Science Institute Undergraduate Student Intern - Summer 2027,Summer 2027,False,,Internship,,Data & ML/AI,"Livermore, CA, United States",citizens-only,,,,2026-09-16T00:04:13.256Z,exact,2026-09-16T01:21:18Z,https://jobs.smartrecruiters.com/LLNL/3743990015289136
Securityriskadvisors,AI CyberOps Engineering Co-Op,Not stated,True,,Co-op,,Data & ML/AI,"Rochester, New York, United States",unknown,,,Python; Azure,2026-09-16T00:00:00.000Z,date_only,2026-09-18T18:21:02Z,https://apply.workable.com/securityriskadvisors/j/0C7A84F4D3/
American Century Investments,Cybersecurity Intern,Fall 2026,False,,Internship,,Security,"Kansas City, Missouri",no-sponsorship,,,,2026-09-16T00:00:00Z,date_only,2026-09-17T00:29:06Z,https://americancentury.wd5.myworkdayjobs.com/AmericanCenturyInvestments/job/Kansas-City-Missouri/Cybersecurity-Intern_R0005729
AspenTech,Software Development Intern - Digital Grid Management - Summer 2027,Summer 2027,False,,Internship,,Software,"Medina, Minnesota",unknown,6,$24–$28/hr,Python; Java; C++; JavaScript; Angular; MongoDB,2026-09-16T00:00:00Z,date_only,2026-09-16T18:12:11Z,https://aspentech.wd5.myworkdayjobs.com/aspentech/job/Medina-Minnesota/Software-Development-Intern---Digital-Grid-Management---Summer-2027_R9456
Avav,Summer 2027 Software Engineering Intern,Summer 2027,False,,Internship,,Software,"Melbourne, FL",citizens-only,,,Python; Java; C++; Linux; Git,2026-09-16T00:00:00Z,date_only,2026-09-16T18:12:11Z,https://avav.wd1.myworkdayjobs.com/avav/job/Melbourne-FL/Summer-2027-Software-Engineering-Intern_8550
Bass Pro Shops,Advanced Manufacturing Intern Summer 2027,Summer 2027,False,,Internship,,Hardware,"Springfield, MO (Bass Pro Shops Base Camp)",unknown,,,,2026-09-16T00:00:00Z,date_only,2026-09-16T22:04:19Z,https://basspro.wd1.myworkdayjobs.com/careers/job/Springfield-MO-Bass-Pro-Shops-Base-Camp/Advanced-Manufacturing-Intern-Summer-2027_R267458
Bass Pro Shops,Cybersecurity Intern Summer 2027,Summer 2027,False,,Internship,,Security,"Springfield, MO (Bass Pro Shops Base Camp)",unknown,,,,2026-09-16T00:00:00Z,date_only,2026-09-16T13:26:00Z,https://basspro.wd1.myworkdayjobs.com/careers/job/Springfield-MO-Bass-Pro-Shops-Base-Camp/Cybersecurity-Intern-Summer-2027_R267444
Bass Pro Shops,IT Developer Intern Summer 2027,Summer 2027,False,,Internship,,Software,"Springfield, MO (Bass Pro Shops Base Camp)",unknown,,,,2026-09-16T00:00:00Z,date_only,2026-09-16T13:26:00Z,https://basspro.wd1.myworkdayjobs.com/careers/job/Springfield-MO-Bass-Pro-Shops-Base-Camp/IT-Developer-Intern-Summer-2027_R267441-1
CACI,Software Test Engineer Intern - Summer 2027,Summer 2027,False,,Internship,,Software,"Colorado Springs, CO, US",citizens-only,3,,Python; Linux; Git,2026-09-16T00:00:00Z,date_only,2026-09-18T14:23:29Z,https://caci.wd1.myworkdayjobs.com/external/job/Colorado-Springs-CO-US/Software-Test-Engineer-Intern---Summer-2027_332003
Cisco,Security Engineer I (Intern) - United States,Not stated,True,,Internship,,Security,"RTP, North Carolina, US",citizens-only,3396,,Python; Java; C++; AWS; GCP; Azure; Linux,2026-09-16T00:00:00Z,date_only,2026-09-16T22:04:19Z,https://cisco.wd5.myworkdayjobs.com/cisco_careers/job/RTP-North-Carolina-US/Security-Engineer-I--Intern----United-States_2025885
Cisco,Software Engineer I (Intern) - United States,Not stated,True,,Internship,,Software,"RTP, North Carolina, US",citizens-only,3396,,Python; Java; C++; AWS; GCP; Azure; Linux,2026-09-16T00:00:00Z,date_only,2026-09-16T22:04:19Z,https://cisco.wd5.myworkdayjobs.com/cisco_careers/job/RTP-North-Carolina-US/Software-Engineer-I--Intern----United-States_2025890
Zurn Elkay Water Solutions,Product Management Intern - Summer 2027,Summer 2027,False,,Internship,,Software,"Erie, PA",unknown,,,,2026-09-16T00:00:00Z,date_only,2026-09-16T22:04:19Z,https://elkay.wd1.myworkdayjobs.com/Elkay_External/job/Erie-PA/Product-Management-Intern---Summer-2027_REQ-020103-1
Gordon Food Service,Cloud DevOps Internship,Not stated,True,,Internship,,Software,"Atlanta, Georgia",unknown,21,,Python; GCP; Kubernetes; Docker,2026-09-16T00:00:00Z,date_only,2026-09-16T18:12:11Z,https://gfs.wd5.myworkdayjobs.com/usjobs-gen-gfs/job/Atlanta-Georgia/Cloud-DevOps-Internship_R-57259
Gordon Food Service,Data Science Engineer Internship,Not stated,True,,Internship,,Data & ML/AI,"Atlanta, Georgia",unknown,21,,,2026-09-16T00:00:00Z,date_only,2026-09-16T18:12:11Z,https://gfs.wd5.myworkdayjobs.com/usjobs-gen-gfs/job/Atlanta-Georgia/Data-Science-Engineer-Internship_R-57243-1
Gordon Food Service,IT Infrastructure Project Support Internship,Not stated,True,,Internship,,Software,"Atlanta, Georgia",unknown,21,,,2026-09-16T00:00:00Z,date_only,2026-09-16T18:12:11Z,https://gfs.wd5.myworkdayjobs.com/usjobs-gen-gfs/job/Atlanta-Georgia/IT-Infrastructure-Project-Support-Internship_R-56286
RTX,Software Engineering Intern (Summer 2027),Summer 2027,False,,Internship,,Software,US-IA-CEDAR RAPIDS-105 ~ 400 Collins Rd NE ~ BLDG 105,citizens-only,,,Python; Java; C++,2026-09-16T00:00:00Z,date_only,2026-09-16T18:12:11Z,https://globalhr.wd5.myworkdayjobs.com/rec_rtx_ext_gateway/job/US-IA-CEDAR-RAPIDS-105--400-Collins-Rd-NE--BLDG-105/Software-Engineering-Intern--Summer-2027-_01873099
Graco,Software Engineer Intern,Not stated,True,,Internship,,Software,"Dayton, Minnesota, USA (French Lake)",no-sponsorship,,,TypeScript; JavaScript; AWS; Git,2026-09-16T00:00:00Z,date_only,2026-09-16T22:04:19Z,https://graco.wd501.myworkdayjobs.com/Graco_Careers/job/Dayton-Minnesota-USA-French-Lake/Software-Engineer-Intern_R0023556
Insulet Corporation,"Co-op, Embedded Software Test Engineering: January - June 2027 (Onsite)",Summer 2027,False,,Co-op,,Software,"Acton, Massachusetts",unknown,46,,,2026-09-16T00:00:00Z,date_only,2026-09-16T22:04:19Z,https://insulet.wd5.myworkdayjobs.com/insuletcareers/job/Acton-Massachusetts/Co-op--Embedded-Software-Test-Engineering--January---June-2027--Onsite-_REQ-2026-18012
Insulet Corporation,"Co-op, R&D Mechanical Engineering: January - June 2027 (Hybrid)",Summer 2027,False,,Co-op,,Hardware,"Acton, Massachusetts",unknown,46,,MATLAB,2026-09-16T00:00:00Z,date_only,2026-09-16T22:04:19Z,https://insulet.wd5.myworkdayjobs.com/insuletcareers/job/Acton-Massachusetts/Co-op--R-D-Mechanical-Engineering--January---June-2027--Hybrid-_REQ-2026-18007
Johnson & Johnson,Systems & Simulation Engineering Intern - Robotics R&D,Summer 2027,False,,Internship,,Hardware,"Santa Clara, California, United States of America",unknown,8,$32/hr,Python; C++; MATLAB,2026-09-16T00:00:00Z,date_only,2026-09-16T18:12:11Z,https://jj.wd5.myworkdayjobs.com/JJ/job/Santa-Clara-California-United-States-of-America/Systems---Simulation-Engineering-Intern---Robotics-R-D_R-100027
KBR,Image Processing Software Engineer Intern,Not stated,True,,Internship,,Software,"Sioux Falls, South Dakota",unknown,12,,Python; C++; AWS; Linux; PostgreSQL,2026-09-16T00:00:00Z,date_only,2026-09-16T22:04:19Z,https://kbr.wd5.myworkdayjobs.com/KBR_Careers/job/Sioux-Falls-South-Dakota/Image-Processing-Software-Engineer-Intern_R2130067
Live Oak Bank,Summer 2027 Intern: AI Enablement & Forward-Deployed Engineering,Summer 2027,False,,Internship,,Data & ML/AI,"Wilmington, NC",unknown,,$19.77–$32.12/hr,Git,2026-09-16T00:00:00Z,date_only,2026-09-16T07:36:57Z,https://liveoakbancshares.wd1.myworkdayjobs.com/Live_Oak/job/Wilmington-NC/Summer-2027-Intern--AI-Enablement---Forward-Deployed-Engineering_R-002624
Lonza,"Summer 2027 Manufacturing, Science & Technology Internship",Summer 2027,False,,Internship,,Hardware,"US - Portsmouth, NH",unknown,23,,,2026-09-16T00:00:00Z,date_only,2026-09-16T18:12:11Z,https://lonza.wd3.myworkdayjobs.com/lonza_careers/job/US---Portsmouth-NH/Summer-2026-Manufacturing--Science---Technology-Internship_R79570
Nasdaq,Software Developer/ Engineer Intern - 2027 Summer Internship,Summer 2027,False,,Internship,,Software,GA - Glenridge Point,unknown,16,,C#; SQL; Vue; .NET; AWS; Azure; Docker; Terraform,2026-09-16T00:00:00Z,date_only,2026-09-16T18:12:11Z,https://nasdaq.wd1.myworkdayjobs.com/Global_External_Site/job/GA---Glenridge-Point/Software-Developer--Engineer-Intern---2027-Summer-Internship_R0026972
Plastipak,Software Engineering Intern - Summer 2027,Summer 2027,False,,Internship,,Software,"Plastipak GBTC - Plymouth, MI",unknown,2,,,2026-09-16T00:00:00Z,date_only,2026-09-16T18:12:11Z,https://plastipak.wd1.myworkdayjobs.com/Plastipak/job/Plastipak-GBTC---Plymouth-MI/Software-Engineering-Intern---Summer-2027_REQ24512
Sensata,Mechanical Engineer Intern (Aerospace) - Summer 2027,Summer 2027,False,,Internship,,Hardware,"Thousand Oaks, CA",citizens-only,24,,,2026-09-16T00:00:00Z,date_only,2026-09-16T22:04:19Z,https://sensata.wd1.myworkdayjobs.com/Sensata-Careers/job/Thousand-Oaks-CA/Mechanical-Engineer-Intern--Aerospace----Summer-2027_IRC98482
Sensata,Mechanical Engineer Intern (Aerospace) - Summer 2027,Summer 2027,False,,Internship,,Hardware,"Vista, CA",citizens-only,24,,,2026-09-16T00:00:00Z,date_only,2026-09-16T22:04:19Z,https://sensata.wd1.myworkdayjobs.com/Sensata-Careers/job/Vista-CA/Mechanical-Engineer-Intern--Aerospace----Summer-2027_IRC98483
Sonoco,Manufacturing Internship,Not stated,True,,Internship,,Hardware,"Hartselle, AL, USA",unknown,4,,,2026-09-16T00:00:00Z,date_only,2026-09-16T13:26:00Z,https://sonoco.wd1.myworkdayjobs.com/CorporateCareers/job/Hartselle-AL-USA/Manufacturing-Internship_JR-159794
Sonoco,Mechanical Internship,Not stated,True,,Internship,,Hardware,"Hartselle, AL, USA",unknown,4,,,2026-09-16T00:00:00Z,date_only,2026-09-16T13:26:00Z,https://sonoco.wd1.myworkdayjobs.com/CorporateCareers/job/Hartselle-AL-USA/Mechanical-Internship_JR-159771
Sonoco,Manufacturing Internship,Not stated,True,,Internship,,Hardware,"Jefferson, TX, USA",unknown,4,,,2026-09-16T00:00:00Z,date_only,2026-09-16T13:26:00Z,https://sonoco.wd1.myworkdayjobs.com/CorporateCareers/job/Jefferson-TX-USA/Manufacturing-Internship_JR-159774
Terex,Manufacturing Engineer Intern,Not stated,True,,Internship,,Hardware,US-SD Watertown,unknown,,$22–$26/hr,,2026-09-16T00:00:00Z,date_only,2026-09-16T22:04:19Z,https://terex.wd1.myworkdayjobs.com/terexcareers/job/US-SD-Watertown/Manufacturing-Engineer-Intern_REQ-14323
Thermo Fisher Scientific,Manufacturing Engineering Co-op,Not stated,True,,Co-op,,Hardware,"Marietta, Ohio, USA",unknown,368,,,2026-09-16T00:00:00Z,date_only,2026-09-16T18:12:11Z,https://thermofisher.wd5.myworkdayjobs.com/ThermoFisherCareers/job/Marietta-Ohio-USA/Manufacturing-Engineering-Co-op_R-01366628
Valeo,Systems Engineering Co-Op (Software),Not stated,True,,Co-op,,Software,"Troy, MI",no-sponsorship,72,,Python; C++; Linux,2026-09-16T00:00:00Z,date_only,2026-09-16T22:04:19Z,https://valeo.wd3.myworkdayjobs.com/valeo_jobs/job/Troy-MI/Systems-Engineering-Co-Op--Software-_REQ2026071241
Vermeer,IT Data Engineer Intern,Not stated,True,,Internship,,Data & ML/AI,"Pella, Iowa, USA - Corporate Office",unknown,,,SQL,2026-09-16T00:00:00Z,date_only,2026-09-16T18:12:11Z,https://vermeer.wd5.myworkdayjobs.com/externalcareersite/job/Pella-Iowa-USA---Corporate-Office/IT-Data-Engineer-Intern_REQ-22171
Wellington Management,Portfolio Reference Data Analyst Co-op,Not stated,True,,Co-op,,Data & ML/AI,"Boston, MA, United States",unknown,112,$19–$35/hr,Python; SQL,2026-09-16T00:00:00Z,date_only,2026-09-16T22:04:19Z,https://wellington.wd5.myworkdayjobs.com/external/job/Boston-MA-United-States/Portfolio-Reference-Data-Analyst-Co-op_R94829
Wellington Management,"Trading Infrastructure Risk, Bond Forward Co Op",Not stated,True,,Co-op,,Quant,"Boston, MA, United States",unknown,112,$19–$35/hr,,2026-09-16T00:00:00Z,date_only,2026-09-16T22:04:19Z,https://wellington.wd5.myworkdayjobs.com/external/job/Boston-MA-United-States/Trading-Infrastructure-Risk--Bond-Forward-Co-Op_R94823-1
Wellington Management,"Trading Infrastructure and Risk, Alert Specialist Co Op",Not stated,True,,Co-op,,Quant,"Boston, MA, United States",unknown,112,$19–$35/hr,,2026-09-16T00:00:00Z,date_only,2026-09-16T22:04:19Z,https://wellington.wd5.myworkdayjobs.com/external/job/Boston-MA-United-States/Trading-Infrastructure-and-Risk--Alert-Specialist-Co-Op_R94819-1
Wellington Management,"Trading Infrastructure and Risk, Currency Forward Specialist Co Op",Not stated,True,,Co-op,,Quant,"Boston, MA, United States",unknown,112,$19–$35/hr,,2026-09-16T00:00:00Z,date_only,2026-09-16T22:04:19Z,https://wellington.wd5.myworkdayjobs.com/external/job/Boston-MA-United-States/Trading-Infrastructure-and-Risk--Currency-Forward-Specialist-Co-Op_R94821-1
Anduril,2027 Flight Software Engineer Intern,Summer 2027,False,,Internship,,Software,"Costa Mesa, California, United States",unknown,,,Python; MATLAB; Computer Vision,2026-09-15T15:20:09-04:00,exact,2026-09-16T01:21:18Z,https://boards.greenhouse.io/andurilindustries/jobs/5239083007?gh_jid=5239083007
Brevium,Software Engineer Intern,Not stated,True,,Internship,,Software,"American Fork, UT",unknown,,,C#; SQL,2026-09-15T18:12:39-04:00,exact,2026-09-16T01:21:18Z,https://job-boards.greenhouse.io/brevium/jobs/4713683006
Duolingo,"Software Engineer, Intern",Not stated,True,,Internship,,Software,"New York, NY; Pittsburgh, PA; Seattle, WA",unknown,22,,Python; Java; Swift; Kotlin,2026-09-15T12:00:00-04:00,exact,2026-09-15T18:57:35Z,https://careers.duolingo.com/jobs/8805925002?gh_jid=8805925002
Duolingo,"Software Engineer, Thrive Intern",Not stated,True,,Internship,,Software,"Pittsburgh, PA",unknown,22,,Python; Java; Swift; Kotlin,2026-09-15T12:00:00-04:00,exact,2026-09-15T18:57:35Z,https://careers.duolingo.com/jobs/8806114002?gh_jid=8806114002
Duolingo,"Software Engineer, Thrive Intern",Not stated,True,,Internship,,Software,"Pittsburgh, PA",unknown,22,,Python; Java; Swift; Kotlin,2026-09-15T12:00:00-04:00,exact,2026-09-16T18:12:11Z,https://job-boards.greenhouse.io/duolingounirecruitment/jobs/8806115002
Duolingo,"Software Engineer, Intern",Not stated,True,,Internship,,Software,"Pittsburgh, PA; New York, NY; Seattle, WA",unknown,22,,Python; Java; Swift; Kotlin,2026-09-15T12:00:00-04:00,exact,2026-09-16T18:12:11Z,https://job-boards.greenhouse.io/duolingounirecruitment/jobs/8806878002
Internrecruiting,Software Engineer Co-op,Not stated,True,,Co-op,,Software,"Boston, MA",unknown,,,Python; Java; C#; SQL,2026-09-15T15:04:29-04:00,exact,2026-09-17T16:46:15Z,https://job-boards.greenhouse.io/internrecruiting/jobs/8204511
National Information Solutions Cooperative (NISC),Intern - Software Development (AI Development),Not stated,True,,Internship,,Data & ML/AI,"Cedar Rapids, IA or Lake Saint Louis, MO",unknown,,,Python; Java; LLMs,2026-09-15T13:09:37-04:00,exact,2026-09-15T18:57:35Z,https://job-boards.greenhouse.io/nisc/jobs/8204086
SingleStore,Software Engineer Intern,Not stated,True,,Internship,,Software,United States,offers,16,,Go; TypeScript; JavaScript; SQL,2026-09-15T17:49:19-04:00,exact,2026-09-15T22:05:59Z,https://job-boards.greenhouse.io/singlestore/jobs/8205514
National Information Solutions Cooperative (NISC),Intern - Software Development (AI Development),Not stated,True,,Internship,,Data & ML/AI,"Cedar Rapids, IA",unknown,,,Python; Java; LLMs,2026-09-15T13:09:38-04:00,exact,2026-09-15T18:57:35Z,https://job-boards.greenhouse.io/testnisc/jobs/8204156
National Information Solutions Cooperative (NISC),Intern - Software Development (AI Development),Not stated,True,,Internship,,Data & ML/AI,"Lake Saint Louis, MO",unknown,,,Python; Java; LLMs,2026-09-15T13:09:40-04:00,exact,2026-09-15T18:57:35Z,https://job-boards.greenhouse.io/testnisc/jobs/8204161
Lightship RV,Manufacturing Engineering Intern/Co-Op,Not stated,True,,Internship / Co-op,,Hardware,"Broomfield, CO",unknown,,28–30 USD/hr,,2026-09-15T20:46:53Z,exact,2026-09-15T22:05:59Z,https://jobs.lever.co/lightship/27f49b68-6a5c-4a3a-a114-5487feb3add2
NOV,Software Engineering Intern,Summer 2027,False,,Internship,,Software,"Houston, TX, United States",unknown,,,Python; Java; C++; C#; JavaScript,2026-09-15,date_only,2026-09-15T18:57:35Z,https://egay.fa.us6.oraclecloud.com/hcmUI/CandidateExperience/en/sites/CX_4001/job/44449
Nokia,Embedded Software Development Coop,Not stated,True,,Co-op,,Software,United States,unknown,321,,C++; Linux,2026-09-15,date_only,2026-09-16T01:21:18Z,https://fa-evmr-saasfaprod1.fa.ocs.oraclecloud.com/hcmUI/CandidateExperience/en/sites/CX_1/job/40172
Emerson Electric,Software Engineering Intern - ADG System R&D,Not stated,True,,Internship,,Software,"Austin, TX, United States",unknown,8,,Linux,2026-09-15,date_only,2026-09-15T22:05:59Z,https://hdjq.fa.us2.oraclecloud.com/hcmUI/CandidateExperience/en/sites/CX_1/job/26008230
Emerson Electric,Software Engineering Intern,Not stated,True,,Internship,,Software,"Austin, TX, United States",no-sponsorship,8,,Python; C++; C#; Linux,2026-09-15,date_only,2026-09-16T01:21:18Z,https://hdjq.fa.us2.oraclecloud.com/hcmUI/CandidateExperience/en/sites/CX_1/job/26010928
AECOM,"Structural Engineering Intern - Hiring Event with AECOM - Boston, MA",Summer 2027,False,,Internship,,Hardware,"Rocky Hill, CT, United States",unknown,246,,,2026-09-15T01:25:18.573Z,exact,2026-09-15T04:28:47Z,https://jobs.smartrecruiters.com/AECOM2/744000149483177
Interco,Paid Internship -- Software Development -- React,Not stated,True,,Internship,,Software,"St. Louis, MO, United States",no-sponsorship,,$15/hr,JavaScript; React,2026-09-15T12:33:00.741Z,exact,2026-09-15T14:54:38Z,https://jobs.smartrecruiters.com/Interco/744000149591449
Talentpluto,Backend Engineering Intern,Not stated,True,,Internship,yes,Software,United States (Remote),unknown,,$35–$50/hr,Python; TypeScript; JavaScript,2026-09-15T00:00:00.000Z,date_only,2026-09-18T18:21:02Z,https://apply.workable.com/talentpluto/j/6A02556484/
Talentpluto,AI/ML Engineering Intern,Not stated,True,,Internship,yes,Data & ML/AI,United States (Remote),unknown,,$35–$50/hr,Python; TypeScript; JavaScript; LLMs,2026-09-15T00:00:00.000Z,date_only,2026-09-18T18:21:02Z,https://apply.workable.com/talentpluto/j/A0CFDD6FBD/
The Aerospace Corporation,2027 Aerospace Software Engineer Undergraduate Intern,Summer 2027,False,,Internship,,Hardware,"El Segundo, CA",citizens-only,3,,Python; Java; C++,2026-09-15T00:00:00Z,date_only,2026-09-16T07:36:57Z,https://aero.wd5.myworkdayjobs.com/external/job/El-Segundo-CA/XMLNAME-2027-Aerospace-Software-Engineer-Undergraduate-Intern_R016605
AspenTech,"Data Science Intern - Summer 2027 - Bedford, MA",Summer 2027,False,,Internship,,Data & ML/AI,"Bedford, Massachusetts",unknown,6,,Python; C++; C#; LLMs,2026-09-15T00:00:00Z,date_only,2026-09-15T18:57:35Z,https://aspentech.wd5.myworkdayjobs.com/aspentech/job/Bedford-Massachusetts/Data-Science-Intern---Summer-2027---Bedford--MA_R9459
Baxter International,Associate Data Scientist Co-op,Not stated,True,,Co-op,,Data & ML/AI,"Skaneateles, NY",unknown,,,Python; Java; C#; LLMs; Azure; Kubernetes; Docker,2026-09-15T00:00:00Z,date_only,2026-09-15T18:57:35Z,https://baxter.wd1.myworkdayjobs.com/baxter/job/Skaneateles-NY/Associate-Software-Engineer-Co-op_JR-207560-1
BorgWarner,Mechanical Engineering Co-op – Engine Solenoids,Not stated,True,,Co-op,,Hardware,Auburn Hills - Michigan - USA,offers,4,,,2026-09-15T00:00:00Z,date_only,2026-09-15T14:54:38Z,https://borgwarner.wd5.myworkdayjobs.com/BorgWarner_Careers/job/Auburn-Hills---Michigan---USA/Mechanical-Engineering-Co-op---Engine-Solenoids_R2026-3583
Bracco,Firmware Engineering Co-op,Summer 2027,False,,Co-op,,Hardware,"USA, Eden Prairie, Minnesota, 55344",unknown,,$23–$25/hr,Python; C++,2026-09-15T00:00:00Z,date_only,2026-09-15T18:57:35Z,https://bracco.wd103.myworkdayjobs.com/braccocareers/job/USA-Eden-Prairie-Minnesota-55344/Firmware-Engineering-Co-op_JR100324
Brunswick,Mercury Marine: Industrial Engineer Intern,Summer 2027,False,,Internship,,Hardware,"Brownsburg, IN",unknown,54,$18–$27.5/hr,,2026-09-15T00:00:00Z,date_only,2026-09-15T14:54:38Z,https://brunswick.wd1.myworkdayjobs.com/search/job/Brownsburg-IN/Mercury-Marine--Industrial-Engineer-Intern_JR-051584
CAI,Cybersecurity Analyst Intern,Summer 2027,False,,Internship,,Security,California,unknown,,,Python; AWS; Azure; Linux,2026-09-15T00:00:00Z,date_only,2026-09-15T10:02:38Z,https://cai.wd5.myworkdayjobs.com/computer_aid/job/California/Cybersecurity-Analyst-Intern_R8488
DigiKey,Industrial Engineering Intern,Not stated,True,,Internship,,Hardware,"Thief River Falls, MN",no-sponsorship,,,,2026-09-15T00:00:00Z,date_only,2026-09-15T14:54:38Z,https://digikey.wd5.myworkdayjobs.com/digi-key/job/Thief-River-Falls-MN/Industrial-Engineering-Intern_R5775
Ensign-Bickford Aerospace & Defense Company,Electronics Manufacturing Engineer Intern,Not stated,True,,Internship,,Hardware,"Simsbury, CT",unknown,,,,2026-09-15T00:00:00Z,date_only,2026-09-15T18:57:35Z,https://ebi.wd5.myworkdayjobs.com/ebadcareers/job/Simsbury-CT/Electronics-Manufacturing-Engineer-Intern_REQ107696-1
Hitachi Energy,Intern - Onboard Software Developer,Not stated,True,,Internship,,Software,"Pittsburgh, Pennsylvania, United States",unknown,66,,,2026-09-15T00:00:00Z,date_only,2026-09-15T22:05:59Z,https://hitachi.wd1.myworkdayjobs.com/hitachi/job/Pittsburgh-Pennsylvania-United-States/Intern---Onboard-Software-Developer_R0145042
Johnson & Johnson,Clinical Engineering & Human Factors Intern - Robotics R&D,Summer 2027,False,,Internship,,Hardware,"Santa Clara, California, United States of America",no-sponsorship,8,$32/hr,,2026-09-15T00:00:00Z,date_only,2026-09-15T22:05:59Z,https://jj.wd5.myworkdayjobs.com/JJ/job/Santa-Clara-California-United-States-of-America/Clinical-Engineering---Human-Factors-Intern---Robotics-R-D_R-099931
Johnson & Johnson,Mechatronics & Systems Integration Intern - R&D,Summer 2027,False,,Internship,,Hardware,"Santa Clara, California, United States of America",unknown,8,$32/hr,Python; C++,2026-09-15T00:00:00Z,date_only,2026-09-15T18:57:35Z,https://jj.wd5.myworkdayjobs.com/JJ/job/Santa-Clara-California-United-States-of-America/Mechatronics---Systems-Integration-Intern---R-D_R-099833
Johnson & Johnson,Software Engineering Intern - Robotics R&D,Summer 2027,False,,Internship,,Hardware,"Santa Clara, California, United States of America",no-sponsorship,8,$32/hr,Python; C++; Computer Vision; Git,2026-09-15T00:00:00Z,date_only,2026-09-15T22:05:59Z,https://jj.wd5.myworkdayjobs.com/JJ/job/Santa-Clara-California-United-States-of-America/Software-Engineering-Intern---Robotics-R-D_R-099919
Micron Technology,Intern - AI Hardware and Memory Systems,Not stated,True,,Internship,,Data & ML/AI,"Folsom, CA",unknown,489,,Python; C++; PyTorch; TensorFlow; LLMs; CUDA,2026-09-15T00:00:00Z,date_only,2026-09-15T18:57:35Z,https://micron.wd1.myworkdayjobs.com/External/job/Folsom-CA/Intern---AI-Hardware-and-Memory-Systems_JR111017
Micron Technology,Intern - Data Center SSD Firmware,Not stated,True,,Internship,,Data & ML/AI,"Longmont-MAX- Office, CO",unknown,489,,Python; C++; LLMs; Git,2026-09-15T00:00:00Z,date_only,2026-09-15T18:57:35Z,https://micron.wd1.myworkdayjobs.com/External/job/Longmont-MAX--Office-CO/Intern---Data-Center-SSD-Firmware_JR111461
Micron Technology,Intern - Firmware Engineer,Not stated,True,,Internship,,Hardware,"Longmont-MAX- Office, CO",unknown,489,,Python; C++; LLMs; Git,2026-09-15T00:00:00Z,date_only,2026-09-15T18:57:35Z,https://micron.wd1.myworkdayjobs.com/External/job/Longmont-MAX--Office-CO/Intern---Firmware-Engineer_JR111584
Moog,"Intern, Mechanical Engineering",Fall 2026,False,,Internship,,Hardware,"Torrance, CA",unknown,2,,,2026-09-15T00:00:00Z,date_only,2026-09-15T18:57:35Z,https://moog.wd5.myworkdayjobs.com/moog_external_career_site/job/Torrance-CA/Intern--Mechanical-Engineering_R-26-19918-1
PerkinElmer,"Data Science Intern, Asset Intelligence",Not stated,True,,Internship,yes,Data & ML/AI,US Remote - NY,unknown,4,,Python; SQL; Pandas,2026-09-15T00:00:00Z,date_only,2026-09-15T22:05:59Z,https://newperkinelmer.wd1.myworkdayjobs.com/External/job/US-Remote---NY/Data-Science-Intern--Asset-Intelligence_REQ-058421
Northrop Grumman,2027 Cyber Software Engineer Intern - Cincinnati OH,Summer 2027,False,,Internship,,Security,United States-Ohio-Cincinnati,citizens-only,,$19.5–$35.5/hr,Git,2026-09-15T00:00:00Z,date_only,2026-09-15T18:57:35Z,https://ngc.wd1.myworkdayjobs.com/Northrop_Grumman_External_Site/job/United-States-Ohio-Cincinnati/XMLNAME-2027-Cyber-Software-Engineer-Intern---Cincinnati-OH_R10249186
Northrop Grumman,2027 Industrial Engineering  Intern - Roy UT,Summer 2027,False,,Internship,,Hardware,United States-Utah-Ogden,citizens-only,,$23–$29/hr,,2026-09-15T00:00:00Z,date_only,2026-09-15T18:57:35Z,https://ngc.wd1.myworkdayjobs.com/Northrop_Grumman_External_Site/job/United-States-Utah-Ogden/XMLNAME-2027-Industrial-Engineering--Intern---Roy-UT_R10250883
Northrop Grumman,2027 Cyber Systems Engineer Intern - Roy UT,Summer 2027,False,,Internship,,Security,United States-Utah-Roy,citizens-only,,$18.5–$33.5/hr,Python; Java; C++; C#; MATLAB; Linux,2026-09-15T00:00:00Z,date_only,2026-09-15T14:54:38Z,https://ngc.wd1.myworkdayjobs.com/Northrop_Grumman_External_Site/job/United-States-Utah-Roy/XMLNAME-2027-Cyber-Systems-Engineer-Intern---Roy-UT_R10249471
Philips,"Co-op - Mechanical Engineering Technician - Latham, NY - January-June 2027",Summer 2027,False,,Co-op,,Hardware,"Latham, New York, United States",unknown,,,,2026-09-15T00:00:00Z,date_only,2026-09-16T01:21:18Z,https://philips.wd3.myworkdayjobs.com/jobs-and-careers/job/Latham-New-York-United-States/Co-op---Mechanical-Engineering-Technician---Latham--NY---January-June-2027_590339
Philips,"Intern- AI Business Operations-Nashville, TN-Summer 2027",Summer 2027,False,,Internship,,Data & ML/AI,"Nashville, Tennessee, United States",unknown,,,Python,2026-09-15T00:00:00Z,date_only,2026-09-15T22:05:59Z,https://philips.wd3.myworkdayjobs.com/jobs-and-careers/job/Nashville-Tennessee-United-States/Intern--AI-Business-Operations-Nashville--TN-Summer-2027_590986
Q2,2027 Summer Internship - Data Science,Summer 2027,False,,Internship,,Data & ML/AI,"Austin, Texas",no-sponsorship,,,Python; SQL; Git,2026-09-15T00:00:00Z,date_only,2026-09-15T18:57:35Z,https://q2ebanking.wd5.myworkdayjobs.com/Q2/job/Austin-Texas/XMLNAME-2027-Summer-Internship---Data-Science_REQ-12796
Q2,2027 Summer Internship - Machine Learning Engineer,Summer 2027,False,,Internship,,Data & ML/AI,"Austin, Texas",no-sponsorship,,,Python; Java; PyTorch; TensorFlow; scikit-learn,2026-09-15T00:00:00Z,date_only,2026-09-15T18:57:35Z,https://q2ebanking.wd5.myworkdayjobs.com/Q2/job/Austin-Texas/XMLNAME-2027-Summer-Internship---Machine-Learning-Engineer_REQ-12797
Q2,2027 Summer Internship - Software Engineer,Summer 2027,False,,Internship,,Software,"Austin, Texas",no-sponsorship,,,Python; C#; JavaScript; SQL; Tableau,2026-09-15T00:00:00Z,date_only,2026-09-15T18:57:35Z,https://q2ebanking.wd5.myworkdayjobs.com/Q2/job/Austin-Texas/XMLNAME-2027-Summer-Internship---Software-Engineer_REQ-12794
SS&C,RS Operational AI Analyst Intern,Not stated,True,,Internship,,Data & ML/AI,Braintree MA - 30 Braintree Hill Park,unknown,53,$30/hr,,2026-09-15T00:00:00Z,date_only,2026-09-15T18:57:35Z,https://ssctech.wd1.myworkdayjobs.com/ssctechnologies/job/Braintree-MA---30-Braintree-Hill-Park/RS-Operational-AI-Analyst-Intern_R45766
Woodward Governor,"Engineering Co-op - Manufacturing Engineering | Zeeland, MI (Summer 2027)",Summer 2027,False,,Co-op,,Hardware,"Zeeland, MI, US",unknown,,,,2026-09-15T00:00:00Z,date_only,2026-09-15T14:54:38Z,https://woodward.wd5.myworkdayjobs.com/woodward/job/Zeeland-MI-US/Engineering-Co-op---Manufacturing-Engineering---Zeeland--MI--Summer-2027-_JR112088
Base Power,Software Engineering Intern,Not stated,True,,Internship,,Software,"Austin, TX",unknown,,,TypeScript; React,2026-09-14T16:00:11.257+00:00,exact,2026-09-14T17:01:10Z,https://jobs.ashbyhq.com/base-power/5353ea33-57d4-46fa-9a96-e392a3f841bc
Base Power,Firmware Engineering Intern,Not stated,True,,Internship,,Hardware,"Austin, TX",unknown,,,C++; Linux,2026-09-14T16:24:20.021+00:00,exact,2026-09-14T17:01:10Z,https://jobs.ashbyhq.com/base-power/a8ee9a66-e90b-42c2-a4a2-28d997c3e8c7
Base Power,Quantitative Developer Intern,Not stated,True,,Internship,,Quant,"Austin, TX",unknown,,,Python; SQL,2026-09-14T17:28:27.165+00:00,exact,2026-09-14T20:57:28Z,https://jobs.ashbyhq.com/base-power/b6b2332e-1226-4575-b2c9-9e5258f2540e
AI Intern to the CEO,Software Engineering Intern - SWE/ML (Summer 2027),Summer 2027,False,,Internship,,Data & ML/AI,"Boston, Massachusetts",unknown,,$20 – $35 per hour,Python; SQL; PyTorch; Computer Vision; React; AWS; GCP; Kubernetes,2026-09-14T16:14:44.979+00:00,exact,2026-09-14T17:01:10Z,https://jobs.ashbyhq.com/cyvl/8bfc4116-b0bb-47f8-bca1-7069a37db328
Anduril,2027 Manufacturing Optimization Engineer Intern,Summer 2027,False,,Internship,,Hardware,"Ashville, Ohio, United States",unknown,,,Computer Vision,2026-09-14T15:30:12-04:00,exact,2026-09-14T20:57:28Z,https://boards.greenhouse.io/andurilindustries/jobs/5236893007?gh_jid=5236893007
DoorDash,"Software Engineer, Intern (Summer 2027) - US",Summer 2027,False,,Internship,,Software,"New York, NY; San Francisco, CA; Sunnyvale, CA; Los Angeles, CA; Seattle, WA",unknown,685,,Python; Java; SQL; Kotlin; AWS,2026-09-14T18:51:00-04:00,exact,2026-09-14T23:53:39Z,https://job-boards.greenhouse.io/doordashusa/jobs/8171041
Figma,Software Engineer Intern (Summer 2027),Summer 2027,False,,Internship,,Software,"San Francisco, CA • New York, NY",unknown,39,,Python; Java; C++; JavaScript,2026-09-14T13:36:20-04:00,exact,2026-09-14T20:57:28Z,https://boards.greenhouse.io/figma/jobs/6143238004?gh_jid=6143238004
Figma,Data Science Intern (2027),Summer 2027,False,,Internship,,Data & ML/AI,"San Francisco, CA • New York, NY",unknown,39,,Python; SQL,2026-09-14T13:36:27-04:00,exact,2026-09-14T20:57:28Z,https://boards.greenhouse.io/figma/jobs/6178857004?gh_jid=6178857004
Flagship Pioneering,Flagship Pioneering: AI Automation Engineering Co-Op,Not stated,True,,Co-op,,Data & ML/AI,"Cambridge, MA USA",unknown,6,$25–$35/hr,Python; JavaScript; AWS; GCP; Azure; Git,2026-09-14T09:43:09-04:00,exact,2026-09-14T17:01:10Z,https://job-boards.greenhouse.io/fspco-op012325/jobs/8796996002
Lexington Medical,Mechanical Engineering Co-Op,Not stated,True,,Co-op,,Hardware,"Bedford, MA",unknown,3,,,2026-09-14T08:53:34-04:00,exact,2026-09-14T17:01:10Z,https://job-boards.greenhouse.io/lexingtonmedical/jobs/5423105008
Robinhood,"Software Engineering Intern, Backend (Summer 2027)",Summer 2027,False,,Internship,,Software,"Bellevue, WA; Menlo Park, CA; New York, NY",unknown,310,,Python; Django; AWS; Kubernetes; Kafka; PostgreSQL; Redis,2026-09-14T08:00:08-04:00,exact,2026-09-14T17:01:10Z,https://boards.greenhouse.io/robinhood/jobs/8123225?t=gh_src=&gh_jid=8123225
Robinhood,"Software Engineering Intern, iOS (Summer 2027)",Summer 2027,False,,Internship,,Software,"Menlo Park, CA; New York, NY",unknown,310,,Swift,2026-09-14T08:00:09-04:00,exact,2026-09-14T17:01:10Z,https://boards.greenhouse.io/robinhood/jobs/8142959?t=gh_src=&gh_jid=8142959
Robinhood,"Software Engineering Intern, Android (Summer 2027)",Summer 2027,False,,Internship,,Software,"Menlo Park, CA; New York, NY",unknown,310,,Kotlin,2026-09-14T08:00:09-04:00,exact,2026-09-14T17:01:10Z,https://boards.greenhouse.io/robinhood/jobs/8142961?t=gh_src=&gh_jid=8142961
Robinhood,"Software Engineering Intern, Web (Summer 2027)",Summer 2027,False,,Internship,,Software,"Menlo Park, CA; New York, NY",unknown,310,,Python; TypeScript; JavaScript; React; Django,2026-09-14T08:00:08-04:00,exact,2026-09-14T17:01:10Z,https://boards.greenhouse.io/robinhood/jobs/8142963?t=gh_src=&gh_jid=8142963
SingleStore,Software Engineer Intern,Not stated,True,,Internship,,Software,United States,offers,16,,Go; TypeScript; JavaScript; SQL,2026-09-14T14:21:07-04:00,exact,2026-09-14T20:57:28Z,https://job-boards.greenhouse.io/singlestore/jobs/8154399
Waymo,"2027 Summer Intern, BS/MS, Software Engineer",Summer 2027,False,,Internship,,Software,"San Francisco, California",unknown,284,,C++,2026-09-14T12:08:24-04:00,exact,2026-09-14T17:01:10Z,https://careers.withwaymo.com/jobs?gh_jid=8193731
Waymo,"2027 Summer Intern, BS/MS, Software Engineering, Commercialization",Summer 2027,False,,Internship,,Software,"Mountain View, California, United States; San Francisco, California, United States",unknown,284,,C++,2026-09-14T17:19:15-04:00,exact,2026-09-14T23:53:39Z,https://careers.withwaymo.com/jobs?gh_jid=8198218
Workshop,Software Engineer Intern (Summer 2027),Summer 2027,False,,Internship,,Software,"Omaha, Nebraska, United States",unknown,4,,,2026-09-14T15:01:54-04:00,exact,2026-09-15T14:54:38Z,https://job-boards.greenhouse.io/workshop/jobs/5237900007
Acron Aviation,Software Engineer Intern - Phoenix Site,Not stated,True,,Internship,,Software,"Phoenix, AZ",unknown,,,Python; C++; C#; SQL; Linux,2026-09-14T00:53:12Z,exact,2026-09-14T04:55:07Z,https://jobs.lever.co/acronaviation/34cf5ad0-840a-4c1b-8231-02a433d0479e
Schroders,2027 Schroders Capital Internship Program - Infrastructure,Summer 2027,False,,Internship,,Software,"NEW YORK, NY, United States",unknown,,,,2026-09-14,date_only,2026-09-14T20:57:28Z,https://ekbq.fa.em2.oraclecloud.com/hcmUI/CandidateExperience/en/sites/CX_2/job/2061
Emerson Electric,Software Engineering Co-Op (Jan-Aug 2027),Summer 2027,False,,Co-op,,Software,"Eden Prairie, MN, United States",unknown,8,,C#,2026-09-14,date_only,2026-09-14T17:01:10Z,https://hdjq.fa.us2.oraclecloud.com/hcmUI/CandidateExperience/en/sites/CX_1/job/26010048
Emerson Electric,Mechanical Engineering Co-Op,Not stated,True,,Co-op,,Hardware,"Eden Prairie, MN, United States",unknown,8,,MATLAB,2026-09-14,date_only,2026-09-14T17:01:10Z,https://hdjq.fa.us2.oraclecloud.com/hcmUI/CandidateExperience/en/sites/CX_1/job/26010051
RESPEC,Student Structural BIM Technician Intern (Rapid City),Not stated,True,,Internship,,Hardware,"Rapid City, SD, United States",unknown,,,,2026-09-14T19:33:23.332Z,exact,2026-09-14T20:57:28Z,https://jobs.smartrecruiters.com/RESPECInc/744000149419399
RESPEC,"Student Structural BIM Technician Intern (Denver, Loveland, & Sioux Falls)",Not stated,True,,Internship,,Hardware,"Denver, CO, United States",unknown,,,,2026-09-14T19:44:09.587Z,exact,2026-09-14T20:57:28Z,https://jobs.smartrecruiters.com/RESPECInc/744000149420667
RESPEC,Student Engineering Intern (Structural),Not stated,True,,Internship,,Hardware,"Rapid City, SD, United States",unknown,,,,2026-09-14T20:26:52.343Z,exact,2026-09-14T20:57:28Z,https://jobs.smartrecruiters.com/RESPECInc/744000149427190
RESPEC,Student Engineering Intern (Structural),Not stated,True,,Internship,,Hardware,"Brookings, SD, United States",unknown,,,,2026-09-14T20:34:32.808Z,exact,2026-09-14T20:57:28Z,https://jobs.smartrecruiters.com/RESPECInc/744000149430049
RESPEC,Student Engineering Intern (Structural),Not stated,True,,Internship,,Hardware,"Sioux Falls, SD, United States",unknown,,,,2026-09-14T21:48:40.534Z,exact,2026-09-14T23:53:39Z,https://jobs.smartrecruiters.com/RESPECInc/744000149447560
Allegion,Summer Intern - Manufacturing Engineering,Not stated,True,,Internship,,Hardware,"Mount Comfort, IN",unknown,,,Python,2026-09-14T00:00:00Z,date_only,2026-09-14T17:01:10Z,https://allegion.wd5.myworkdayjobs.com/careers/job/Mount-Comfort-IN/Summer-Intern---Manufacturing-Engineering_JR37650-1
Allegion,Summer Intern - Mechanical Engineer,Not stated,True,,Internship,,Hardware,"Mount Comfort, IN",unknown,,,,2026-09-14T00:00:00Z,date_only,2026-09-14T17:01:10Z,https://allegion.wd5.myworkdayjobs.com/careers/job/Mount-Comfort-IN/Summer-Intern---Mechanical-Engineer_JR37495-1
Amgen,"Grad Intern – Digital Product – Technology, AI & Data (Summer 2027)",Summer 2027,False,,Internship,yes,Data & ML/AI,United States - Remote,unknown,768,$35.34–$41.2/hr,Python; Java; SQL; Scala,2026-09-14T00:00:00Z,date_only,2026-09-14T17:01:10Z,https://amgen.wd1.myworkdayjobs.com/careers/job/United-States---Remote/Grad-Intern---Digital-Product---Amgen-s-Technology---Medical-Organizations--Summer-2027-_R-255744
Amgen,"Undergrad Intern – Digital Product – Technology, AI & Data (Summer 2027)",Summer 2027,False,,Internship,yes,Data & ML/AI,United States - Remote,unknown,768,$28.87/hr,Python; Java; SQL; Scala,2026-09-14T00:00:00Z,date_only,2026-09-14T17:01:10Z,https://amgen.wd1.myworkdayjobs.com/careers/job/United-States---Remote/Undergrad-Intern---Digital-Product---Amgen-s-Technology---Medical-Organizations--Summer-2027-_R-255711
Brevan Howard,"2027 Summer Internship Program – AI & Quantitative Analyst, New York",Summer 2027,False,,Internship,,Quant,New York,unknown,17,,Python; LLMs,2026-09-14T00:00:00Z,date_only,2026-09-14T20:57:28Z,https://wd3.myworkdaysite.com/recruiting/brevanhoward/BH_ExternalCareers/job/New-York/XMLNAME-2027-Summer-Internship-Program---AI---Quantitative-Analyst--New-York_JR101602
CoStar Group,"Security Engineer Intern - Arlington, VA",Summer 2027,False,,Internship,,Security,US-VA Arlington,no-sponsorship,,,Python; Linux,2026-09-14T00:00:00Z,date_only,2026-09-14T17:01:10Z,https://costar.wd1.myworkdayjobs.com/Costar_Campus/job/US-VA-Arlington/Security-Engineer-Intern---Arlington--VA_R39727
CoStar Group,"Security Engineer Intern - Richmond, VA",Summer 2027,False,,Internship,,Security,US-VA Richmond,no-sponsorship,,,Python; Linux,2026-09-14T00:00:00Z,date_only,2026-09-14T17:01:10Z,https://costar.wd1.myworkdayjobs.com/Costar_Campus/job/US-VA-Richmond/Security-Engineer-Intern---Richmond--VA_R39726
The Walt Disney Company,"Disneyland Resort Industrial Engineering Intern, Summer 2027",Summer 2027,False,,Internship,,Hardware,"Anaheim, CA, USA",unknown,2,$32/hr,,2026-09-14T00:00:00Z,date_only,2026-09-14T10:36:21Z,https://disney.wd5.myworkdayjobs.com/disneycareer/job/Anaheim-CA-USA/Disneyland-Resort-Industrial-Engineering-Intern--Summer-2027_10159978-1
The Walt Disney Company,"Walt Disney World Industrial Engineering Intern, Summer/Fall 2027",Summer 2027,False,,Internship,,Hardware,"Lake Buena Vista, FL, USA",unknown,2,$32/hr,,2026-09-14T00:00:00Z,date_only,2026-09-14T10:36:21Z,https://disney.wd5.myworkdayjobs.com/disneycareer/job/Lake-Buena-Vista-FL-USA/Walt-Disney-World-Industrial-Engineering-Intern--Summer-Fall-2027_10159994-1
Zurn Elkay Water Solutions,Industrial Engineering Intern (Summer 2027),Summer 2027,False,,Internship,,Hardware,"Freeport, IL",unknown,,$19.5–$21.5/hr,,2026-09-14T00:00:00Z,date_only,2026-09-14T23:53:39Z,https://elkay.wd1.myworkdayjobs.com/Elkay_External/job/Freeport-IL/Industrial-Engineering-Intern--Summer-2027-_REQ-020073
Zurn Elkay Water Solutions,Industrial Engineering Intern (Summer 2027),Summer 2027,False,,Internship,,Hardware,"Lanark, IL",unknown,,$19.5–$21.5/hr,,2026-09-14T00:00:00Z,date_only,2026-09-14T23:53:39Z,https://elkay.wd1.myworkdayjobs.com/Elkay_External/job/Lanark-IL/Industrial-Engineering-Intern--Summer-2027-_REQ-020075
Zurn Elkay Water Solutions,Manufacturing Engineering Intern (Summer 2027),Summer 2027,False,,Internship,,Hardware,"Lanark, IL",unknown,,$19.5–$21.5/hr,,2026-09-14T00:00:00Z,date_only,2026-09-14T23:53:39Z,https://elkay.wd1.myworkdayjobs.com/Elkay_External/job/Lanark-IL/Manufacturing-Engineering-Intern--Summer-2027-_REQ-020074
RTX,Mechanical Design – Hot Section Engineering Intern (Summer 2027) (Onsite),Summer 2027,False,,Internship,,Hardware,"US-OK-OKLAHOMA CITY-8120SC ~ 8120 S Air Depot Blvd ~ SUSTAINMENT CTR, Dock 18",citizens-only,,,,2026-09-14T00:00:00Z,date_only,2026-09-14T17:01:10Z,https://globalhr.wd5.myworkdayjobs.com/rec_rtx_ext_gateway/job/US-OK-OKLAHOMA-CITY-8120SC--8120-S-Air-Depot-Blvd--SUSTAINMENT-CTR-Dock-18/Mechanical-Design---Hot-Section-Engineering-Intern--Summer-2027---Onsite-_01871721
Johnson & Johnson,Electrical Engineering Intern - Robotics R&D,Summer 2027,False,,Internship,,Hardware,"Santa Clara, California, United States of America",no-sponsorship,8,$32/hr,Python; MATLAB,2026-09-14T00:00:00Z,date_only,2026-09-14T23:53:39Z,https://jj.wd5.myworkdayjobs.com/JJ/job/Santa-Clara-California-United-States-of-America/Electrical-Engineering-Intern---Robotics-R-D_R-099626-1
Johnson & Johnson,Mechanical Engineering Intern - Robotics R&D,Summer 2027,False,,Internship,,Hardware,"Santa Clara, California, United States of America",no-sponsorship,8,$32/hr,,2026-09-14T00:00:00Z,date_only,2026-09-14T23:53:39Z,https://jj.wd5.myworkdayjobs.com/JJ/job/Santa-Clara-California-United-States-of-America/Mechanical-Engineering-Intern---Robotics-R-D_R-099647-1
Johnson & Johnson,Robotics Controls & Autonomy Intern - Robotics R&D,Summer 2027,False,,Internship,,Hardware,"Santa Clara, California, United States of America",no-sponsorship,8,$32/hr,Python; C++; Computer Vision,2026-09-14T00:00:00Z,date_only,2026-09-14T23:53:39Z,https://jj.wd5.myworkdayjobs.com/JJ/job/Santa-Clara-California-United-States-of-America/RC---A---Robotics-R-D_R-099654-1
LabCorp,Intern - Mechanical Engineer,Not stated,True,,Internship,,Hardware,Bloomfield CT,no-sponsorship,,$23–$28/hr,,2026-09-14T00:00:00Z,date_only,2026-09-15T04:28:47Z,https://labcorp.wd1.myworkdayjobs.com/external/job/Bloomfield-CT/Intern---Mechanical-Engineer_2632739-1
LabCorp,Intern - Software Developer,Not stated,True,,Internship,,Software,Durham NC,no-sponsorship,,,,2026-09-14T00:00:00Z,date_only,2026-09-14T23:53:39Z,https://labcorp.wd1.myworkdayjobs.com/external/job/Durham-NC/Intern---Software-Developer_2632330
Micron Technology,Intern - IT Software Engineer,Not stated,True,,Internship,,Software,"Boise, ID - Main Site",unknown,489,,Python; C#; JavaScript; SQL; Tableau,2026-09-14T00:00:00Z,date_only,2026-09-14T17:01:10Z,https://micron.wd1.myworkdayjobs.com/External/job/Boise-ID---Main-Site/Intern---IT-Software-Engineer_JR111582
nVent,Manufacturing Engineering Co-op (January - June 2027),Summer 2027,False,,Co-op,,Hardware,"Anoka, MN, US",unknown,6,$25/hr,,2026-09-14T00:00:00Z,date_only,2026-09-14T17:01:10Z,https://nvent.wd5.myworkdayjobs.com/nVent/job/Anoka-MN-US/Manufacturing-Engineering-Co-op--January---June-2027-_R23576
nVent,Manufacturing Engineering Co-op (June - December 2027),Summer 2027,False,,Co-op,,Hardware,"Anoka, MN, US",unknown,6,$25/hr,,2026-09-14T00:00:00Z,date_only,2026-09-14T17:01:10Z,https://nvent.wd5.myworkdayjobs.com/nVent/job/Anoka-MN-US/Manufacturing-Engineering-Co-op--June---December-2027-_R23578
nVent,Mechanical Engineering and Design Co-op (January - August 2027),Summer 2027,False,,Co-op,,Hardware,"Anoka, MN, US",unknown,6,$25/hr,,2026-09-14T00:00:00Z,date_only,2026-09-14T17:01:10Z,https://nvent.wd5.myworkdayjobs.com/nVent/job/Anoka-MN-US/Mechanical-Engineering-and-Design-Co-op--January---August-2027-_R23572
nVent,Mechanical Engineering and Design Co-op (June - December 2027),Summer 2027,False,,Co-op,,Hardware,"Anoka, MN, US",unknown,6,$25/hr,,2026-09-14T00:00:00Z,date_only,2026-09-14T17:01:10Z,https://nvent.wd5.myworkdayjobs.com/nVent/job/Anoka-MN-US/Mechanical-Engineering-and-Design-Co-op--June---December-2027-_R23573
nVent,Mechanical Engineering Co-Op (Jan - Aug 2027),Summer 2027,False,,Co-op,,Hardware,"Solon, OH, US",unknown,6,,MATLAB,2026-09-14T00:00:00Z,date_only,2026-09-14T17:01:10Z,https://nvent.wd5.myworkdayjobs.com/nVent/job/Solon-OH-US/Mechanical-Engineering-Co-Op--Jan---Aug-2027-_R23577
Saab,Software Engineer Co-Op (Summer 2027),Summer 2027,False,,Co-op,,Software,"East Syracuse, NY (Collamer)",citizens-only,,$20.27–$22.3/hr,Java; C++; Linux,2026-09-14T00:00:00Z,date_only,2026-09-14T20:57:28Z,https://saabusa.wd1.myworkdayjobs.com/saab_careers/job/East-Syracuse-NY-Collamer/Software-Engineer-Co-Op--Summer-2027-_R-03264-1
AtkinsRéalis,Data Scientist Intern - Summer 2027,Summer 2027,False,,Internship,,Data & ML/AI,US.AZ.Tempe,unknown,,,Python; SQL,2026-09-14T00:00:00Z,date_only,2026-09-14T20:57:28Z,https://slihrms.wd3.myworkdayjobs.com/careers/job/USAZTempe/Data-Scientist-Intern---Summer-2027_R-161183-1
Tencent,Cyber Security Engineer Intern,Not stated,True,,Internship,,Security,US-California-Palo Alto,unknown,53,$27.12–$51.93/hr,Python; Java; C++; AWS; GCP; Azure; Kubernetes; Docker,2026-09-14T00:00:00Z,date_only,2026-09-14T20:57:28Z,https://tencent.wd1.myworkdayjobs.com/Tencent_Careers/job/US-California-Palo-Alto/Cyber-Security-Engineer-Intern_R108141-2
Tencent,Machine Learning Intern,Not stated,True,,Internship,,Data & ML/AI,US-California-Palo Alto,unknown,53,$28.27–$60/hr,Python; SQL; LLMs,2026-09-14T00:00:00Z,date_only,2026-09-15T10:02:38Z,https://tencent.wd1.myworkdayjobs.com/Tencent_Careers/job/US-California-Palo-Alto/Machine-Learning-Intern_R108140-1
Tihinsurance,Internship - Software Engineering,Not stated,True,,Internship,,Software,Dallas TX - 12377 Merit Dr.,unknown,,,Python; Java; C#; JavaScript,2026-09-14T00:00:00Z,date_only,2026-09-16T18:12:11Z,https://tihinsurance.wd1.myworkdayjobs.com/crc_careers/job/Dallas-TX---12377-Merit-Dr/Internship---Software-Engineering_R0000003172
Viavi Solutions,Software Engineering Co-Op,Not stated,True,,Co-op,,Software,"Germantown, MD USA",unknown,29,,C++; Linux,2026-09-14T00:00:00Z,date_only,2026-09-14T17:01:10Z,https://viavisolutions.wd1.myworkdayjobs.com/careers/job/Germantown-MD-USA/Software-Engineering-Co-Op_260005140-1
Wex,AI & Data Platform Engineering Intern (Undergraduate),Not stated,True,,Internship,yes,Data & ML/AI,US - Remote,unknown,22,,Python; Java; SQL; LLMs; AWS; GCP; Azure; Git,2026-09-14T00:00:00Z,date_only,2026-09-14T23:53:39Z,https://wexinc.wd5.myworkdayjobs.com/WEXInc/job/US---Remote/AI---Data-Platform-Engineering-Intern--Undergraduate-_R23055
Wex,"Backend Software Engineer Intern - C#, Cloud Security & AI (Undergraduate)",Not stated,True,,Internship,yes,Data & ML/AI,US - Remote,unknown,22,,Python; C#; AWS; Docker; Git,2026-09-14T00:00:00Z,date_only,2026-09-14T20:57:28Z,https://wexinc.wd5.myworkdayjobs.com/WEXInc/job/US---Remote/Backend-Software-Engineer-Intern---C---Cloud-Security---AI--Undergraduate-_R22589
Wex,Backend Software Engineer Intern - C#/Java & AI Workflows (Undergraduate),Not stated,True,,Internship,yes,Data & ML/AI,US - Remote,unknown,22,,Java; C#; SQL; Azure; Kafka,2026-09-14T00:00:00Z,date_only,2026-09-14T20:57:28Z,https://wexinc.wd5.myworkdayjobs.com/WEXInc/job/US---Remote/Backend-Software-Engineer-Intern---C--Java---AI-Workflows--Undergraduate-_R22586
Wex,Backend Software Engineer Intern - Java & AI (Master’s),Not stated,True,,Internship,yes,Data & ML/AI,US - Remote,unknown,22,,Java; Spring; AWS; PostgreSQL,2026-09-14T00:00:00Z,date_only,2026-09-14T20:57:28Z,https://wexinc.wd5.myworkdayjobs.com/WEXInc/job/US---Remote/Backend-Software-Engineer-Intern---Java---AI--Master-s-_R22547
Wex,Fullstack Software Engineer Intern (Undergraduate),Not stated,True,,Internship,yes,Software,US - Remote,unknown,22,,C#; SQL; LLMs; React,2026-09-14T00:00:00Z,date_only,2026-09-14T20:57:28Z,https://wexinc.wd5.myworkdayjobs.com/WEXInc/job/US---Remote/Backend-Software-Engineer-Intern--Undergraduate-_R22593
Wex,Data & AI Intern (Graduate/Master’s),Not stated,True,,Internship,yes,Data & ML/AI,US - Remote,unknown,22,,Python; Java; C++; C#; JavaScript; SQL; AWS; GCP,2026-09-14T00:00:00Z,date_only,2026-09-14T23:53:39Z,https://wexinc.wd5.myworkdayjobs.com/WEXInc/job/US---Remote/Data---AI-Intern--Graduate-Master-s-_R22551
Wex,DevOps & AI Engineering Intern (Undergraduate),Not stated,True,,Internship,yes,Data & ML/AI,US - Remote,unknown,22,,Python; Java; TypeScript; JavaScript; LLMs; AWS; Azure; Docker,2026-09-14T00:00:00Z,date_only,2026-09-14T23:53:39Z,https://wexinc.wd5.myworkdayjobs.com/WEXInc/job/US---Remote/DevOps---AI-Engineering-Intern--Undergraduate-_R23056
Wex,DevOps & Backend Software Engineer Intern (Undergraduate),Not stated,True,,Internship,yes,Software,US - Remote,unknown,22,,Python; C#; Azure; Kubernetes; Docker,2026-09-14T00:00:00Z,date_only,2026-09-14T20:57:28Z,https://wexinc.wd5.myworkdayjobs.com/WEXInc/job/US---Remote/DevOps---Backend-Software-Engineer-Intern--Undergraduate-_R22584
Wex,SRE & Application Services Intern (Graduate/Master's),Not stated,True,,Internship,yes,Software,US - Remote,unknown,22,,Python; AWS; GCP; Azure; Linux; Git,2026-09-14T00:00:00Z,date_only,2026-09-14T23:53:39Z,https://wexinc.wd5.myworkdayjobs.com/WEXInc/job/US---Remote/SRE---Application-Services-Intern--Graduate-Master-s-_R22494
Wex,Software Engineer Intern – AI & Cloud (Graduate/Master’s),Not stated,True,,Internship,yes,Data & ML/AI,US - Remote,unknown,22,,Java; C#; LLMs,2026-09-14T00:00:00Z,date_only,2026-09-14T20:57:28Z,https://wexinc.wd5.myworkdayjobs.com/WEXInc/job/US---Remote/Software-Engineer-Intern---AI---Cloud--Graduate-Master-s-_R22546
Rocket Lab,Mechanical Engineering Intern Summer 2027,Summer 2027,False,,Internship,,Hardware,"Long Beach, CA",citizens-only,,,,2026-09-13T23:16:18-04:00,exact,2026-09-14T04:55:07Z,https://job-boards.greenhouse.io/rocketlab/jobs/7991448003
Autostore,Co-Op/Intern - Mechanical Engineer,Not stated,True,,Internship / Co-op,,Hardware,"Atlanta, GA, USA",unknown,,,,2026-09-13T00:00:00Z,date_only,2026-09-13T16:04:31Z,https://autostore.wd3.myworkdayjobs.com/autostore/job/Atlanta-GA-USA/Co-Op---Mechanical-Engineer_JR102694
Autostore,Co-Op/Intern - Software Engineering,Not stated,True,,Internship / Co-op,,Software,"Atlanta, GA, USA",unknown,,,Python; Java; C++; C#; TypeScript; Git,2026-09-13T00:00:00Z,date_only,2026-09-13T16:04:31Z,https://autostore.wd3.myworkdayjobs.com/autostore/job/Atlanta-GA-USA/Co-Op---Software-Engineering_JR102692
AnaVation,Computer Science Internship Summer 2027,Summer 2027,False,,Internship,,Software,"Chantilly, VA",citizens-only,,,Python; Java; Node.js; AWS; GCP; Azure; Git,2026-09-12T16:18:46Z,exact,2026-09-12T17:00:24Z,https://jobs.lever.co/anavationllc/4a82ae00-30f0-410c-bf3c-f1cdd18739e7
Commure,"Software Engineering Intern, Summer 2027",Summer 2027,False,,Internship,,Software,"Mountain View, CA",unknown,11,$40 – $60 per hour,Python; TypeScript; Swift; Kotlin; LLMs; React; Kubernetes; PostgreSQL,2026-09-11T17:55:47.323+00:00,exact,2026-09-11T18:25:45Z,https://jobs.ashbyhq.com/commure/62841aa1-3ee5-4547-8380-637b737b2cb3
ibotta,Software Engineer Intern,Summer 2027,False,,Internship,,Software,"Denver, CO",unknown,10,$33.85/hr,Python; Java; TypeScript; JavaScript; AWS,2026-09-11T21:07:58.418+00:00,exact,2026-09-11T21:42:15Z,https://jobs.ashbyhq.com/ibotta/3130669e-16aa-4f63-834d-b83571c8d269
MegazoneCloud,Software Engineer Co-op 2027,Summer 2027,False,,Co-op,,Software,"Rochester, NY",no-sponsorship,,$27 – $28 per hour,Python; Java; JavaScript; LLMs; AWS; Azure,2026-09-11T15:30:58.836+00:00,exact,2026-09-12T13:36:56Z,https://jobs.ashbyhq.com/megazone/e2889469-cf20-4227-bf24-2a6e885f8dca
MegazoneCloud,Data Engineer Co-op 2027,Summer 2027,False,,Co-op,,Data & ML/AI,"Rochester, NY",no-sponsorship,,$27 – $29 per hour,Python; SQL; LLMs; AWS; Git,2026-09-11T15:55:19.218+00:00,exact,2026-09-12T13:36:56Z,https://jobs.ashbyhq.com/megazone/fde09888-986f-4207-88fe-3ff5b921a1fa
Businessolver,Business Intelligence Analyst Internship (Innovation & Data Science),Not stated,True,,Internship,,Data & ML/AI,United States,unknown,4,$23/hr,Python; SQL; AWS,2026-09-11T17:00:00-04:00,exact,2026-09-11T21:42:15Z,https://job-boards.greenhouse.io/businessolverinvitationonly/jobs/8189738
DV Trading,Software Developer Intern - Summer 2027 (DV Equities),Summer 2027,False,,Internship,,Software,New York,unknown,,,Python; C++; Linux,2026-09-11T10:48:29-04:00,exact,2026-09-11T18:25:45Z,https://job-boards.greenhouse.io/dvtrading/jobs/4733138005
Klaviyo,Software Engineer Intern (Summer 2027),Summer 2027,False,,Internship,,Software,"Boston, MA",no-sponsorship,28,,Python; TypeScript; React; Django; AWS; Terraform; Kafka; Redis,2026-09-11T15:57:55-04:00,exact,2026-09-12T13:36:56Z,https://job-boards.greenhouse.io/klaviyocampus/jobs/7989364003
Lyft,"Data Science Intern, Algorithms (Summer 2027 - SF/NYC)",Summer 2027,False,,Internship,,Data & ML/AI,"San Francisco, CA",unknown,348,$58–$62/hr,Python; SQL; PyTorch; TensorFlow; scikit-learn,2026-09-11T12:47:05-04:00,exact,2026-09-11T18:25:45Z,https://app.careerpuck.com/job-board/lyft/job/8767723002?gh_jid=8767723002
Lyft,"Software Engineer Intern, Backend (Summer 2027 - SF)",Summer 2027,False,,Internship,,Software,"San Francisco, CA",unknown,348,$52–$58/hr,,2026-09-11T12:46:45-04:00,exact,2026-09-11T18:25:45Z,https://app.careerpuck.com/job-board/lyft/job/8767726002?gh_jid=8767726002
Lyft,"Data Science Intern, Algorithms (Summer 2027 - SF/NYC)",Summer 2027,False,,Internship,,Data & ML/AI,"New York, NY",unknown,348,$58–$62/hr,Python; SQL; PyTorch; TensorFlow; scikit-learn,2026-09-11T12:47:07-04:00,exact,2026-09-11T18:25:45Z,https://app.careerpuck.com/job-board/lyft/job/8796124002?gh_jid=8796124002
Lyft,Data Analyst Intern (Summer 2027),Summer 2027,False,,Internship,,Data & ML/AI,"New York, NY",unknown,348,$45–$47/hr,SQL,2026-09-11T15:20:57-04:00,exact,2026-09-11T21:42:15Z,https://app.careerpuck.com/job-board/lyft/job/8802198002?gh_jid=8802198002
Rocket Lab,Structural Analysis Intern Summer 2027,Summer 2027,False,,Internship,,Hardware,"Long Beach, CA",citizens-only,,,,2026-09-11T09:37:27-04:00,exact,2026-09-11T14:19:51Z,https://job-boards.greenhouse.io/rocketlab/jobs/7986690003
Xcimer Energy,Summer 2027 Internship - Mechanical Engineering,Summer 2027,False,,Internship,,Hardware,"Denver, CO",citizens-only,,25–35 USD/hr,,2026-09-11T20:07:58Z,exact,2026-09-12T13:36:56Z,https://jobs.lever.co/xcimer/c672a37e-007d-45ee-a4f9-b5d4dd25a2e3
Xcimer Energy,Summer 2027 Internship - Computational and Software Engineering,Summer 2027,False,,Internship,,Software,"Denver, CO",citizens-only,,25–35 USD/hr,,2026-09-11T14:54:24Z,exact,2026-09-12T13:36:56Z,https://jobs.lever.co/xcimer/fee9965c-8040-4614-8fd1-10bddfe3b911
Emerson Electric,Software Product Management Intern,Not stated,True,,Internship,,Software,"Austin, TX, United States",unknown,8,,,2026-09-11,date_only,2026-09-11T18:25:45Z,https://hdjq.fa.us2.oraclecloud.com/hcmUI/CandidateExperience/en/sites/CX_1/job/26010799
Fortune Brands,"Product Management Intern, B2B Security",Not stated,True,,Internship,,Security,"Deerfield, ILLINOIS, United States",unknown,7,,Tableau,2026-09-11T15:45:08.759Z,exact,2026-09-12T13:36:56Z,https://jobs.smartrecruiters.com/FortuneBrands/744000149058098
Talentpluto,Full Stack Engineering Intern,Not stated,True,,Internship,,Software,"New York, New York, United States",unknown,,$35–$50/hr,TypeScript; JavaScript; React,2026-09-11T00:00:00.000Z,date_only,2026-09-18T18:21:02Z,https://apply.workable.com/talentpluto/j/717116FEE8/
Amgen,"Grad Intern – Data Engineer – Technology, AI & Data (Summer 2027)",Summer 2027,False,,Internship,yes,Data & ML/AI,United States - Remote,unknown,768,$35.34–$41.2/hr,Python; Java; SQL; Scala; AWS,2026-09-11T00:00:00Z,date_only,2026-09-11T21:42:15Z,https://amgen.wd1.myworkdayjobs.com/careers/job/United-States---Remote/Grad-Intern---Data-Engineer---Amgen-s-Technology---Medical-Organizations--Summer-2027-_R-255742
Amgen,"Grad Intern – Data Scientist – Technology, AI & Data (Summer 2027)",Summer 2027,False,,Internship,yes,Data & ML/AI,United States - Remote,unknown,768,$35.34–$41.2/hr,Python; Java; SQL; Scala,2026-09-11T00:00:00Z,date_only,2026-09-11T18:25:45Z,https://amgen.wd1.myworkdayjobs.com/careers/job/United-States---Remote/Grad-Intern---Data-Scientist---Amgen-s-Technology---Medical-Organizations--Summer-2027-_R-255722
Amgen,"Grad Intern – Machine Learning Engineer – Technology, AI & Data (Summer 2027)",Summer 2027,False,,Internship,yes,Data & ML/AI,United States - Remote,unknown,768,$35.34–$41.2/hr,Python; SQL; scikit-learn; Pandas; AWS; GCP; Azure; Git,2026-09-11T00:00:00Z,date_only,2026-09-11T21:42:15Z,https://amgen.wd1.myworkdayjobs.com/careers/job/United-States---Remote/Grad-Intern---Machine-Learning-Engineer---Amgen-s-Technology---Medical-Organizations--Summer-2027-_R-255743
Amgen,"Grad Intern – Software Engineer – Technology, AI & Data (Summer 2027)",Summer 2027,False,,Internship,yes,Data & ML/AI,United States - Remote,unknown,768,$35.34–$41.2/hr,Python; Java; SQL; Scala,2026-09-11T00:00:00Z,date_only,2026-09-11T21:42:15Z,https://amgen.wd1.myworkdayjobs.com/careers/job/United-States---Remote/Grad-Intern---Software-Engineer---Amgen-s-Technology---Medical-Organizations--Summer-2027-_R-255745
Amgen,"Undergrad Intern – Data Engineer – Technology, AI & Data (Summer 2027)",Summer 2027,False,,Internship,yes,Data & ML/AI,United States - Remote,unknown,768,$28.87/hr,Python; Java; SQL; Scala; AWS,2026-09-11T00:00:00Z,date_only,2026-09-11T18:25:45Z,https://amgen.wd1.myworkdayjobs.com/careers/job/United-States---Remote/Undergrad-Intern---Data-Engineer---Amgen-s-Technology---Medical-Organizations--Summer-2027-_R-255708
Amgen,"Undergrad Intern – Data Scientist – Technology, AI & Data (Summer 2027)",Summer 2027,False,,Internship,yes,Data & ML/AI,United States - Remote,unknown,768,$28.87/hr,Python; Java; SQL; Scala,2026-09-11T00:00:00Z,date_only,2026-09-11T18:25:45Z,https://amgen.wd1.myworkdayjobs.com/careers/job/United-States---Remote/Undergrad-Intern---Data-Scientist---Amgen-s-Technology---Medical-Organizations--Summer-2027-_R-255704
Amgen,"Undergrad Intern – Machine Learning Engineer – Technology, AI & Data (Summer 2027)",Summer 2027,False,,Internship,yes,Data & ML/AI,United States - Remote,unknown,768,$28.87/hr,Python; SQL; scikit-learn; Pandas; AWS; GCP; Azure; Git,2026-09-11T00:00:00Z,date_only,2026-09-11T18:25:45Z,https://amgen.wd1.myworkdayjobs.com/careers/job/United-States---Remote/Undergrad-Intern---Machine-Learning-Engineer---Amgen-s-Technology---Medical-Organizations--Summer-2027-_R-255709
Amgen,"Undergrad Intern – Software Engineer – Technology, AI & Data (Summer 2027)",Summer 2027,False,,Internship,yes,Data & ML/AI,United States - Remote,unknown,768,$28.87/hr,Python; Java; SQL; Scala,2026-09-11T00:00:00Z,date_only,2026-09-11T18:25:45Z,https://amgen.wd1.myworkdayjobs.com/careers/job/United-States---Remote/Undergrad-Intern---Software-Engineer---Amgen-s-Technology---Medical-Organizations--Summer-2027-_R-255719
Booz Allen,"University - Summer 2027, Software Engineer Intern",Summer 2027,False,,Internship,,Software,"Fayetteville, NC",citizens-only,38,$108k/yr,Java; C++; Git,2026-09-11T00:00:00Z,date_only,2026-09-11T21:42:15Z,https://bah.wd1.myworkdayjobs.com/bah_jobs/job/Fayetteville-NC/University---Summer-2027--Software-Engineer-Intern_R0249225
CACI,Software Engineering Intern – Summer 2027,Summer 2027,False,,Internship,,Software,"Lisle, IL, US",citizens-only,3,,Python; C++; Linux; Git,2026-09-11T00:00:00Z,date_only,2026-09-18T14:23:29Z,https://caci.wd1.myworkdayjobs.com/external/job/Lisle-IL-US/Software-Engineering-Intern---Summer-2027_331742
CACI,Software Engineer Intern - Summer 2027,Summer 2027,False,,Internship,,Software,"Ypsilanti, MI, US",citizens-only,3,,Python; Java; C++; Rust; CUDA; AWS; Linux,2026-09-11T00:00:00Z,date_only,2026-09-18T14:23:29Z,https://caci.wd1.myworkdayjobs.com/external/job/Ypsilanti-MI-US/Software-Engineer-Intern---Summer-2027_331648
Corteva,Agentic AI Engineer Intern,Not stated,True,,Internship,,Data & ML/AI,"Indianapolis, Indiana, United States",unknown,63,,Python; LLMs; AWS; Azure; Git,2026-09-11T00:00:00Z,date_only,2026-09-11T21:42:15Z,https://corteva.wd5.myworkdayjobs.com/corteva/job/Indianapolis-Indiana-United-States/Agentic-AI-Engineer-Intern_248210W
Corteva,Data Science Summer Intern,Not stated,True,,Internship,,Data & ML/AI,"Indianapolis, Indiana, United States",unknown,63,,Python; AWS; GCP; Azure,2026-09-11T00:00:00Z,date_only,2026-09-11T21:42:15Z,https://corteva.wd5.myworkdayjobs.com/corteva/job/Indianapolis-Indiana-United-States/Data-Science-Summer-Intern_248208W
Crowe,MSFT AI Business Solutions Technical Intern,Not stated,True,,Internship,,Data & ML/AI,Chicago IL USA,unknown,37,$27–$42/hr,Azure,2026-09-11T00:00:00Z,date_only,2026-09-11T18:25:45Z,https://crowe.wd12.myworkdayjobs.com/external_careers/job/Chicago-IL-USA/D365-ERP-Technical-Intern_R-71039
DigiKey,Product Management & Supplier Development Intern,Not stated,True,,Internship,,Software,"Thief River Falls, MN",no-sponsorship,,,,2026-09-11T00:00:00Z,date_only,2026-09-11T18:25:45Z,https://digikey.wd5.myworkdayjobs.com/digi-key/job/Thief-River-Falls-MN/Product-Management---Supplier-Development-Intern_R5829
Direct Supply,AI Engineer Intern,Not stated,True,,Internship,,Data & ML/AI,"Milwaukee, WI",unknown,11,,Python; React; Node.js; AWS,2026-09-11T00:00:00Z,date_only,2026-09-11T18:25:45Z,https://directsupply.wd501.myworkdayjobs.com/direct-supply-careers/job/Milwaukee-WI/AI-Engineer-Intern_REQ-2026-2553
Direct Supply,Software Engineer Intern,Not stated,True,,Internship,,Software,"Milwaukee, WI",unknown,11,,Python; C#; JavaScript; SQL,2026-09-11T00:00:00Z,date_only,2026-09-11T18:25:45Z,https://directsupply.wd501.myworkdayjobs.com/direct-supply-careers/job/Milwaukee-WI/Software-Engineer-Intern_REQ-2026-2559
EMC Insurance,Intern- Data Science,Summer 2027,False,,Internship,,Data & ML/AI,Iowa,unknown,,,,2026-09-11T00:00:00Z,date_only,2026-09-11T21:42:15Z,https://emcins.wd5.myworkdayjobs.com/EMC_Careers/job/Iowa/Intern--Data-Science_R6524
Graco,Manufacturing Engineering Intern,Not stated,True,,Internship,,Hardware,"Erie, Pennsylvania, USA",no-sponsorship,,,React,2026-09-11T00:00:00Z,date_only,2026-09-11T21:42:15Z,https://graco.wd501.myworkdayjobs.com/Graco_Careers/job/Erie-Pennsylvania-USA/Manufacturing-Engineering-Intern_R0023592
Graco,Mechanical Engineering Intern,Not stated,True,,Internship,,Hardware,"Erie, Pennsylvania, USA",no-sponsorship,,,,2026-09-11T00:00:00Z,date_only,2026-09-11T21:42:15Z,https://graco.wd501.myworkdayjobs.com/Graco_Careers/job/Erie-Pennsylvania-USA/Mechanical-Engineering-Intern_R0023550
Graco,Manufacturing Engineering Intern - Summer 2027,Summer 2027,False,,Internship,,Hardware,"Sioux Falls, South Dakota, USA",no-sponsorship,,,,2026-09-11T00:00:00Z,date_only,2026-09-11T18:25:45Z,https://graco.wd501.myworkdayjobs.com/Graco_Careers/job/Sioux-Falls-South-Dakota-USA/Manufacturing-Engineering-Intern---Summer-2027_R0023643
Momentive,Summer 2027 Product Management Intern,Summer 2027,False,,Internship,,Software,US WV Friendly,unknown,44,,,2026-09-11T00:00:00Z,date_only,2026-09-11T18:25:45Z,https://momentive.wd1.myworkdayjobs.com/MC/job/US-WV-Friendly/Summer-2027-Product-Management-Intern_R9816
Moog,"Intern, Embedded Design Engineering",Fall 2026,False,,Internship,,Software,"Blacksburg, VA",unknown,2,,,2026-09-11T00:00:00Z,date_only,2026-09-11T21:42:15Z,https://moog.wd5.myworkdayjobs.com/moog_external_career_site/job/Blacksburg-VA/Intern--Embedded-Design-Engineering_R-26-20053
Moog,"Intern, Mechanical Manufacturing Engineering",Not stated,True,,Internship,,Hardware,"Blacksburg, VA",unknown,2,,,2026-09-11T00:00:00Z,date_only,2026-09-11T18:25:45Z,https://moog.wd5.myworkdayjobs.com/moog_external_career_site/job/Blacksburg-VA/Intern--Mechanical-Manufacturing-Engineering_R-26-19925
Motorola,2027 Software Engineering Summer Internship,Summer 2027,False,,Internship,,Software,"Plantation, FL",citizens-only,191,,C++; Linux; Git,2026-09-11T00:00:00Z,date_only,2026-09-11T18:25:45Z,https://motorolasolutions.wd5.myworkdayjobs.com/Careers/job/Plantation-FL/XMLNAME-2027-Software-Engineering-Summer-Internship_R68125
Philips,"Co-op-Industrial Engineering-Reedsville, PA-(January to June 2027)",Summer 2027,False,,Co-op,,Hardware,"Reedsville, Pennsylvania, United States",unknown,,,,2026-09-11T00:00:00Z,date_only,2026-09-11T14:19:51Z,https://philips.wd3.myworkdayjobs.com/jobs-and-careers/job/Reedsville-Pennsylvania-United-States/Co-op-Industrial-Engineering-Reedsville--PA--January-to-June-2027-_591145
Saab,Mechanical Engineer Co-Op (Summer 2027),Summer 2027,False,,Co-op,,Hardware,"East Syracuse, NY (Aspen Park)",citizens-only,,$20.27–$22.3/hr,,2026-09-11T00:00:00Z,date_only,2026-09-11T21:42:15Z,https://saabusa.wd1.myworkdayjobs.com/saab_careers/job/East-Syracuse-NY-Aspen-Park/Mechanical-Engineer-Co-Op--Summer-2027-_R-03261-1
Stanley Black & Decker,"Manufacturing Internship - 1st shift, $15.00hr",Not stated,True,,Internship,,Hardware,"Mission, TX, United States",unknown,124,,,2026-09-11T00:00:00Z,date_only,2026-09-12T00:09:29Z,https://sbdinc.wd1.myworkdayjobs.com/Stanley_Black_Decker_Career_Site/job/Mission-TX-United-States/Manufacturing-Internship_REQ-1000052318-1
Thermo Fisher Scientific,Industrial Engineering Co-op,Not stated,True,,Co-op,,Hardware,"Rochester, New York, USA",unknown,368,,,2026-09-11T00:00:00Z,date_only,2026-09-11T21:42:15Z,https://thermofisher.wd5.myworkdayjobs.com/ThermoFisherCareers/job/Rochester-New-York-USA/Industrial-Engineering-Co-op_R-01366625
Thermo Fisher Scientific,Mechanical Engineering Co-op,Not stated,True,,Co-op,,Hardware,"Rochester, New York, USA",unknown,368,,,2026-09-11T00:00:00Z,date_only,2026-09-11T21:42:15Z,https://thermofisher.wd5.myworkdayjobs.com/ThermoFisherCareers/job/Rochester-New-York-USA/Mechanical-Engineering-Co-op_R-01366623
The Toro Company,Embedded Software Engineering Intern - The Toro Company,Summer 2027,False,,Internship,,Software,"Bloomington, MN",no-sponsorship,2,,C++; C#,2026-09-11T00:00:00Z,date_only,2026-09-11T14:19:51Z,https://ttc.wd1.myworkdayjobs.com/Toro_External_Careers/job/Bloomington-MN/Embedded-Software-Engineering-Intern---The-Toro-Company_JR17114
The Toro Company,Embedded Software Engineering Intern - The Toro Company,Summer 2027,False,,Internship,,Software,"Bloomington, MN",no-sponsorship,2,,Python; C++; C#,2026-09-11T00:00:00Z,date_only,2026-09-11T14:19:51Z,https://ttc.wd1.myworkdayjobs.com/Toro_External_Careers/job/Bloomington-MN/Embedded-Software-Engineering-Intern---The-Toro-Company_JR17125
The Toro Company,Mechanical Design Engineering Intern - The Toro Company,Summer 2027,False,,Internship,,Hardware,"Bloomington, MN",no-sponsorship,2,,,2026-09-11T00:00:00Z,date_only,2026-09-11T14:19:51Z,https://ttc.wd1.myworkdayjobs.com/Toro_External_Careers/job/Bloomington-MN/Mechanical-Design-Engineering-Intern---The-Toro-Company_JR17094
The Toro Company,Mechanical Design Engineering Intern - The Toro Company,Summer 2027,False,,Internship,,Hardware,"Bloomington, MN",no-sponsorship,2,,,2026-09-11T00:00:00Z,date_only,2026-09-11T14:19:51Z,https://ttc.wd1.myworkdayjobs.com/Toro_External_Careers/job/Bloomington-MN/Mechanical-Design-Engineering-Intern---The-Toro-Company_JR17151
The Toro Company,Mechanical Engineering Intern - The Toro Company,Summer 2027,False,,Internship,,Hardware,"Bloomington, MN",no-sponsorship,2,,,2026-09-11T00:00:00Z,date_only,2026-09-11T14:19:51Z,https://ttc.wd1.myworkdayjobs.com/Toro_External_Careers/job/Bloomington-MN/Mechanical-Engineering-Intern---The-Toro-Company_JR17141
The Toro Company,Mechanical Engineering Intern - Value Engineering (VAVE) - The Toro Company,Summer 2027,False,,Internship,,Hardware,"Bloomington, MN",no-sponsorship,2,,,2026-09-11T00:00:00Z,date_only,2026-09-11T14:19:51Z,https://ttc.wd1.myworkdayjobs.com/Toro_External_Careers/job/Bloomington-MN/Mechanical-Engineering-Intern---Value-Engineering--VAVE----The-Toro-Company_JR17204
The Toro Company,Robotics Engineering Intern - The Toro Company,Summer 2027,False,,Internship,,Hardware,"Bloomington, MN",no-sponsorship,2,,Python; C++,2026-09-11T00:00:00Z,date_only,2026-09-11T14:19:51Z,https://ttc.wd1.myworkdayjobs.com/Toro_External_Careers/job/Bloomington-MN/Robotics-Engineering-Intern---The-Toro-Company_JR17194
Amazon,"Industrial Development Engineer Intern/Co-op, ROBOTICS - 2027",Summer 2027,False,,Internship / Co-op,,Hardware,"North Reading, Massachusetts, USA",unknown,23139,,Computer Vision,2026-09-10T00:00:00Z,date_only,2026-09-10T21:38:55Z,https://www.amazon.jobs/en/jobs/10536817/industrial-development-engineer-intern-co-op-robotics-2027
Bedrock Robotics,"Internship 2027 Onboard Infrastructure Engineer, ML Inference",Summer 2027,False,,Internship,,Data & ML/AI,"San Francisco, CA",unknown,,,C++; Rust; PyTorch; LLMs; CUDA,2026-09-10T21:22:05.089+00:00,exact,2026-09-10T21:38:55Z,https://jobs.ashbyhq.com/bedrock-robotics/0331551e-c18e-428a-8e91-e6cb25c9c2e8
Bedrock Robotics,"Internship 2027 Behavior Machine Learning Engineer, World Models",Summer 2027,False,,Internship,,Data & ML/AI,"San Francisco, CA",unknown,,,Python; PyTorch,2026-09-10T21:16:05.767+00:00,exact,2026-09-10T21:38:55Z,https://jobs.ashbyhq.com/bedrock-robotics/c51d682e-58ee-44de-886f-4cfacb56d2e1
Hudl,Software Engineering Intern,Not stated,True,,Internship,,Software,"Lincoln, NE, United States",unknown,3,,C#; JavaScript; React,2026-09-10T11:54:08-04:00,exact,2026-09-10T18:22:25Z,https://job-boards.greenhouse.io/hudl/jobs/8114314
Hudl,Software Quality Assurance Engineering Intern,Not stated,True,,Internship,,Software,"Lincoln, NE, United States",unknown,3,,Python; JavaScript,2026-09-10T12:02:58-04:00,exact,2026-09-11T18:25:45Z,https://job-boards.greenhouse.io/hudl/jobs/8155102
Hudl,Product Management Intern,Not stated,True,,Internship,,Software,"Lincoln, NE, United States",unknown,3,,,2026-09-10T10:03:17-04:00,exact,2026-09-10T14:19:22Z,https://job-boards.greenhouse.io/hudl/jobs/8155103
National Information Solutions Cooperative (NISC),Intern - Database Conversion Programming,Summer 2027,False,,Internship,,Software,"Lake St. Louis, MO or Mandan, ND",unknown,,,SQL; Linux,2026-09-10T14:02:08-04:00,exact,2026-09-10T18:22:25Z,https://job-boards.greenhouse.io/nisc/jobs/8094408
National Information Solutions Cooperative (NISC),Intern - Information Security (Cybersecurity),Summer 2027,False,,Internship,,Security,"Lake St. Louis, MO or Mandan, ND",unknown,,,Linux,2026-09-10T16:02:00-04:00,exact,2026-09-10T21:38:55Z,https://job-boards.greenhouse.io/nisc/jobs/8191724
RF-SMART,Product Engineering Software Developer Internship - Spring & Summer 2027,Summer 2027,False,,Internship,,Software,"Jacksonville, Florida, United States",no-sponsorship,,$25/hr,C#; TypeScript,2026-09-10T16:55:43-04:00,exact,2026-09-10T21:38:55Z,https://job-boards.greenhouse.io/rfsmart/jobs/5407206008
Schonfeld,2027 Platform Engineering Intern,Summer 2027,False,,Internship,,Software,"New York, New York, United States",unknown,41,,Python; AWS; Kubernetes; Terraform; Linux; Git,2026-09-10T12:09:58-04:00,exact,2026-09-10T18:22:25Z,https://job-boards.greenhouse.io/schonfeld/jobs/8171699
Tanium,Software Engineering Intern – Summer 2027,Summer 2027,False,,Internship,,Software,"Durham, NC (Hybrid); Emeryville, CA (Hybrid)",unknown,11,,Node.js,2026-09-10T14:19:05-04:00,exact,2026-09-11T14:19:51Z,https://job-boards.greenhouse.io/tanium/jobs/8181017
National Information Solutions Cooperative (NISC),Intern - Database Conversion Programming,Summer 2027,False,,Internship,,Software,"Lake St. Louis, MO",unknown,,,SQL; Linux,2026-09-10T14:02:10-04:00,exact,2026-09-10T18:22:25Z,https://job-boards.greenhouse.io/testnisc/jobs/8191885
National Information Solutions Cooperative (NISC),Intern - Database Conversion Programming,Summer 2027,False,,Internship,,Software,"Mandan, ND",unknown,,,SQL; Linux,2026-09-10T14:02:12-04:00,exact,2026-09-10T18:22:25Z,https://job-boards.greenhouse.io/testnisc/jobs/8191898
National Information Solutions Cooperative (NISC),Intern - Information Security (Cybersecurity),Summer 2027,False,,Internship,,Security,"Lake St. Louis, MO",unknown,,,Linux,2026-09-10T16:02:02-04:00,exact,2026-09-10T21:38:55Z,https://job-boards.greenhouse.io/testnisc/jobs/8191986
National Information Solutions Cooperative (NISC),Intern - Information Security (Cybersecurity),Summer 2027,False,,Internship,,Security,"Mandan, ND",unknown,,,Linux,2026-09-10T16:02:04-04:00,exact,2026-09-10T21:38:55Z,https://job-boards.greenhouse.io/testnisc/jobs/8191987
VAST,Emerging Talent - Mechanical/Aerospace Engineering Internship,Not stated,True,,Internship,,Hardware,"Long Beach, California, United States",citizens-only,,,,2026-09-10T14:53:47-04:00,exact,2026-09-10T21:38:55Z,https://boards.greenhouse.io/vast/jobs/4711400006?gh_jid=4711400006
VAST,Emerging Talent - Manufacturing Engineering Internship,Not stated,True,,Internship,,Hardware,"Long Beach, California, United States",citizens-only,,,,2026-09-10T15:11:36-04:00,exact,2026-09-10T21:38:55Z,https://boards.greenhouse.io/vast/jobs/4711403006?gh_jid=4711403006
SEP,"Software Engineering Intern (Summer 2027, In person)",Summer 2027,False,,Internship,,Software,"Westfield, IN",unknown,,,,2026-09-10T13:50:37Z,exact,2026-09-14T17:01:10Z,https://jobs.lever.co/sep/4efbdbce-a753-41b5-8ed7-0661cd193178
Hearst,Software Engineering Intern,Not stated,True,,Internship,,Software,"Indianapolis, IN, United States",unknown,,,AWS; Azure,2026-09-10,date_only,2026-09-10T18:22:25Z,https://eevd.fa.us6.oraclecloud.com/hcmUI/CandidateExperience/en/sites/CX_1/job/2027455
SCOR,Data Science Intern,Not stated,True,,Internship,,Data & ML/AI,"Charlotte, North Carolina, United States",unknown,11,,Python; Git,2026-09-10,date_only,2026-09-10T21:38:55Z,https://fa-errt-saasfaprod1.fa.ocs.oraclecloud.com/hcmUI/CandidateExperience/en/sites/CX_2001/job/5393
Eurofins,6-month paid internship - AI & Automation,Fall 2026,False,,Internship,,Data & ML/AI,"Barcelona, CT, ES",unknown,,,Python; SQL,2026-09-10T08:57:20.160Z,exact,2026-09-10T09:38:09Z,https://jobs.smartrecruiters.com/Eurofins/744000148712379
Cleveland-Cliffs,Manufacturing Planning Intern,Not stated,True,,Internship,,Hardware,Indiana Harbor,unknown,11,,SQL,2026-09-10T00:00:00Z,date_only,2026-09-10T14:19:22Z,https://aksteel.wd1.myworkdayjobs.com/careers/job/Indiana-Harbor/Manufacturing-Planning-Intern_R13519
Allegion,Summer Intern - Manufacturing Process Engineer,Not stated,True,,Internship,,Hardware,"Colorado Springs, CO",unknown,,,,2026-09-10T00:00:00Z,date_only,2026-09-11T00:00:23Z,https://allegion.wd5.myworkdayjobs.com/careers/job/Colorado-Springs-CO/Summer-Intern---Manufacturing-Process-Engineer_JR37469-1
Avav,Software Engineering Intern,Not stated,True,,Internship,,Software,"Centreville, VA",citizens-only,,,Python; Java; C++; Linux; Git,2026-09-10T00:00:00Z,date_only,2026-09-10T21:38:55Z,https://avav.wd1.myworkdayjobs.com/avav/job/Centreville-VA/Software-Engineering-Intern_8593
Avav,Software Engineering Intern,Not stated,True,,Internship,,Software,"Melbourne, FL",citizens-only,,,Python; Java; C++; Linux; Git,2026-09-10T00:00:00Z,date_only,2026-09-10T21:38:55Z,https://avav.wd1.myworkdayjobs.com/avav/job/Melbourne-FL/Software-Engineering-Intern_8613
Avav,Mechanical Engineering Intern,Not stated,True,,Internship,,Hardware,"Pottstown, PA",citizens-only,,,,2026-09-10T00:00:00Z,date_only,2026-09-10T21:38:55Z,https://avav.wd1.myworkdayjobs.com/avav/job/Pottstown-PA/Mechanical-Engineering-Intern_8627
Avav,Summer 2027 Embedded Software Engineering Intern,Summer 2027,False,,Internship,,Software,"Simi Valley, CA",citizens-only,,,Python; C++; Linux,2026-09-10T00:00:00Z,date_only,2026-09-10T21:38:55Z,https://avav.wd1.myworkdayjobs.com/avav/job/Simi-Valley-CA/Summer-2027-Embedded-Software-Engineering-Intern_8549
Booz Allen,Enterprise Cybersecurity Data Loss Prevention Intern,Not stated,True,,Internship,,Data & ML/AI,"McLean, VA",citizens-only,38,$108k/yr,AWS; GCP; Azure,2026-09-10T00:00:00Z,date_only,2026-09-10T18:22:25Z,https://bah.wd1.myworkdayjobs.com/bah_jobs/job/McLean-VA/Enterprise-Cybersecurity-Data-Loss-Prevention-Intern_R0249131-1
Bracco,Software Engineering Intern/ Co-op (R&D Sustaining),Summer 2027,False,,Internship / Co-op,,Software,"USA, Eden Prairie, Minnesota, 55344",unknown,,$23–$25/hr,C++; C#,2026-09-10T00:00:00Z,date_only,2026-09-12T13:36:56Z,https://bracco.wd103.myworkdayjobs.com/braccocareers/job/USA-Eden-Prairie-Minnesota-55344/Software-Engineering-Intern--Co-op--R-D-Sustaining-_JR100327
Bracco,Software Engineering Intern,Not stated,True,,Internship,,Software,"USA, Eden Prairie, Minnesota, 55344",unknown,,$23–$25/hr,Python; Java; C++; C#; TypeScript; Git,2026-09-10T00:00:00Z,date_only,2026-09-12T13:36:56Z,https://bracco.wd103.myworkdayjobs.com/braccocareers/job/USA-Eden-Prairie-Minnesota-55344/Software-Engineering-Intern_JR100328
Brevan Howard,"2027 Summer Internship Program – Systematic Trading Technology Software Engineer, New York",Summer 2027,False,,Internship,,Quant,New York,unknown,17,,Python; Java; TypeScript; JavaScript; SQL; LLMs; Linux; Git,2026-09-10T00:00:00Z,date_only,2026-09-10T18:22:25Z,https://wd3.myworkdaysite.com/recruiting/brevanhoward/BH_ExternalCareers/job/New-York/XMLNAME-2027-Summer-Internship-Program---Systematic-Trading-Technology-Software-Engineer--New-York_JR101597
CACI,Software Engineering Intern - Summer 2027,Summer 2027,False,,Internship,,Software,"Denver, CO, US",citizens-only,3,,Python; Java; JavaScript; SQL; Kotlin; Angular; Spring; AWS,2026-09-10T00:00:00Z,date_only,2026-09-18T14:23:29Z,https://caci.wd1.myworkdayjobs.com/external/job/Denver-CO-US/Software-Engineering-Intern---Summer-2027_331543-1
Cigna Group,The Cigna Group's Technology Development Program  -  Infrastructure & Cloud Engineering Track Summer Internship,Summer 2027,False,,Internship,,Software,"CT, Bloomfield, 900 Cottage Grove Rd Wilde Bldg",unknown,,$25–$33/hr,Python; Java; JavaScript; AWS; GCP; Azure; Kubernetes; Docker,2026-09-10T00:00:00Z,date_only,2026-09-10T18:22:25Z,https://cigna.wd5.myworkdayjobs.com/cignacareers/job/CT-Bloomfield-900-Cottage-Grove-Rd-Wilde-Bldg/The-Cigna-Group-s-Technology-Development-Program-----Infrastructure---Cloud-Engineering-Track_26009529
Cox,AI/Automation Intern - Summer 2027,Summer 2027,False,,Internship,,Data & ML/AI,Atlanta GA,unknown,,$24.23–$36.35/hr,Python; Java; C#; TypeScript; JavaScript; SQL; LLMs; Node.js,2026-09-10T00:00:00Z,date_only,2026-09-15T04:28:47Z,https://cox.wd1.myworkdayjobs.com/Cox_External_Career_Site_1/job/Atlanta-GA/AI-Automation-Intern---Summer-2027_R202682342
Cox,Cybersecurity Intern - Summer 2027,Summer 2027,False,,Internship,,Security,Atlanta GA,unknown,,$24.23–$36.35/hr,Python; JavaScript,2026-09-10T00:00:00Z,date_only,2026-09-15T04:28:47Z,https://cox.wd1.myworkdayjobs.com/Cox_External_Career_Site_1/job/Atlanta-GA/Cybersecurity-Intern---Summer-2027_R202682288
Cox,Infrastructure Automation Intern - Summer 2027,Summer 2027,False,,Internship,,Software,Atlanta GA,unknown,,$24.23–$36.35/hr,AWS; Azure; Terraform; Linux; Git,2026-09-10T00:00:00Z,date_only,2026-09-15T04:28:47Z,https://cox.wd1.myworkdayjobs.com/Cox_External_Career_Site_1/job/Atlanta-GA/Infrastructure-Automation-Intern---Summer-2027_R202682338
Cox,Infrastructure Operations Intern - Summer 2027,Summer 2027,False,,Internship,,Software,Atlanta GA,unknown,,$24.23–$36.35/hr,SQL; AWS; Azure; Terraform; Linux,2026-09-10T00:00:00Z,date_only,2026-09-15T04:28:47Z,https://cox.wd1.myworkdayjobs.com/Cox_External_Career_Site_1/job/Atlanta-GA/Infrastructure-Operations-Intern---Summer-2027_R202682357
Cox,"Software Engineering Intern - Summer 2027 (Burlington, VT)",Summer 2027,False,,Internship,,Software,Burlington VT,unknown,,$24.23–$36.35/hr,AWS; Linux,2026-09-10T00:00:00Z,date_only,2026-09-15T04:28:47Z,https://cox.wd1.myworkdayjobs.com/Cox_External_Career_Site_1/job/Burlington-VT/Software-Engineering-Intern---Summer-2027--Burlington--VT-_R202682172-1
RTX,"Co-Op, Software Engineer- Onsite",Not stated,True,,Co-op,,Software,US-IA-CEDAR RAPIDS-109 ~ 400 Collins Rd NE ~ BLDG 109,citizens-only,,,Python; C#; SQL; Angular; Flask; Git,2026-09-10T00:00:00Z,date_only,2026-09-10T18:22:25Z,https://globalhr.wd5.myworkdayjobs.com/rec_rtx_ext_gateway/job/US-IA-CEDAR-RAPIDS-109--400-Collins-Rd-NE--BLDG-109/Co-Op--Software-Engineer--Onsite_01871298
RTX,Software Engineering Co-op (Summer/ Fall 2027),Summer 2027,False,,Co-op,,Software,US-IA-CEDAR RAPIDS-124 ~ 400 Collins Rd NE ~ BLDG 124,citizens-only,,,C++,2026-09-10T00:00:00Z,date_only,2026-09-10T21:38:55Z,https://globalhr.wd5.myworkdayjobs.com/rec_rtx_ext_gateway/job/US-IA-CEDAR-RAPIDS-124--400-Collins-Rd-NE--BLDG-124/Software-Engineering-Co-op--Summer--Fall-2027-_01873293
RTX,Software Engineer Co-Op - Onsite,Not stated,True,,Co-op,,Software,US-IA-CEDAR RAPIDS-131 ~ 5450 C Ave NE ~ BLDG 131,citizens-only,,,Python; C++,2026-09-10T00:00:00Z,date_only,2026-09-10T18:22:25Z,https://globalhr.wd5.myworkdayjobs.com/rec_rtx_ext_gateway/job/US-IA-CEDAR-RAPIDS-131--5450-C-Ave-NE--BLDG-131/Software-Engineer-Co-Op---Onsite_01871478
Graco,Mechanical Engineering Intern,Not stated,True,,Internship,,Hardware,"Dayton, Minnesota, USA",no-sponsorship,,,,2026-09-10T00:00:00Z,date_only,2026-09-10T18:22:25Z,https://graco.wd501.myworkdayjobs.com/Graco_Careers/job/Dayton-Minnesota-USA/Mechanical-Engineering-Intern_R0023554
Graco,Mechanical Engineering Intern,Not stated,True,,Internship,,Hardware,"Dayton, Minnesota, USA",no-sponsorship,,,,2026-09-10T00:00:00Z,date_only,2026-09-10T18:22:25Z,https://graco.wd501.myworkdayjobs.com/Graco_Careers/job/Dayton-Minnesota-USA/Mechanical-Engineering-Intern_R0023603
Graco,Mechanical Engineering Intern,Not stated,True,,Internship,,Hardware,"Flagstaff, Arizona, USA",no-sponsorship,,,,2026-09-10T00:00:00Z,date_only,2026-09-10T18:22:25Z,https://graco.wd501.myworkdayjobs.com/Graco_Careers/job/Flagstaff-Arizona-USA/Mechanical-Engineering-Intern_R0023604
Graco,Mechanical Engineering Intern,Not stated,True,,Internship,,Hardware,"Rogers, Minnesota, USA (David Koch Center)",no-sponsorship,,,,2026-09-10T00:00:00Z,date_only,2026-09-10T18:22:25Z,https://graco.wd501.myworkdayjobs.com/Graco_Careers/job/Rogers-Minnesota-USA-David-Koch-Center/Mechanical-Engineering-Intern_R0023509
Securian Financial Group,Data Science and Advanced Analytics Internship - Summer 2027,Summer 2027,False,,Internship,,Data & ML/AI,"Saint Paul, MN Campus",unknown,,,Python; LLMs,2026-09-10T00:00:00Z,date_only,2026-09-10T21:38:55Z,https://hq.wd12.myworkdayjobs.com/Securian_External/job/Saint-Paul-MN-Campus/Data-Science-and-Advanced-Analytics-Internship---Summer-2027_R-010894
Insulet Corporation,"Co-op, Embedded Software Engineering: January-June 2027 (Onsite)",Summer 2027,False,,Co-op,,Software,"Acton, Massachusetts",unknown,46,,,2026-09-10T00:00:00Z,date_only,2026-09-10T21:38:55Z,https://insulet.wd5.myworkdayjobs.com/insuletcareers/job/Acton-Massachusetts/Co-op--Embedded-Software-Engineering--January-June-2027--Onsite-_REQ-2026-17966
Insulet Corporation,"Co-op, Embedded Software Test Engineering: January-June 2027 (Onsite)",Summer 2027,False,,Co-op,,Software,"Acton, Massachusetts",unknown,46,,Python; Git,2026-09-10T00:00:00Z,date_only,2026-09-10T21:38:55Z,https://insulet.wd5.myworkdayjobs.com/insuletcareers/job/Acton-Massachusetts/Co-op--Embedded-Software-Test-Engineering--January-June-2027--Onsite-_REQ-2026-17986
Insulet Corporation,"Co-op, Manufacturing Engineering: January - June 2027 (Onsite)",Summer 2027,False,,Co-op,,Hardware,"Acton, Massachusetts",unknown,46,,,2026-09-10T00:00:00Z,date_only,2026-09-10T21:38:55Z,https://insulet.wd5.myworkdayjobs.com/insuletcareers/job/Acton-Massachusetts/Co-op--Manufacturing-Engineering--January---June-2027--Onsite-_REQ-2026-18078
Insulet Corporation,"Graduate Co-op, Manufacturing Engineering: January - June 2027 (Onsite)",Summer 2027,False,,Co-op,,Hardware,"Acton, Massachusetts",unknown,46,,,2026-09-10T00:00:00Z,date_only,2026-09-10T21:38:55Z,https://insulet.wd5.myworkdayjobs.com/insuletcareers/job/Acton-Massachusetts/Co-op--Manufacturing-Graduate--January---June-2027--Onsite-_REQ-2026-18086
Insulet Corporation,"Co-op, Mechanical Lifecycle: January - June 2027 (Onsite)",Summer 2027,False,,Co-op,,Hardware,"Acton, Massachusetts",unknown,46,,,2026-09-10T00:00:00Z,date_only,2026-09-10T21:38:55Z,https://insulet.wd5.myworkdayjobs.com/insuletcareers/job/Acton-Massachusetts/Co-op--Mechanical-Lifecycle--January---June-2027--Onsite-_REQ-2026-18155
Insulet Corporation,"Co-op, R&D Manufacturing: January-June 2027 (Onsite)",Summer 2027,False,,Co-op,,Hardware,"Acton, Massachusetts",unknown,46,,,2026-09-10T00:00:00Z,date_only,2026-09-10T21:38:55Z,https://insulet.wd5.myworkdayjobs.com/insuletcareers/job/Acton-Massachusetts/Co-op--R-D-Manufacturing--January-June-2027--Onsite-_REQ-2026-18069
Insulet Corporation,"Co-op, Supplier Development Engineering - Mechanical: January-June 2027 (Onsite)",Summer 2027,False,,Co-op,,Hardware,"Acton, Massachusetts",unknown,46,,,2026-09-10T00:00:00Z,date_only,2026-09-10T21:38:55Z,https://insulet.wd5.myworkdayjobs.com/insuletcareers/job/Acton-Massachusetts/Co-op--Supplier-Development-Engineering---Mechanical--January-June-2027--Onsite-_REQ-2026-18209
LabCorp,Intern - Data Science - Oncology,Not stated,True,,Internship,,Data & ML/AI,Baltimore MD,no-sponsorship,,$30–$33/hr,,2026-09-10T00:00:00Z,date_only,2026-09-10T18:22:25Z,https://labcorp.wd1.myworkdayjobs.com/external/job/Baltimore-MD/Intern---Data-Science---Oncology_2630590
Magna International,Intern - Engineering Software,Not stated,True,,Internship,,Software,"Southfield, Michigan, US",unknown,,,MATLAB,2026-09-10T00:00:00Z,date_only,2026-09-10T21:38:55Z,https://magna.wd3.myworkdayjobs.com/Magna/job/Southfield-Michigan-US/Intern---Engineering-Software_R00260232
Merck,2027 Future Talent Program – West Point Vaccine Manufacturing Intern,Summer 2027,False,,Internship,,Hardware,USA - Pennsylvania - West Point,unknown,,,,2026-09-10T00:00:00Z,date_only,2026-09-11T00:00:23Z,https://msd.wd5.myworkdayjobs.com/searchjobs/job/USA---Pennsylvania---West-Point/XMLNAME-2027-Future-Talent-Program---West-Point-Vaccine-Manufacturing-Intern_R413566
Nelnet,Intern - Software Engineer - New Ventures - Starting Summer 2027,Summer 2027,False,,Internship,,Software,"Lincoln, NE",unknown,18,,JavaScript; Node.js; AWS,2026-09-10T00:00:00Z,date_only,2026-09-10T14:19:22Z,https://nelnet.wd1.myworkdayjobs.com/MyNelnet/job/Lincoln-NE/Intern---Software-Engineer---New-Ventures---Starting-Summer-2026_R23098
Niagara Bottling,Manufacturing Internship - Plainfield,Not stated,True,,Internship,,Hardware,"Plainfield - Plainfield, IN",unknown,104,,,2026-09-10T00:00:00Z,date_only,2026-09-10T21:38:55Z,https://niagarawater.wd5.myworkdayjobs.com/niagara/job/Plainfield---Plainfield-IN/Manufacturing-Internship---Plainfield_R56553
nVent,Mechanical Engineering Co-Op (June - Dec 2027),Summer 2027,False,,Co-op,,Hardware,"Solon, OH, US",unknown,6,,MATLAB,2026-09-10T00:00:00Z,date_only,2026-09-10T21:38:55Z,https://nvent.wd5.myworkdayjobs.com/nVent/job/Solon-OH-US/Mechanical-Engineering-Co-Op--June---December-2027-_R23539
Polar Semiconductor,Industrial Engineering Intern,Not stated,True,,Internship,,Hardware,"Bloomington, MN, USA",unknown,,$25.5–$32.2/hr,Python; SQL,2026-09-10T00:00:00Z,date_only,2026-09-10T18:22:25Z,https://polarsemi.wd501.myworkdayjobs.com/Polar/job/Bloomington-MN-USA/Industrial-Engineering-Intern_R3772
Polar Semiconductor,Manufacturing Planning Intern,Not stated,True,,Internship,,Hardware,"Bloomington, MN, USA",unknown,,$25.5–$32.2/hr,Python; SQL,2026-09-10T00:00:00Z,date_only,2026-09-10T18:22:25Z,https://polarsemi.wd501.myworkdayjobs.com/Polar/job/Bloomington-MN-USA/Manufacturing-Planning-Intern_R3785
The Toro Company,Robotics System Test Intern - The Toro Company,Summer 2027,False,,Internship,,Hardware,"Frederick, CO",no-sponsorship,2,,,2026-09-10T00:00:00Z,date_only,2026-09-11T00:00:23Z,https://ttc.wd1.myworkdayjobs.com/Toro_External_Careers/job/Frederick-CO/Robotics-System-Test-Intern---The-Toro-Company_JR17004
The Toro Company,Hardware and Software Engineering Intern - Ditch Witch,Summer 2027,False,,Internship,,Hardware,"Perry, OK",no-sponsorship,2,,Python; Java; C++; C#; Linux,2026-09-10T00:00:00Z,date_only,2026-09-10T21:38:55Z,https://ttc.wd1.myworkdayjobs.com/Toro_External_Careers/job/Perry-OK/Hardware-and-Software-Engineering-Intern---Ditch-Witch_JR17183
The Toro Company,Mechanical Engineering Intern - Ditch Witch,Summer 2027,False,,Internship,,Hardware,"Perry, OK",no-sponsorship,2,,,2026-09-10T00:00:00Z,date_only,2026-09-10T21:38:55Z,https://ttc.wd1.myworkdayjobs.com/Toro_External_Careers/job/Perry-OK/Mechanical-Engineering-Intern---Ditch-Witch_JR17098
The Toro Company,Mechanical Engineering Intern - Ditch Witch,Summer 2027,False,,Internship,,Hardware,"Perry, OK",no-sponsorship,2,,,2026-09-10T00:00:00Z,date_only,2026-09-10T21:38:55Z,https://ttc.wd1.myworkdayjobs.com/Toro_External_Careers/job/Perry-OK/Mechanical-Engineering-Intern---Ditch-Witch_JR17101
Amazon,"Hardware Development Engineer Intern/Co-Op, ROBOTICS - 2027",Summer 2027,False,,Internship / Co-op,,Hardware,"North Reading, Massachusetts, USA",unknown,23139,,,2026-09-09T00:00:00Z,date_only,2026-09-09T21:43:20Z,https://www.amazon.jobs/en/jobs/10535282/hardware-development-engineer-intern-co-op-robotics-2027
Allen Control Systems,"Manufacturing Engineering Co-op / Intern, 2027",Summer 2027,False,,Internship / Co-op,,Hardware,"Pflugerville, TX",unknown,,,Computer Vision,2026-09-09T01:13:50.674+00:00,exact,2026-09-09T04:14:05Z,https://jobs.ashbyhq.com/allen-control-systems/e7cefcf6-7322-43ba-861e-22e76f8186bd
Internship,AI Labs Intern,Not stated,True,,Internship,,Data & ML/AI,New York,unknown,,,Python; TypeScript; JavaScript; SQL; LLMs,2026-09-09T17:02:17.534+00:00,exact,2026-09-09T18:34:11Z,https://jobs.ashbyhq.com/interplay/bdf67758-1f20-4a01-8bb3-ccebfa79e9ac
Saronic,Manufacturing Engineer Intern (Summer 2027),Summer 2027,False,,Internship,,Hardware,"Franklin, LA",citizens-only,,,,2026-09-09T19:46:42.155+00:00,exact,2026-09-09T21:43:20Z,https://jobs.ashbyhq.com/saronic/2b037fca-754c-4077-b224-eb35cf2b2b97
Saronic,Software Engineer Intern (Summer 2027),Summer 2027,False,,Internship,,Software,"Austin, TX",citizens-only,,,Python; C++; Rust; TypeScript; JavaScript,2026-09-09T19:45:15.873+00:00,exact,2026-09-09T21:43:20Z,https://jobs.ashbyhq.com/saronic/60afb634-5515-4347-824a-3816735541c2
Saronic,Mechanical Engineer Intern (Summer 2027),Summer 2027,False,,Internship,,Hardware,"Austin, TX",citizens-only,,,,2026-09-09T19:47:04.501+00:00,exact,2026-09-09T21:43:20Z,https://jobs.ashbyhq.com/saronic/f52ae6eb-7eba-4c64-97c7-57e2a234e088
Sequence Holdings,Software Engineer (Intern),Not stated,True,,Internship,,Software,New York City,unknown,,,,2026-09-09T14:16:06.066+00:00,exact,2026-09-10T14:19:22Z,https://jobs.ashbyhq.com/seqholdings/9dc9a7f3-198a-43c0-be75-a3aba228bf2c
Ninjaholdings,Data Engineer Intern,Not stated,True,,Internship,,Data & ML/AI,"Chicago, IL",unknown,,$20 – $25 / hour,,2026-09-09T21:23:38.353Z,exact,2026-09-20T15:55:29Z,https://ninjaholdings.breezy.hr/p/12b3ed96c30c-data-engineer-intern
Ninjaholdings,Software Engineer Intern,Not stated,True,,Internship,,Software,"Chicago, IL",unknown,,$20 – $25 / hour,,2026-09-09T21:24:01.322Z,exact,2026-09-20T15:55:29Z,https://ninjaholdings.breezy.hr/p/23a015fea536-software-engineer-intern
Amperesand,Product Software Intern,Not stated,True,,Internship,,Software,"Reno, Nevada, United States; San Francisco, California, United States",unknown,,,C++; Go; Rust,2026-09-09T14:28:38-04:00,exact,2026-09-10T14:19:22Z,https://job-boards.greenhouse.io/amperesand/jobs/4381214009
Lexington Medical,Electrical/Embedded Software Engineer Intern,Summer 2027,False,,Internship,,Hardware,"Bedford, MA",unknown,3,,C++,2026-09-09T10:36:33-04:00,exact,2026-09-09T18:34:11Z,https://job-boards.greenhouse.io/lexingtonmedical/jobs/5400236008
Pacific Fusion,Summer 2027 Internship- Mechanical Engineering,Summer 2027,False,,Internship,,Hardware,"San Leandro, CA/Fremont, CA or Los Lunas, NM",citizens-only,,,Python; MATLAB,2026-09-09T16:15:23-04:00,exact,2026-09-10T14:19:22Z,https://job-boards.greenhouse.io/pacificfusion/jobs/4398312009
Pacific Fusion,Summer 2027 Internship- Software Engineering,Summer 2027,False,,Internship,,Software,"San Leandro, CA/Fremont, CA or Los Lunas, NM",citizens-only,,,Python; TypeScript; JavaScript; SQL; MATLAB; React; Docker; Git,2026-09-09T16:46:02-04:00,exact,2026-09-10T14:19:22Z,https://job-boards.greenhouse.io/pacificfusion/jobs/4398373009
Pacific Fusion,Summer 2027 Internship-Manufacturing Engineering,Summer 2027,False,,Internship,,Hardware,"San Leandro, CA - Fremont, CA - Los Lunas, NM",citizens-only,,,Python; MATLAB,2026-09-09T14:47:52-04:00,exact,2026-09-10T14:19:22Z,https://job-boards.greenhouse.io/pacificfusion/jobs/4398388009
Rocket Lab,Additive Manufacturing Intern Summer 2027,Summer 2027,False,,Internship,,Hardware,"Long Beach, CA",citizens-only,,,,2026-09-09T18:35:11-04:00,exact,2026-09-10T00:06:03Z,https://job-boards.greenhouse.io/rocketlab/jobs/7984600003
Rocket Lab,Fluid Systems Intern Summer 2027,Summer 2027,False,,Internship,,Hardware,"Long Beach, CA",citizens-only,,,,2026-09-09T18:57:41-04:00,exact,2026-09-10T00:06:03Z,https://job-boards.greenhouse.io/rocketlab/jobs/7986794003
Rocket Lab,Flight Software Intern Summer 2027,Summer 2027,False,,Internship,,Software,"Littleton, CO",citizens-only,,,Python; C++; Rust; Git,2026-09-09T18:49:59-04:00,exact,2026-09-10T00:06:03Z,https://job-boards.greenhouse.io/rocketlab/jobs/7989722003
Rocket Lab,Fluid Component Intern Summer 2027,Summer 2027,False,,Internship,,Hardware,"Long Beach, CA",citizens-only,,,Python,2026-09-09T18:53:19-04:00,exact,2026-09-10T00:06:03Z,https://job-boards.greenhouse.io/rocketlab/jobs/7990365003
Crest Industries,Developer Intern,Not stated,True,,Internship,,Software,"Pineville, Louisiana",unknown,,,,2026-09-09T17:16:25Z,exact,2026-09-09T18:34:11Z,https://jobs.lever.co/crestoperations/e012721c-e731-483d-a4e3-1a240c48bfbd
Immuta,Platform & Site Reliability Engineering Internship - Summer 2027,Summer 2027,False,,Internship,,Software,"Columbus, OH",unknown,,25–30 USD/hr,AWS; GCP; Azure,2026-09-09T19:47:49Z,exact,2026-09-10T14:19:22Z,https://jobs.lever.co/immuta/3c4cb235-6138-4a50-add2-666a5216427e
Immuta,Full-Stack Engineering Internship - Summer 2027,Summer 2027,False,,Internship,,Software,"Columbus, OH",unknown,,25–30 USD/hr,TypeScript; JavaScript; Node.js; AWS; GCP; Azure,2026-09-09T19:53:58Z,exact,2026-09-10T14:19:22Z,https://jobs.lever.co/immuta/b9b21075-74a4-4b64-8f1b-f0be1fb0b24d
Zachry Group,Engineer I Civil/Structural- Intern,Not stated,True,,Internship,,Hardware,"Stonington, CT, United States",unknown,,,,2026-09-09,date_only,2026-09-09T14:26:17Z,https://fa-evfm-saasfaprod1.fa.ocs.oraclecloud.com/hcmUI/CandidateExperience/en/sites/CX_1029/job/15623
Zachry Group,Cyber Security Specialist I - Intern,Not stated,True,,Internship,,Security,"Stonington, CT, United States",unknown,,,,2026-09-09,date_only,2026-09-09T14:26:17Z,https://fa-evfm-saasfaprod1.fa.ocs.oraclecloud.com/hcmUI/CandidateExperience/en/sites/CX_1029/job/15624
AECOM,Structural Engineering Intern,Summer 2027,False,,Internship,,Hardware,"Virginia Beach, VA, United States",unknown,246,,,2026-09-09T17:31:49.534Z,exact,2026-09-09T18:34:11Z,https://jobs.smartrecruiters.com/AECOM2/744000148574554
AECOM,Structural Engineering Intern,Summer 2027,False,,Internship,,Hardware,"Virginia Beach, VA, United States",unknown,246,,,2026-09-09T18:40:45.641Z,exact,2026-09-09T21:43:20Z,https://jobs.smartrecruiters.com/AECOM2/744000148586189
AECOM,Structural Engineering Intern,Summer 2027,False,,Internship,,Hardware,"Hunt Valley, MD, United States",unknown,246,,,2026-09-09T21:35:14.970Z,exact,2026-09-10T00:06:03Z,https://jobs.smartrecruiters.com/AECOM2/744000148614639
AECOM,Structural Engineering Intern,Not stated,True,,Internship,,Hardware,"Pittsburgh, PA, United States",citizens-only,246,,,2026-09-09T21:38:25.368Z,exact,2026-09-10T00:06:03Z,https://jobs.smartrecruiters.com/AECOM2/744000148614879
Bosch,Manufacturing Engineer Intern - Summer 2027,Summer 2027,False,,Internship,,Hardware,"Lincolnshire, IL, United States",unknown,,$20–$27/hr,,2026-09-09T14:09:02.135Z,exact,2026-09-09T14:26:17Z,https://jobs.smartrecruiters.com/BoschGroup/744000148518808
Bosch,Manufacturing Engineer Intern - Summer 2027,Summer 2027,False,,Internship,,Hardware,"Lincolnshire, IL, United States",unknown,,,,2026-09-09T15:19:22.421Z,exact,2026-09-09T18:34:11Z,https://jobs.smartrecruiters.com/BoschGroup/744000148542054
Bosch,Product Management AI-Tool Intern (8 months/40hrs per week),Not stated,True,,Internship,,Data & ML/AI,"Farmington Hills, MI, United States",unknown,,,,2026-09-09T17:36:48.354Z,exact,2026-09-09T18:34:11Z,https://jobs.smartrecruiters.com/BoschGroup/744000148575999
Eurofins,AI & Automation Intern,Fall 2026,False,,Internship,,Data & ML/AI,"Barcelona, CT, ES",unknown,,,Python; SQL,2026-09-09T14:49:32.341Z,exact,2026-09-09T18:34:11Z,https://jobs.smartrecruiters.com/Eurofins/744000148531473
Lawrence Livermore National Laboratory (LLNL),Materials Engineering Division (MED): Undergraduate Intern - Summer 2027,Summer 2027,False,,Internship,,Hardware,"Livermore, CA, United States",citizens-only,,,,2026-09-09T00:23:05.903Z,exact,2026-09-09T04:14:05Z,https://jobs.smartrecruiters.com/LLNL/3743990015127766
Lawrence Livermore National Laboratory (LLNL),Materials Engineering Division (MED): Graduate Intern - Summer 2027,Summer 2027,False,,Internship,,Hardware,"Livermore, CA, United States",citizens-only,,,,2026-09-09T00:25:27.765Z,exact,2026-09-09T04:14:05Z,https://jobs.smartrecruiters.com/LLNL/3743990015127776
Pilot Company,"Program Intern, Infrastructure Support",Summer 2027,False,,Internship,,Software,"Knoxville, TN, United States",unknown,29,,AWS,2026-09-09T17:42:37.097Z,exact,2026-09-10T14:19:22Z,https://jobs.smartrecruiters.com/PilotCompany/744000148577368
RESPEC,Student Engineering Intern (Mechanical or Electrical),Not stated,True,,Internship,,Hardware,"Anchorage, AK, United States",unknown,,,,2026-09-09T19:35:08.807Z,exact,2026-09-09T21:43:20Z,https://jobs.smartrecruiters.com/RESPECInc/744000148594874
RESPEC,Student Engineering Intern (Structural),Not stated,True,,Internship,,Hardware,"Anchorage, AK, United States",unknown,,,,2026-09-09T19:48:35.304Z,exact,2026-09-09T21:43:20Z,https://jobs.smartrecruiters.com/RESPECInc/744000148597749
Allegion,Summer Intern - Mechanical Engineer,Not stated,True,,Internship,,Hardware,"Colorado Springs, CO",unknown,,,,2026-09-09T00:00:00Z,date_only,2026-09-10T04:34:05Z,https://allegion.wd5.myworkdayjobs.com/careers/job/Colorado-Springs-CO/Summer-Intern---Mechanical-Engineer_JR37316-1
Allegion,Summer Intern - Mechanical Engineering,Not stated,True,,Internship,,Hardware,"Everett, WA",unknown,,,,2026-09-09T00:00:00Z,date_only,2026-09-10T04:34:05Z,https://allegion.wd5.myworkdayjobs.com/careers/job/Everett-WA/Mechanical-Engineering-Intern_JR37384-2
Allegion,"Summer Intern – Mechanical Engineer – Golden, CO",Not stated,True,,Internship,,Hardware,"Golden, CO",unknown,,,,2026-09-09T00:00:00Z,date_only,2026-09-10T04:34:05Z,https://allegion.wd5.myworkdayjobs.com/careers/job/Golden-CO/Summer-Intern---Mechanical-Engineer---Golden--CO_JR37455-2
Allegion,Summer Intern - Firmware Engineer,Not stated,True,,Internship,,Hardware,"Indianapolis, IN - Hague Rd",unknown,,,Python; C#,2026-09-09T00:00:00Z,date_only,2026-09-10T04:34:05Z,https://allegion.wd5.myworkdayjobs.com/careers/job/Indianapolis-IN---Hague-Rd/Summer-Intern---Firmware-Engineer_JR37333-1
Allegion,Summer Intern - Mechanical Engineer,Not stated,True,,Internship,,Hardware,"Indianapolis, IN - Hague Rd",unknown,,,,2026-09-09T00:00:00Z,date_only,2026-09-10T04:34:05Z,https://allegion.wd5.myworkdayjobs.com/careers/job/Indianapolis-IN---Hague-Rd/Summer-Intern---Mechanical-Engineer_JR37491-1
Allegion,Summer Intern - Manufacturing Engineering - Assembly,Not stated,True,,Internship,,Hardware,"Indianapolis, IN - Tobey Dr",unknown,,,,2026-09-09T00:00:00Z,date_only,2026-09-09T18:34:11Z,https://allegion.wd5.myworkdayjobs.com/careers/job/Indianapolis-IN---Tobey-Dr/Summer-Intern---Manufacturing-Engineering---Assembly_JR37346-1
Auto-Owners Insurance,IT Document Automation Developer Internship - Summer 2027,Summer 2027,False,,Internship,,Software,"Lansing, MI",unknown,,,Java; JavaScript,2026-09-09T00:00:00Z,date_only,2026-09-09T14:26:17Z,https://aoins.wd5.myworkdayjobs.com/AutoOwners/job/Lansing-MI/IT-Document-Automation-Developer-Internship---Summer-2027_R_14471
Auto-Owners Insurance,Intelligent Automation Developer Internship - Summer 2027,Summer 2027,False,,Internship,,Software,"Lansing, MI",unknown,,,Java,2026-09-09T00:00:00Z,date_only,2026-09-09T14:26:17Z,https://aoins.wd5.myworkdayjobs.com/AutoOwners/job/Lansing-MI/Intelligent-Automation-Developer-Internship---Summer-2027_R_14474
Booz Allen,Enterprise Cybersecurity Education and Execution Intern,Not stated,True,,Internship,,Security,"McLean, VA",citizens-only,38,$108k/yr,,2026-09-09T00:00:00Z,date_only,2026-09-09T21:43:20Z,https://bah.wd1.myworkdayjobs.com/bah_jobs/job/McLean-VA/Enterprise-Cybersecurity-Education-and-Execution-Intern_R0249071
Booz Allen,"University – Summer 27, Enterprise Cybersecurity IT Policy Intern",Not stated,True,,Internship,,Security,"McLean, VA",citizens-only,38,$108k/yr,,2026-09-09T00:00:00Z,date_only,2026-09-09T21:43:20Z,https://bah.wd1.myworkdayjobs.com/bah_jobs/job/McLean-VA/University---Summer-27--Enterprise-Cybersecurity-IT-Policy-Intern_R0249077
Booz Allen,"University – Summer 27, Enterprise Cybersecurity Vulnerability Intern",Not stated,True,,Internship,,Security,"McLean, VA",citizens-only,38,$126k/yr,Python; SQL; AWS; GCP; Azure; Tableau,2026-09-09T00:00:00Z,date_only,2026-09-09T21:43:20Z,https://bah.wd1.myworkdayjobs.com/bah_jobs/job/McLean-VA/University---Summer-27--Enterprise-Cybersecurity-Vulnerability-Intern_R0249085
Bracco,Mechanical Engineering Co-op (R&D Sustaining),Summer 2027,False,,Co-op,,Hardware,"USA, Eden Prairie, Minnesota, 55344",no-sponsorship,,$23–$25/hr,,2026-09-09T00:00:00Z,date_only,2026-09-12T13:36:56Z,https://bracco.wd103.myworkdayjobs.com/braccocareers/job/USA-Eden-Prairie-Minnesota-55344/Mechanical-Engineering-Co-op--R-D-Sustaining-_JR100317
CACI,DevOps/Software Engineering Intern - Summer 2027,Summer 2027,False,,Internship,,Software,"Denver, CO, US",citizens-only,3,,Python; Java; Linux; Git,2026-09-09T00:00:00Z,date_only,2026-09-18T14:23:29Z,https://caci.wd1.myworkdayjobs.com/external/job/Denver-CO-US/DevOps-Software-Engineering-Intern---Summer-2027_331798
Cigna Group,The Cigna Group's Technology Development Program - AI Engineering Track Summer Internship,Summer 2027,False,,Internship,,Data & ML/AI,"TX, Austin, 11501 Alterra Pkwy STE 500",unknown,,$25–$33/hr,Python; PyTorch; TensorFlow; scikit-learn; Pandas; LLMs; Spark; Hadoop,2026-09-09T00:00:00Z,date_only,2026-09-09T21:43:20Z,https://cigna.wd5.myworkdayjobs.com/cignacareers/job/TX-Austin-11501-Alterra-Pkwy-STE-500/The-Cigna-Group-s-Technology-Development-Program---AI-Engineering-Track-Summer-Internship_26009535
General Motors,2027 Summer Intern – Manufacturing Engineering – Global Artisan Innovation Center,Summer 2027,False,,Internship,,Hardware,"Warren, Michigan, United States of America",unknown,928,,,2026-09-09T00:00:00Z,date_only,2026-09-09T21:43:20Z,https://generalmotors.wd5.myworkdayjobs.com/Careers_GM/job/Warren-Michigan-United-States-of-America/XMLNAME-2027-Summer-Intern---Manufacturing-Engineering---Global-Artisan-Innovation-Center_JR-202619920
General Motors,2027 Summer Intern - PFMEA Manufacturing Engineer,Summer 2027,False,,Internship,,Hardware,"Warren, Michigan, United States of America",unknown,928,,,2026-09-09T00:00:00Z,date_only,2026-09-10T00:06:03Z,https://generalmotors.wd5.myworkdayjobs.com/Careers_GM/job/Warren-Michigan-United-States-of-America/XMLNAME-2027-Summer-Intern---PFMEA-Manufacturing-Engineer_JR-202619950
RTX,Software Engineering Intern (Summer 2027),Summer 2027,False,,Internship,,Software,US-IA-CEDAR RAPIDS-166 ~ 855 35Th St NE ~ BLDG 166,citizens-only,,,Python; C++,2026-09-09T00:00:00Z,date_only,2026-09-09T14:26:17Z,https://globalhr.wd5.myworkdayjobs.com/rec_rtx_ext_gateway/job/US-IA-CEDAR-RAPIDS-166--855-35Th-St-NE--BLDG-166/Software-Engineering-Intern--Summer-2027-_01872878
Graco,AI Intern,Not stated,True,,Internship,,Data & ML/AI,"Dayton, Minnesota, USA (French Lake)",no-sponsorship,,,Python; LLMs; AWS; Azure; Kubernetes; Docker; Git,2026-09-09T00:00:00Z,date_only,2026-09-09T21:43:20Z,https://graco.wd501.myworkdayjobs.com/Graco_Careers/job/Dayton-Minnesota-USA-French-Lake/AI-Intern_R0023511-1
Graco,AI intern,Not stated,True,,Internship,,Data & ML/AI,"Dayton, Minnesota, USA (French Lake)",no-sponsorship,,,Python; LLMs; AWS; Azure; Kubernetes; Docker; Git,2026-09-09T00:00:00Z,date_only,2026-09-09T21:43:20Z,https://graco.wd501.myworkdayjobs.com/Graco_Careers/job/Dayton-Minnesota-USA-French-Lake/AI-intern_R0023512
Graco,Manufacturing Engineering Intern,Not stated,True,,Internship,,Hardware,"Dayton, Minnesota, USA (French Lake)",no-sponsorship,,,React,2026-09-09T00:00:00Z,date_only,2026-09-09T18:34:11Z,https://graco.wd501.myworkdayjobs.com/Graco_Careers/job/Dayton-Minnesota-USA-French-Lake/Manufacturing-Engineering-Intern_R0023564
Graco,Manufacturing Engineering (Operational Technology) Co-op (January - August 2027),Summer 2027,False,,Co-op,,Hardware,"Rogers, Minnesota, USA (David Koch Center)",no-sponsorship,,,React,2026-09-09T00:00:00Z,date_only,2026-09-09T18:34:11Z,https://graco.wd501.myworkdayjobs.com/Graco_Careers/job/Rogers-Minnesota-USA-David-Koch-Center/Manufacturing-Engineering--Operational-Technology--Co-op--January---August-2027-_R0023574
GreatAmerica Financial Services,Software Engineer Intern,Not stated,True,,Internship,,Software,"Cedar Rapids, IA",unknown,,,SQL; .NET,2026-09-09T00:00:00Z,date_only,2026-09-10T14:19:22Z,https://greatamerica.wd12.myworkdayjobs.com/greatamericacareers/job/Cedar-Rapids-IA/Software-Engineer-Intern_JR1221
HMH,Manufacturing Shop Operations Intern,Summer 2027,False,,Internship,,Hardware,"Houston, TX",unknown,,,,2026-09-09T00:00:00Z,date_only,2026-09-10T14:19:22Z,https://hmhw.wd12.myworkdayjobs.com/hmh_careers/job/Houston-TX/Manufacturing-Shop-Operations-Intern_JR102389
HMH,Mechanical Engineering Intern,Summer 2027,False,,Internship,,Hardware,"Houston, TX",unknown,,,,2026-09-09T00:00:00Z,date_only,2026-09-10T14:19:22Z,https://hmhw.wd12.myworkdayjobs.com/hmh_careers/job/Houston-TX/Mechanical-Engineering-Intern_JR102383
HMH,Software Engineering Intern,Summer 2027,False,,Internship,,Software,"Houston, TX",unknown,,,Python; JavaScript; Angular; PostgreSQL,2026-09-09T00:00:00Z,date_only,2026-09-10T14:19:22Z,https://hmhw.wd12.myworkdayjobs.com/hmh_careers/job/Houston-TX/Software-Engineering-Intern_JR102384
Hypertherm,Mechanical Engineering Winter/Spring Internship or Co-Op - Central Engineering (NH),Not stated,True,,Internship / Co-op,,Hardware,"Hanover, NH",unknown,9,,,2026-09-09T00:00:00Z,date_only,2026-09-11T14:19:51Z,https://hypertherm.wd503.myworkdayjobs.com/hypertherm-careers/job/Hanover-NH/Mechanical-Engineering-Winter-Spring-Internship-or-Co-Op---Central-Engineering--NH-_R4060
Hypertherm,Mechanical Engineering Winter/Spring Internship or Co-Op - Central Engineering (WA),Not stated,True,,Internship / Co-op,,Hardware,"Kent, WA",unknown,9,,,2026-09-09T00:00:00Z,date_only,2026-09-11T14:19:51Z,https://hypertherm.wd503.myworkdayjobs.com/hypertherm-careers/job/Kent-WA/Mechanical-Engineering-Winter-Spring-Internship-or-Co-Op---Central-Engineering--WA-_R4061
IDEX,Mechanical Engineer-Intern,Not stated,True,,Internship,,Hardware,"Oklahoma City, Oklahoma",unknown,2,,,2026-09-09T00:00:00Z,date_only,2026-09-09T18:34:11Z,https://idexcorp.wd5.myworkdayjobs.com/idex_careers/job/Oklahoma-City-Oklahoma/Mechanical-Engineer-Intern_R-09824-1
Leidos,Aerospace M&S Engineer Intern,Not stated,True,,Internship,,Hardware,"Huntsville, AL",citizens-only,79,,Python; C++; MATLAB; Linux; Git,2026-09-09T00:00:00Z,date_only,2026-09-09T18:34:11Z,https://leidos.wd5.myworkdayjobs.com/External/job/Huntsville-AL/Aerospace-M-S-Engineer-Intern_R-00191760
Leidos,Mechanical Design Engineer Summer Intern,Not stated,True,,Internship,,Hardware,"Huntsville, AL",citizens-only,79,,,2026-09-09T00:00:00Z,date_only,2026-09-09T18:34:11Z,https://leidos.wd5.myworkdayjobs.com/External/job/Huntsville-AL/Mechanical-Design-Engineer-Summer-Intern_R-00191782
Momentive,Summer 2027 Intern - Waterford Manufacturing Engineering,Summer 2027,False,,Internship,,Hardware,US NY Waterford,unknown,44,,,2026-09-09T00:00:00Z,date_only,2026-09-09T21:43:20Z,https://momentive.wd1.myworkdayjobs.com/MC/job/US-NY-Waterford/Summer-2027-Intern---Waterford-Manufacturing-Engineering_R9885
Moog,"Intern, Software Engineering",Summer 2027,False,,Internship,,Software,"Mineral Wells, TX",unknown,2,,,2026-09-09T00:00:00Z,date_only,2026-09-09T09:37:19Z,https://moog.wd5.myworkdayjobs.com/moog_external_career_site/job/Mineral-Wells-TX/Intern--Software-Engineering_R-26-19888-1
Verizon Communications,Verizon Consumer Group: AI/ML Engineering Summer 2027 Internship,Summer 2027,False,,Internship,,Data & ML/AI,"Basking Ridge, New Jersey",unknown,,$27/hr,LLMs; Computer Vision,2026-09-09T00:00:00Z,date_only,2026-09-09T14:26:17Z,https://verizon.wd12.myworkdayjobs.com/verizon-careers/job/Basking-Ridge-New-Jersey/Verizon-Consumer-Group--AI-ML-Engineering-Summer-2027-Internship_R-1100605
Amazon,"System Dev Engineer I Co-op (Robotics), Autonomous AI Security",Not stated,True,,Co-op,,Data & ML/AI,"Austin, Texas, USA",unknown,23139,,Python; C++; Computer Vision; AWS; Git,2026-09-08T00:00:00Z,date_only,2026-09-08T21:06:03Z,https://www.amazon.jobs/en/jobs/3117694/system-dev-engineer-i-co-op-robotics-autonomous-ai-security
Allen Control Systems,"Computer Vision/Machine Learning Intern, 2027",Summer 2027,False,,Internship,,Data & ML/AI,"Austin, TX",unknown,,,Python; C++; PyTorch; TensorFlow; Computer Vision,2026-09-08T21:21:47.890+00:00,exact,2026-09-08T23:26:42Z,https://jobs.ashbyhq.com/allen-control-systems/a7831fef-7125-4c03-b828-5f0472989037
Allen Control Systems,"Mechanical Engineering Intern, 2027",Summer 2027,False,,Internship,,Hardware,"Austin, TX",unknown,,,Computer Vision,2026-09-08T21:19:52.236+00:00,exact,2026-09-08T23:26:42Z,https://jobs.ashbyhq.com/allen-control-systems/ad41a645-7b94-407d-a579-003fba1b8e68
Allen Control Systems,"Software Engineering Intern, 2027",Summer 2027,False,,Internship,,Software,"Austin, TX",unknown,,,Python; Java; C++; Kotlin; Computer Vision; Linux,2026-09-08T21:15:51.942+00:00,exact,2026-09-09T04:14:05Z,https://jobs.ashbyhq.com/allen-control-systems/ed5c58a7-6a3c-474b-aa07-43ff2051cb5c
ConductorAI,Software Engineer Intern,Not stated,True,,Internship,,Software,New York City,citizens-only,,,Python; TypeScript; LLMs; React,2026-09-08T15:08:22.394+00:00,exact,2026-09-09T14:26:17Z,https://jobs.ashbyhq.com/conductorai/d6a1b110-10ad-4b5e-83a0-88c5fd7bc891
Matic,Robotics Customer Success Intern,Not stated,True,,Internship,,Hardware,"Menlo Park, CA",unknown,,$25–$35/hr,,2026-09-08T02:30:04.276+00:00,exact,2026-09-08T07:15:06Z,https://jobs.ashbyhq.com/maticrobots/a0d77cc5-555f-46d8-89b1-e1df201a77dc
Talos,"Software Engineer Intern, RFQ",Summer 2027,False,,Internship,,Software,New York,unknown,,$50 per hour,Java; C++; Git; PostgreSQL,2026-09-08T17:02:29.617+00:00,exact,2026-09-08T17:18:21Z,https://jobs.ashbyhq.com/talos-trading/2c833180-484f-4657-80e3-f822cf1a0285
Talos,"Software Engineer Intern, Dealer",Summer 2027,False,,Internship,,Software,New York,unknown,,$50 per hour,Java; C++; Git; PostgreSQL,2026-09-08T16:25:15.171+00:00,exact,2026-09-08T17:18:21Z,https://jobs.ashbyhq.com/talos-trading/91fd5274-3b6b-43cf-b366-9f6dc2ae5977
Coinbase,Software Engineer Intern,Summer 2027,False,,Internship,,Software,"Hybrid - San Francisco, CA",unknown,291,,LLMs,2026-09-08T18:12:20-04:00,exact,2026-09-08T23:26:42Z,https://www.coinbase.com/careers/positions/8168315?gh_jid=8168315
Coinbase,Machine Learning Engineer Intern,Summer 2027,False,,Internship,,Data & ML/AI,"Hybrid - San Francisco, CA",unknown,291,,Python; PyTorch; TensorFlow; LLMs,2026-09-08T18:22:07-04:00,exact,2026-09-08T23:26:42Z,https://www.coinbase.com/careers/positions/8175441?gh_jid=8175441
Coinbase,Data Engineer Intern,Summer 2027,False,,Internship,,Data & ML/AI,"Hybrid - San Francisco, CA",unknown,291,,Python; SQL; LLMs; AWS; GCP; Azure,2026-09-08T18:19:13-04:00,exact,2026-09-08T23:26:42Z,https://www.coinbase.com/careers/positions/8175459?gh_jid=8175459
Coinbase,Data Science Intern,Summer 2027,False,,Internship,,Data & ML/AI,"Hybrid - San Francisco, CA",unknown,291,,Python; SQL; LLMs,2026-09-08T18:20:03-04:00,exact,2026-09-08T23:26:42Z,https://www.coinbase.com/careers/positions/8175462?gh_jid=8175462
Coinbase,Analytics Engineer Intern,Summer 2027,False,,Internship,,Data & ML/AI,"Hybrid - San Francisco, CA",unknown,291,,Python; SQL; LLMs,2026-09-08T18:20:56-04:00,exact,2026-09-08T23:26:42Z,https://www.coinbase.com/careers/positions/8175471?gh_jid=8175471
Datadog,Software Engineering Intern (Summer),Summer 2027,False,,Internship,,Software,"Boston, Massachusetts, USA; New York, New York, USA",unknown,62,,Kubernetes,2026-09-08T10:07:37-04:00,exact,2026-09-08T17:18:21Z,https://careers.datadoghq.com/detail/8052118/?gh_jid=8052118
Eudia,AI Engineer Intern,Not stated,True,,Internship,,Data & ML/AI,"Palo Alto, CA",unknown,,,LLMs,2026-09-08T15:58:26-04:00,exact,2026-09-08T21:06:03Z,https://job-boards.greenhouse.io/eudia/jobs/4020078009
Flagship Pioneering,Pioneering Intelligence: Data Science Co-Op (Embedded Science Team),Not stated,True,,Co-op,,Data & ML/AI,"Cambridge, MA USA",unknown,6,$25–$35/hr,Python; PyTorch; AWS; GCP; Azure; Git,2026-09-08T13:08:58-04:00,exact,2026-09-08T17:18:21Z,https://job-boards.greenhouse.io/fspco-op012325/jobs/8783960002
K2 Space,Simulation Software Engineering Intern - Summer 2027,Summer 2027,False,,Internship,,Software,"Los Angeles, CA",citizens-only,,$30–$40/hr,Python; C++; Rust; MATLAB; Linux,2026-09-08T23:13:57-04:00,exact,2026-09-18T04:15:10Z,https://job-boards.greenhouse.io/k2spacecorporation/jobs/5418727008
RF-SMART,Software Support Engineer Internship (NetSuite) - Summer 2027,Summer 2027,False,,Internship,,Software,"Highlands Ranch, Colorado, United States",no-sponsorship,,$25/hr,JavaScript,2026-09-08T16:07:51-04:00,exact,2026-09-08T21:06:03Z,https://job-boards.greenhouse.io/rfsmart/jobs/5409034008
Syska Hennessy Group,Mechanical Engineering Summer Intern,Not stated,True,,Internship,,Hardware,"Los Angeles, CA",unknown,,,,2026-09-08T11:53:07-04:00,exact,2026-09-08T17:18:21Z,https://job-boards.greenhouse.io/syskahennessy/jobs/8175600
Syska Hennessy Group,Mechanical Engineering Summer Intern,Not stated,True,,Internship,,Hardware,"San Diego, CA",unknown,,,,2026-09-08T12:10:40-04:00,exact,2026-09-08T17:18:21Z,https://job-boards.greenhouse.io/syskahennessy/jobs/8177222
Syska Hennessy Group,Mechanical Engineer Summer Intern,Not stated,True,,Internship,,Hardware,"San Francisco, CA",unknown,,,,2026-09-08T12:12:04-04:00,exact,2026-09-08T17:18:21Z,https://job-boards.greenhouse.io/syskahennessy/jobs/8177276
Syska Hennessy Group,Mechanical Engineer Summer Intern,Not stated,True,,Internship,,Hardware,"Chicago, IL",unknown,,,,2026-09-08T11:45:01-04:00,exact,2026-09-08T17:18:21Z,https://job-boards.greenhouse.io/syskahennessy/jobs/8177404
Syska Hennessy Group,Mechanical Engineer Summer Intern,Not stated,True,,Internship,,Hardware,"Dallas, TX",unknown,,,,2026-09-08T11:50:42-04:00,exact,2026-09-08T17:18:21Z,https://job-boards.greenhouse.io/syskahennessy/jobs/8177511
Syska Hennessy Group,Mechanical Engineer Summer Intern,Not stated,True,,Internship,,Hardware,"New York, NY",unknown,,,,2026-09-08T12:07:43-04:00,exact,2026-09-08T17:18:21Z,https://job-boards.greenhouse.io/syskahennessy/jobs/8177739
Syska Hennessy Group,Software Developer (Innovation) Summer Intern,Not stated,True,,Internship,,Software,"New York, NY",unknown,,,Python; Java; JavaScript; Swift; Kotlin; Git,2026-09-08T12:08:55-04:00,exact,2026-09-08T17:18:21Z,https://job-boards.greenhouse.io/syskahennessy/jobs/8177938
Syska Hennessy Group,Mechanical Engineering Summer Intern,Not stated,True,,Internship,,Hardware,"Charlotte, NC",unknown,,,,2026-09-08T11:43:04-04:00,exact,2026-09-08T17:18:21Z,https://job-boards.greenhouse.io/syskahennessy/jobs/8177975
Syska Hennessy Group,Mechanical Engineer Summer Intern,Not stated,True,,Internship,,Hardware,"Jacksonville, FL",unknown,,,,2026-09-08T13:22:46-04:00,exact,2026-09-08T21:06:03Z,https://job-boards.greenhouse.io/syskahennessy/jobs/8178051
Viam,Software Engineering Intern (Summer 2027),Summer 2027,False,,Internship,,Software,"New York, NY",unknown,,,Go; TypeScript; Vue; Linux; MongoDB,2026-09-08T16:09:57-04:00,exact,2026-09-09T14:26:17Z,https://job-boards.greenhouse.io/viamrobotics/jobs/6185046004
Shield AI,Summer 2027 - Software Engineer Intern,Summer 2027,False,,Internship,,Software,"San Diego, California",unknown,2,37–97 USD/hr,Python; Java; C++; JavaScript; PyTorch; TensorFlow; Git,2026-09-08T20:57:36Z,exact,2026-09-10T04:34:05Z,https://jobs.lever.co/shieldai/8c850c75-081d-4d09-bebf-096379a93010
Bosch,Product Management Intern,Not stated,True,,Internship,,Software,"Vernon Hills, IL, United States",unknown,,,,2026-09-08T14:14:24.381Z,exact,2026-09-08T17:18:21Z,https://jobs.smartrecruiters.com/BoschGroup/744000148250353
M3USA,AI Engineering Intern (Remote),Not stated,True,,Internship,yes,Data & ML/AI,"Fort Washington, PA, United States (Remote)",unknown,,,Python; TypeScript; JavaScript; LLMs; Git,2026-09-08T13:47:05.082Z,exact,2026-09-08T17:18:21Z,https://jobs.smartrecruiters.com/M3USA/744000148244649
Coretek Services,AI & Automation Development Intern,Not stated,True,,Internship,,Data & ML/AI,"Farmington Hills, Michigan, United States",unknown,,,Python; Java; C#; LLMs; Azure,2026-09-08T00:00:00.000Z,date_only,2026-09-09T14:26:17Z,https://apply.workable.com/coretek-services/j/8D69C6C871/
Syntiant,Machine Learning Intern - KWS/AED,Not stated,True,,Internship,,Data & ML/AI,"Redwood City, California, United States",unknown,5,,Python; PyTorch; TensorFlow,2026-09-08T00:00:00.000Z,date_only,2026-09-11T21:42:15Z,https://apply.workable.com/syntiant/j/113F994B7B/
Allegion,Summer Intern - Firmware Engineer,Not stated,True,,Internship,,Hardware,"Farmington, CT",unknown,,$25–$26/hr,,2026-09-08T00:00:00Z,date_only,2026-09-08T23:26:42Z,https://allegion.wd5.myworkdayjobs.com/careers/job/Farmington-CT/Firmware-Engineer-Intern_JR37449-1
Allegion,Summer Intern - Mechanical Engineer,Not stated,True,,Internship,,Hardware,"Princeton, IL",unknown,,,,2026-09-08T00:00:00Z,date_only,2026-09-08T17:18:21Z,https://allegion.wd5.myworkdayjobs.com/careers/job/Princeton-IL/Summer-Intern---Mechanical-Engineer_JR37342-2
Auto-Owners Insurance,IT Security Engineer Internship - Summer 2027,Summer 2027,False,,Internship,,Security,"Lansing, MI",unknown,,,,2026-09-08T00:00:00Z,date_only,2026-09-08T21:06:03Z,https://aoins.wd5.myworkdayjobs.com/AutoOwners/job/Lansing-MI/IT-Security-Engineer-Internship---Summer-2027_R_14477
Brunswick,Manufacturing Engineering Intern Summer '27,Summer 2027,False,,Internship,,Hardware,"Edgewater, FL",no-sponsorship,54,$18–$26/hr,,2026-09-08T00:00:00Z,date_only,2026-09-09T21:43:20Z,https://brunswick.wd1.myworkdayjobs.com/search/job/Edgewater-FL/Manufacturing-Engineering-Intern-Summer--27_JR-051339
Brunswick,Manufacturing Engineering Intern,Summer 2027,False,,Internship,,Hardware,"Edgewater, FL",no-sponsorship,54,$18–$26/hr,,2026-09-08T00:00:00Z,date_only,2026-09-09T21:43:20Z,https://brunswick.wd1.myworkdayjobs.com/search/job/Edgewater-FL/Manufacturing-Engineering-Intern_JR-051540
Buildertrend,Software Engineering Intern,Not stated,True,,Internship,,Software,"Omaha, NE",unknown,5,$28/hr,Java; C#; React; Git,2026-09-08T00:00:00Z,date_only,2026-09-09T14:26:17Z,https://buildertrend.wd108.myworkdayjobs.com/External_Careers/job/Omaha-NE/Software-Engineering-Inter_JR-000467
C.H. Robinson,Software Engineering Internship 2027,Summer 2027,False,,Internship,,Software,"Eden Prairie, MN United States of America",unknown,21,$15–$30/hr,C#; JavaScript; SQL; React; Git,2026-09-08T00:00:00Z,date_only,2026-09-08T17:18:21Z,https://chrobinson.wd5.myworkdayjobs.com/CHRobinson/job/Eden-Prairie-MN-United-States-of-America/Software-Engineering-Internship-2027_R49323
Cisco,Software Consulting Engineer I (Intern) United States,Not stated,True,,Internship,,Software,USA-RESEARCH TRIANGLE PARK,unknown,3396,,Python; Java; SQL; Vue; Spring; Linux; Git,2026-09-08T00:00:00Z,date_only,2026-09-09T09:37:19Z,https://cisco.wd5.myworkdayjobs.com/cisco_careers/job/USA-RESEARCH-TRIANGLE-PARK/Software-Consulting-Engineer-I--Intern--United-States_2025180
Cox,"Data Scientist Intern - Summer 2027 (Atlanta, GA)",Summer 2027,False,,Internship,,Data & ML/AI,Atlanta GA,unknown,,$24.23–$36.35/hr,Python; SQL; Spark; Hadoop,2026-09-08T00:00:00Z,date_only,2026-09-15T04:28:47Z,https://cox.wd1.myworkdayjobs.com/Cox_External_Career_Site_1/job/Atlanta-GA/Data-Scientist-Intern---Summer-2027--Atlanta--GA-_R202682164
Cox,"Product Management Intern - Summer 2027 (Atlanta, GA)",Summer 2027,False,,Internship,,Software,Atlanta GA,unknown,,$24.23–$36.35/hr,,2026-09-08T00:00:00Z,date_only,2026-09-15T04:28:47Z,https://cox.wd1.myworkdayjobs.com/Cox_External_Career_Site_1/job/Atlanta-GA/Product-Management-Intern---Summer-2027--Atlanta--GA-_R202682174
Cox,"Software Engineering Intern - Summer 2027 (Atlanta, GA)",Summer 2027,False,,Internship,,Software,Atlanta GA,unknown,,$24.23–$36.35/hr,AWS; Linux,2026-09-08T00:00:00Z,date_only,2026-09-15T04:28:47Z,https://cox.wd1.myworkdayjobs.com/Cox_External_Career_Site_1/job/Atlanta-GA/Software-Engineering-Intern---Summer-2027--Atlanta--GA-_R202682166
Cox,"Product Management Intern - Summer 2027 (Austin, TX)",Summer 2027,False,,Internship,,Software,Austin TX,unknown,,$26.63–$40/hr,,2026-09-08T00:00:00Z,date_only,2026-09-15T04:28:47Z,https://cox.wd1.myworkdayjobs.com/Cox_External_Career_Site_1/job/Austin-TX/Product-Management-Intern---Summer-2027--Austin--TX-_R202682189
Cox,"Software Engineering Intern - Summer 2027 (Austin, TX)",Summer 2027,False,,Internship,,Software,Austin TX,unknown,,$26.63–$40/hr,AWS; Linux,2026-09-08T00:00:00Z,date_only,2026-09-15T04:28:47Z,https://cox.wd1.myworkdayjobs.com/Cox_External_Career_Site_1/job/Austin-TX/Software-Engineering-Intern---Summer-2027--Austin--TX-_R202682168
Cox,"Product Management Intern - Summer 2027 (Burlington, VT)",Summer 2027,False,,Internship,,Software,Burlington VT,unknown,,$24.23–$36.35/hr,,2026-09-08T00:00:00Z,date_only,2026-09-15T04:28:47Z,https://cox.wd1.myworkdayjobs.com/Cox_External_Career_Site_1/job/Burlington-VT/Product-Management-Intern---Summer-2027--Burlington--VT-_R202682191
Cox,"Product Management Intern - Summer 2027 (Draper, UT)",Summer 2027,False,,Internship,,Software,Draper UT,unknown,,$24.23–$36.35/hr,,2026-09-08T00:00:00Z,date_only,2026-09-15T04:28:47Z,https://cox.wd1.myworkdayjobs.com/Cox_External_Career_Site_1/job/Draper-UT/Product-Management-Intern---Summer-2027--Draper--UT-_R202682188
Cox,Software Engineering Intern - Summer 2027 (Draper UT),Summer 2027,False,,Internship,,Software,Draper UT,unknown,,$24.23–$36.35/hr,AWS; Linux,2026-09-08T00:00:00Z,date_only,2026-09-15T04:28:47Z,https://cox.wd1.myworkdayjobs.com/Cox_External_Career_Site_1/job/Draper-UT/Software-Engineering-Intern---Summer-2027--Draper-UT-_R202682169
Cox,"Software Engineering Intern - Summer 2027 (Irvine, CA)",Summer 2027,False,,Internship,,Software,Irvine CA,unknown,,$29.09–$43.61/hr,AWS; Linux,2026-09-08T00:00:00Z,date_only,2026-09-15T04:28:47Z,https://cox.wd1.myworkdayjobs.com/Cox_External_Career_Site_1/job/Irvine-CA/Software-Engineering-Intern---Summer-2027--Irvine--CA-_R202682173
Cox,"Product Management Intern - Summer 2027 (North Hills, NY)",Summer 2027,False,,Internship,,Software,Long Island NY,unknown,,$29.09–$43.61/hr,,2026-09-08T00:00:00Z,date_only,2026-09-15T04:28:47Z,https://cox.wd1.myworkdayjobs.com/Cox_External_Career_Site_1/job/Long-Island-NY/Product-Management-Intern---Summer-2027--North-Hills--NY-_R202682185
Devon Energy,Cyber Security Intern 2027,Summer 2027,False,,Internship,,Security,"Oklahoma City, OK",unknown,4,,,2026-09-08T00:00:00Z,date_only,2026-09-08T23:26:42Z,https://wd5.myworkdaysite.com/recruiting/devonenergy/Careers/job/Oklahoma-City-OK/Cyber-Security-Intern-2027_R26303-1
Gilead Sciences,Intern - PDM - Manufacturing (Biologics),Not stated,True,,Internship,,Hardware,United States - California - Foster City,unknown,272,,,2026-09-08T00:00:00Z,date_only,2026-09-08T07:15:06Z,https://gilead.wd1.myworkdayjobs.com/gileadcareers/job/United-States---California---Foster-City/Intern---PDM---Manufacturing--Biologics-_R0054750
RTX,Software Engineer Intern ( Summer 2027),Summer 2027,False,,Internship,,Software,US-IA-CEDAR RAPIDS-130 ~ 5350 C Ave NE ~ BLDG 130,citizens-only,,,Python; Java; C++; Rust; React; Git,2026-09-08T00:00:00Z,date_only,2026-09-08T21:06:03Z,https://globalhr.wd5.myworkdayjobs.com/rec_rtx_ext_gateway/job/US-IA-CEDAR-RAPIDS-130--5350-C-Ave-NE--BLDG-130/Software-Engineer-Intern---Summer-2027-_01870613
RTX,Software Engineering Intern (Summer/Fall 2027),Summer 2027,False,,Internship,,Software,US-IA-CEDAR RAPIDS-179 ~ 855 35Th St NE ~ BLDG 179,citizens-only,,,Python; C++; Docker; Git,2026-09-08T00:00:00Z,date_only,2026-09-08T17:18:21Z,https://globalhr.wd5.myworkdayjobs.com/rec_rtx_ext_gateway/job/US-IA-CEDAR-RAPIDS-179--855-35Th-St-NE--BLDG-179/Software-Engineering-Intern--Summer-Fall-2027-_01873006
RTX,Electrical Firmware (Winter/Spring Co-op)(Onsite),Not stated,True,,Co-op,,Hardware,US-IA-CEDAR RAPIDS-193 ~ 1120 Collins Rd NE ~ BLDG193,citizens-only,,,Python; C++; Linux; Verilog,2026-09-08T00:00:00Z,date_only,2026-09-08T23:26:42Z,https://globalhr.wd5.myworkdayjobs.com/rec_rtx_ext_gateway/job/US-IA-CEDAR-RAPIDS-193--1120-Collins-Rd-NE--BLDG193/Electrical-Firmware--Winter-Spring-Co-op--Onsite-_01871872
Graco,Manufacturing Engineering Co-Op (January - August 2027),Summer 2027,False,,Co-op,,Hardware,"Anoka, Minnesota, USA",no-sponsorship,,,React,2026-09-08T00:00:00Z,date_only,2026-09-08T21:06:03Z,https://graco.wd501.myworkdayjobs.com/Graco_Careers/job/Anoka-Minnesota-USA/Manufacturing-Engineering-Co-Op_R0023507
Graco,Manufacturing Engineering Co-op (May - December 2027),Summer 2027,False,,Co-op,,Hardware,"Anoka, Minnesota, USA",no-sponsorship,,,React,2026-09-08T00:00:00Z,date_only,2026-09-08T21:06:03Z,https://graco.wd501.myworkdayjobs.com/Graco_Careers/job/Anoka-Minnesota-USA/Manufacturing-Engineering-Co-op--May---December-2027-_R0023613
Graco,Manufacturing Engineering Co-Op (May - December 2027),Summer 2027,False,,Co-op,,Hardware,"Dayton, Minnesota, USA",no-sponsorship,,,React,2026-09-08T00:00:00Z,date_only,2026-09-08T21:06:03Z,https://graco.wd501.myworkdayjobs.com/Graco_Careers/job/Dayton-Minnesota-USA/Manufacturing-Engineering-Co-Op_R0023506
Graco,Manufacturing Engineering Co-op (January - August 2027),Summer 2027,False,,Co-op,,Hardware,"Dayton, Minnesota, USA",no-sponsorship,,,React,2026-09-08T00:00:00Z,date_only,2026-09-08T21:06:03Z,https://graco.wd501.myworkdayjobs.com/Graco_Careers/job/Dayton-Minnesota-USA/Manufacturing-Engineering-Co-op--January---August-2027-_R0023612
Graco,Manufacturing Engineering Co-Op (May - December 2027),Summer 2027,False,,Co-op,,Hardware,"Rogers, Minnesota, USA (David Koch Center)",no-sponsorship,,,React,2026-09-08T00:00:00Z,date_only,2026-09-08T21:06:03Z,https://graco.wd501.myworkdayjobs.com/Graco_Careers/job/Rogers-Minnesota-USA-David-Koch-Center/Manufacturing-Engineering-Co-Op_R0023504
Graco,Manufacturing Engineering Co-op (January - August 2027),Summer 2027,False,,Co-op,,Hardware,"Rogers, Minnesota, USA (David Koch Center)",no-sponsorship,,,React,2026-09-08T00:00:00Z,date_only,2026-09-08T21:06:03Z,https://graco.wd501.myworkdayjobs.com/Graco_Careers/job/Rogers-Minnesota-USA-David-Koch-Center/Manufacturing-Engineering-Co-op--January---August-2027-_R0023611
Meijer,Data Science Intern - Summer 2027,Summer 2027,False,,Internship,,Data & ML/AI,"Grand Rapids, MI",unknown,57,,Python; SQL; Tableau,2026-09-08T00:00:00Z,date_only,2026-09-08T17:18:21Z,https://meijer.wd5.myworkdayjobs.com/Meijer/job/Grand-Rapids-MI/Data-Science-Intern---Summer-2027_R000699579
Meijer,Labor Industrial Engineering Intern- Summer 2027,Summer 2027,False,,Internship,,Hardware,"Grand Rapids, MI",unknown,57,,,2026-09-08T00:00:00Z,date_only,2026-09-08T21:06:03Z,https://meijer.wd5.myworkdayjobs.com/Meijer/job/Grand-Rapids-MI/Labor-Industrial-Engineering-Intern--Summer-2027_R000698645
Micron Technology,Intern - Software Engineer,Not stated,True,,Internship,,Software,"Boise, ID - Main Site",unknown,489,,Python; C#; JavaScript; SQL; LLMs; Azure; Git,2026-09-08T00:00:00Z,date_only,2026-09-08T07:15:06Z,https://micron.wd1.myworkdayjobs.com/External/job/Boise-ID---Main-Site/Intern---Software-Engineer_JR108550
Motorola,Software Engineering Intern - Summer 2027,Summer 2027,False,,Internship,,Software,"Chicago, IL",unknown,191,,Angular,2026-09-08T00:00:00Z,date_only,2026-09-08T17:18:21Z,https://motorolasolutions.wd5.myworkdayjobs.com/Careers/job/Chicago-IL/Software-Engineering-Intern---Summer-2027_R68388
Merck,2027 Future Talent Program - Nonclinical Drug Safety Data Scientist - Intern,Summer 2027,False,,Internship,,Data & ML/AI,USA - Massachusetts - Boston (MA Parcel B Laboratory),unknown,,,Python; scikit-learn; Pandas,2026-09-08T00:00:00Z,date_only,2026-09-08T07:15:06Z,https://msd.wd5.myworkdayjobs.com/searchjobs/job/USA---Massachusetts---Boston-MA-Parcel-B-Laboratory/XMLNAME-2027-Future-Talent-Program---Nonclinical-Drug-Safety-Data-Scientist---Intern_R412861
Merck,2027 Future Talent Program - Manufacturing Intern,Summer 2027,False,,Internship,,Hardware,USA - North Carolina - Durham (Old Oxford),unknown,,,,2026-09-08T00:00:00Z,date_only,2026-09-08T21:06:03Z,https://msd.wd5.myworkdayjobs.com/searchjobs/job/USA---North-Carolina---Durham-Old-Oxford/XMLNAME-2027-Future-Talent-Program---Manufacturing-Intern_R416739
Merck,2027 Future Talent Program - Medical Data Scientist - Intern,Summer 2027,False,,Internship,,Data & ML/AI,USA - Pennsylvania - North Wales (Upper Gwynedd),unknown,,,Python; SQL,2026-09-08T00:00:00Z,date_only,2026-09-08T07:15:06Z,https://msd.wd5.myworkdayjobs.com/searchjobs/job/USA---Pennsylvania---North-Wales-Upper-Gwynedd/XMLNAME-2027-Future-Talent-Program---Medical-Data-Scientist---Intern_R412403
Merck,2027 Future Talent Program - AI/ML Computational Toxicology - Intern,Summer 2027,False,,Internship,,Data & ML/AI,USA - Pennsylvania - West Point,unknown,,,Python; SQL; PyTorch; TensorFlow; scikit-learn; Pandas; LLMs; Git,2026-09-08T00:00:00Z,date_only,2026-09-08T07:15:06Z,https://msd.wd5.myworkdayjobs.com/searchjobs/job/USA---Pennsylvania---West-Point/XMLNAME-2027-Future-Talent-Program---AI-ML-Computational-Toxicology---Intern_R412871
Merck,2027 Future Talent Program – Laboratory Operations AI & Digital Transformation – Intern,Summer 2027,False,,Internship,,Data & ML/AI,USA - Pennsylvania - West Point,unknown,,,,2026-09-08T00:00:00Z,date_only,2026-09-08T07:15:06Z,https://msd.wd5.myworkdayjobs.com/searchjobs/job/USA---Pennsylvania---West-Point/XMLNAME-2027-Future-Talent-Program---Laboratory-Operations-AI---Digital-Transformation---Intern_R413048
Merck,2027 Future Talent Program - Standardizing Automation Scripting Practices Through AI-Enabled Knowledge Repository - Intern,Summer 2027,False,,Internship,,Data & ML/AI,USA - Pennsylvania - West Point,unknown,,,Python; C++; C#; SQL; LLMs; Git,2026-09-08T00:00:00Z,date_only,2026-09-08T07:15:06Z,https://msd.wd5.myworkdayjobs.com/searchjobs/job/USA---Pennsylvania---West-Point/XMLNAME-2027-Future-Talent-Program---Standardizing-Automation-Scripting-Practices-Through-AI-Enabled-Knowledge-Repository---Intern_R412939
Merck,2027 Future Talent Program – West Point Vaccine Manufacturing Intern,Summer 2027,False,,Internship,,Hardware,USA - Pennsylvania - West Point,unknown,,,,2026-09-08T00:00:00Z,date_only,2026-09-08T21:06:03Z,https://msd.wd5.myworkdayjobs.com/searchjobs/job/USA---Pennsylvania---West-Point/XMLNAME-2027-Future-Talent-Program---West-Point-Vaccine-Manufacturing-Intern_R416751
Merck,2027 Future Talent Program - Elkton Manufacturing Co-op,Summer 2027,False,,Co-op,,Hardware,USA - Virginia - Elkton,unknown,,,,2026-09-08T00:00:00Z,date_only,2026-09-08T21:06:03Z,https://msd.wd5.myworkdayjobs.com/searchjobs/job/USA---Virginia---Elkton/XMLNAME-2027-Future-Talent-Program---Elkton-Manufacturing-Co-op_R412910
Merck,2027 Future Talent Program - Elkton Manufacturing Intern,Summer 2027,False,,Internship,,Hardware,USA - Virginia - Elkton,unknown,,,,2026-09-08T00:00:00Z,date_only,2026-09-08T21:06:03Z,https://msd.wd5.myworkdayjobs.com/searchjobs/job/USA---Virginia---Elkton/XMLNAME-2027-Future-Talent-Program---Elkton-Manufacturing-Intern_R412907
Northrop Grumman,2027 Mechanical Engineering Intern - Roy UT,Summer 2027,False,,Internship,,Hardware,United States-Utah-Roy,citizens-only,,$23–$29/hr,,2026-09-08T00:00:00Z,date_only,2026-09-08T21:06:03Z,https://ngc.wd1.myworkdayjobs.com/Northrop_Grumman_External_Site/job/United-States-Utah-Roy/XMLNAME-2027-Mechanical-Engineering-Intern---Roy-UT_R10249871
Northrop Grumman,2027 Software Engineering Intern - Roy UT,Summer 2027,False,,Internship,,Software,United States-Utah-Roy,citizens-only,,$23–$29/hr,,2026-09-08T00:00:00Z,date_only,2026-09-08T21:06:03Z,https://ngc.wd1.myworkdayjobs.com/Northrop_Grumman_External_Site/job/United-States-Utah-Roy/XMLNAME-2027-Software-Engineering-Intern---Roy-UT_R10249842
AtkinsRéalis,Water Infrastructure Engineering Intern - Summer 2027,Summer 2027,False,,Internship,,Software,US.GA.Atlanta.2018 Powers Ferry Rd,unknown,,,,2026-09-08T00:00:00Z,date_only,2026-09-08T12:52:56Z,https://slihrms.wd3.myworkdayjobs.com/careers/job/USGAAtlanta2018-Powers-Ferry-Rd/Water-Infrastructure-Engineering-Intern---Summer-2027_R-163480-1
SWBC,DevOps Intern,Not stated,True,,Internship,,Software,"San Antonio, TX",unknown,,,Java; C#,2026-09-08T00:00:00Z,date_only,2026-09-08T23:26:42Z,https://swbc.wd1.myworkdayjobs.com/swbccareers/job/San-Antonio-TX/DevOps-Intern_R0015484-2
SWBC,Software Engineering Intern,Not stated,True,,Internship,,Software,"San Antonio, TX",unknown,,,C#; JavaScript,2026-09-08T00:00:00Z,date_only,2026-09-08T21:06:03Z,https://swbc.wd1.myworkdayjobs.com/swbccareers/job/San-Antonio-TX/Software-Engineering-Intern_R0015482-2
Thermo Fisher Scientific,Manufacturing Engineering Technician Intern – Clinical Labeling,Not stated,True,,Internship,,Hardware,"Bohemia, New York, USA",unknown,368,,,2026-09-08T00:00:00Z,date_only,2026-09-08T07:15:06Z,https://thermofisher.wd5.myworkdayjobs.com/ThermoFisherCareers/job/Bohemia-New-York-USA/Manufacturing-Engineering-Technician-Intern---Clinical-Labeling_R-01366610
Thermo Fisher Scientific,Manufacturing Sciences Intern,Not stated,True,,Internship,,Hardware,"Rockford, Illinois, USA",unknown,368,,,2026-09-08T00:00:00Z,date_only,2026-09-08T07:15:06Z,https://thermofisher.wd5.myworkdayjobs.com/ThermoFisherCareers/job/Rockford-Illinois-USA/Manufacturing-Sciences-Intern_R-01366576
TRUMPF,Smart Factory Robotics & Operations Intern,Not stated,True,,Internship,,Hardware,"Chicago, IL",unknown,4,,,2026-09-08T00:00:00Z,date_only,2026-09-08T21:06:03Z,https://trumpf.wd3.myworkdayjobs.com/TRUMPF_Students/job/Chicago-IL/Smart-Factory-Robotics---Operations-Intern_R00042570
U.S. Bank,2027 Information Security Summer Intern,Summer 2027,False,,Internship,,Security,"Cincinnati, OH",unknown,,,Python,2026-09-08T00:00:00Z,date_only,2026-09-08T17:18:21Z,https://usbank.wd1.myworkdayjobs.com/US_Bank_Careers/job/Cincinnati-OH/XMLNAME-2027-Information-Security-Summer-Intern_2026-0025770
U.S. Bank,2027 Product Management Summer Intern,Summer 2027,False,,Internship,,Software,"Minneapolis, MN",unknown,,,,2026-09-08T00:00:00Z,date_only,2026-09-08T21:06:03Z,https://usbank.wd1.myworkdayjobs.com/US_Bank_Careers/job/Minneapolis-MN/XMLNAME-2027-Product-Management-Summer-Intern_2026-0026766
Xcel Energy,Data Analyst Intern- TX,Summer 2027,False,,Internship,,Data & ML/AI,"Amarillo, TX, 79101",unknown,5,$20.9–$24.6/hr,,2026-09-08T00:00:00Z,date_only,2026-09-08T17:18:21Z,https://xcelenergy.wd1.myworkdayjobs.com/External/job/Amarillo-TX-79101/Data-Analyst-Intern--TX_JR115565-1
Dropbox,Software Engineering Intern (Summer 2027),Summer 2027,False,,Internship,yes,Software,Remote - US: All locations,unknown,211,,Python; JavaScript,2026-09-07T11:06:46-04:00,exact,2026-09-07T15:48:52Z,https://jobs.dropbox.com/listing/8106224?gh_jid=8106224
Allegion,Summer Intern - Robotics Technician,Summer 2027,False,,Internship,,Hardware,"Indianapolis, IN - Tobey Dr",unknown,,,,2026-09-07T00:00:00Z,date_only,2026-09-07T22:47:57Z,https://allegion.wd5.myworkdayjobs.com/careers/job/Indianapolis-IN---Tobey-Dr/Summer-Intern---Robotics-Technician_JR37367-1
Johnson & Johnson,Athens Manufacturing Plant 2027 Co-Op,Summer 2027,False,,Co-op,,Hardware,"Athens, Georgia, United States of America",unknown,8,,,2026-09-07T00:00:00Z,date_only,2026-09-07T19:54:11Z,https://jj.wd5.myworkdayjobs.com/JJ/job/Athens-Georgia-United-States-of-America/Athens-Manufacturing-Plant-2027-Co-Op_R-097654-1
Merck,2027 Future Talent Program - Bioprocess Clinical Manufacturing & Technology Co-Op,Summer 2027,False,,Co-op,,Hardware,USA - Pennsylvania - West Point,unknown,,,Python,2026-09-07T00:00:00Z,date_only,2026-09-07T09:25:43Z,https://msd.wd5.myworkdayjobs.com/searchjobs/job/USA---Pennsylvania---West-Point/XMLNAME-2027-Future-Talent-Program---Bioprocess-Clinical-Manufacturing---Technology-Co-Op_R413123
Xcel Energy,AI & Automation Intern- CO,Summer 2027,False,,Internship,,Data & ML/AI,"Denver, CO, 80205",unknown,5,$20.9–$22.1/hr,,2026-09-07T00:00:00Z,date_only,2026-09-07T09:25:43Z,https://xcelenergy.wd1.myworkdayjobs.com/External/job/Denver-CO-80205/AI---Automation-Intern--CO_JR115739-1
Hewlett Packard Enterprise,HPC AI Systems Administrator Intern,Not stated,True,,Internship,,Data & ML/AI,"Bloomington, Minnesota, United States of America",unknown,499,,Python; Linux; Git,2026-09-06T00:00:00Z,date_only,2026-09-07T04:03:57Z,https://hpe.wd5.myworkdayjobs.com/Jobsathpe/job/Bloomington-Minnesota-United-States-of-America/HPC-AI-Systems-Administrator-Intern_1213396
Harbinger Motors,"Intern, Powertrain Manufacturing",Not stated,True,,Internship,,Hardware,"Garden Grove, CA",unknown,,,,2026-09-05T22:47:24-04:00,exact,2026-09-06T04:05:59Z,https://job-boards.greenhouse.io/harbingermotors/jobs/5231838007
Harbinger Motors,"Intern, Cybersecurity",Not stated,True,,Internship,,Security,"Garden Grove, CA",unknown,,,Python,2026-09-05T23:34:20-04:00,exact,2026-09-06T04:05:59Z,https://job-boards.greenhouse.io/harbingermotors/jobs/5231842007
Amazon,"Software Development Engineer Intern/Co-Op, ROBOTICS -  2027",Summer 2027,False,,Internship / Co-op,,Hardware,"North Reading, Massachusetts, USA",unknown,23139,,Python; Java; C++; C#; Rust; TypeScript; SQL; LLMs,2026-09-04T00:00:00Z,date_only,2026-09-04T04:03:13Z,https://www.amazon.jobs/en/jobs/10529525/software-development-engineer-intern-co-op-robotics-2027
Garner Health,Software Engineering Intern,Not stated,True,,Internship,,Software,"New York City, New York",no-sponsorship,,,Python; TypeScript; JavaScript; React; Node.js; AWS; Kubernetes; Docker,2026-09-04T17:39:04-04:00,exact,2026-09-04T23:03:17Z,https://job-boards.greenhouse.io/garnerhealth/jobs/6164698004
GenScript,mRNA Manufacturing Intern (Full Time),Not stated,True,,Internship,,Hardware,"Redmond, Washington, United States",unknown,11,$22–$24/hr,,2026-09-04T16:51:04-04:00,exact,2026-09-04T23:03:17Z,https://job-boards.greenhouse.io/genscript/jobs/5231601007
Scale AI,Software Engineering Intern (Summer 2027),Summer 2027,False,,Internship,,Software,"San Francisco, CA",unknown,26,,Python; TypeScript; LLMs; React; MongoDB,2026-09-04T12:00:19-04:00,exact,2026-09-04T17:38:48Z,https://job-boards.greenhouse.io/scaleai/jobs/4730845005
Schonfeld,2027 Data Science Intern,Summer 2027,False,,Internship,,Data & ML/AI,"New York, New York, United States",unknown,41,,Python; SQL; Docker; Kafka; Airflow,2026-09-04T12:42:57-04:00,exact,2026-09-04T17:38:48Z,https://job-boards.greenhouse.io/schonfeld/jobs/8171692
Schonfeld,2027 Cybersecurity Operations Intern,Summer 2027,False,,Internship,,Security,"New York, New York, United States",unknown,41,,,2026-09-04T12:42:38-04:00,exact,2026-09-04T17:38:48Z,https://job-boards.greenhouse.io/schonfeld/jobs/8171696
Schonfeld,2027 Software Engineering Intern,Summer 2027,False,,Internship,,Software,"New York, New York, United States",unknown,41,,Python; Java; C++; Git,2026-09-04T12:41:36-04:00,exact,2026-09-04T17:38:48Z,https://job-boards.greenhouse.io/schonfeld/jobs/8180089
Nokia,AI-Agent Development Co-op,Not stated,True,,Co-op,,Data & ML/AI,United States,unknown,321,,Python; LLMs; Git,2026-09-04,date_only,2026-09-04T17:38:48Z,https://fa-evmr-saasfaprod1.fa.ocs.oraclecloud.com/hcmUI/CandidateExperience/en/sites/CX_1/job/39978
AECOM,Structural Engineering Intern - Bridge & Transportation Structures,Not stated,True,,Internship,,Hardware,"Mechanicsburg, PA, United States",citizens-only,246,,,2026-09-04T14:32:11.870Z,exact,2026-09-04T17:38:48Z,https://jobs.smartrecruiters.com/AECOM2/744000147531571
AECOM,Structural Engineering Intern - Hiring Event with AECOM - Philadelphia,Not stated,True,,Internship,,Hardware,"Philadelphia, PA, United States",citizens-only,246,,,2026-09-04T18:19:48.594Z,exact,2026-09-04T20:41:19Z,https://jobs.smartrecruiters.com/AECOM2/744000147581370
Loram,Mechanical Engineering Intern,Not stated,True,,Internship,,Hardware,"Hamel, MN, United States",unknown,,,,2026-09-04T15:34:38.431Z,exact,2026-09-04T17:38:48Z,https://jobs.smartrecruiters.com/Loram1/3743990015079155
Loram,Machine Learning / Artificial Intelligence (AI) Intern,Not stated,True,,Internship,,Data & ML/AI,"Hamel, MN, United States",unknown,,,Python; C#; SQL; PyTorch; Pandas; Computer Vision; Docker; Linux,2026-09-04T17:03:37.827Z,exact,2026-09-04T17:38:48Z,https://jobs.smartrecruiters.com/Loram1/3743990015082845
ENFOS,Software Engineer Intern (Summer 2027),Summer 2027,False,,Internship,,Software,"Durham, North Carolina, United States",unknown,,,Python; Java; TypeScript; JavaScript; SQL; LLMs; React; Spring,2026-09-04T00:00:00.000Z,date_only,2026-09-04T17:38:48Z,https://apply.workable.com/enfos-inc/j/CA15908E0A/
Allegion,Summer Intern - Manufacturing Engineering,Not stated,True,,Internship,,Hardware,"Indianapolis, IN - Tobey Dr",unknown,,,,2026-09-04T00:00:00Z,date_only,2026-09-04T20:41:19Z,https://allegion.wd5.myworkdayjobs.com/careers/job/Indianapolis-IN---Tobey-Dr/Summer-Intern---Manufacturing-Engineering_JR37477-1
"Axcelis Technologies, Inc.",Manufacturing Engineer Co-op Production Support,Not stated,True,,Co-op,,Hardware,"Beverly, MA",unknown,11,,,2026-09-04T00:00:00Z,date_only,2026-09-04T17:38:48Z,https://axcelis.wd1.myworkdayjobs.com/axcelis/job/Beverly-MA/Manufacturing-Engineer-Co-op-Production-Support_12008
CIBC,2027 Summer Intern - Software Engineering,Summer 2027,False,,Internship,,Software,"Chicago, IL",no-sponsorship,17,$36–$40/hr,Python; SQL,2026-09-04T00:00:00Z,date_only,2026-09-04T17:38:48Z,https://cibc.wd3.myworkdayjobs.com/search/job/Chicago-IL/XMLNAME-2027-Summer-Intern---Software-Engineering_2618322-1
CNA Insurance,Technology Internship Program (AI Engineering),Not stated,True,,Internship,,Data & ML/AI,"Chicago, IL, USA",no-sponsorship,,$35k–$65k/yr,Python; SQL; Terraform,2026-09-04T00:00:00Z,date_only,2026-09-05T00:54:43Z,https://cna.wd1.myworkdayjobs.com/CNA_Careers/job/Chicago-IL-USA/Technology-Internship-Program--AI-Engineering-_R-8126
CNA Insurance,Technology Internship Program (AI Strategy),Not stated,True,,Internship,,Data & ML/AI,"Chicago, IL, USA",no-sponsorship,,$35k–$65k/yr,LLMs,2026-09-04T00:00:00Z,date_only,2026-09-05T00:54:43Z,https://cna.wd1.myworkdayjobs.com/CNA_Careers/job/Chicago-IL-USA/Technology-Internship-Program--AI-Strategy-_R-8127-1
CNA Insurance,Technology Internship Program (Cybersecurity),Not stated,True,,Internship,,Security,"Chicago, IL, USA",no-sponsorship,,$35k–$65k/yr,,2026-09-04T00:00:00Z,date_only,2026-09-05T00:54:43Z,https://cna.wd1.myworkdayjobs.com/CNA_Careers/job/Chicago-IL-USA/Technology-Internship-Program--Cybersecurity-_R-8130-1
CNA Insurance,Technology Internship Program (Software Engineering),Not stated,True,,Internship,,Software,"Chicago, IL, USA",no-sponsorship,,$35k–$65k/yr,Java; SQL,2026-09-04T00:00:00Z,date_only,2026-09-05T00:54:43Z,https://cna.wd1.myworkdayjobs.com/CNA_Careers/job/Chicago-IL-USA/Technology-Internship-Program--Software-Engineering-_R-8107
Cox,"Software Engineering Intern - Summer 2027 (North Hills, NY)",Summer 2027,False,,Internship,,Software,Long Island NY,unknown,,$29.09–$43.61/hr,AWS; Linux,2026-09-04T00:00:00Z,date_only,2026-09-07T09:25:43Z,https://cox.wd1.myworkdayjobs.com/Cox_External_Career_Site_1/job/Long-Island-NY/Software-Engineering-Intern---Summer-2027--North-Hills--NY-_R202682171-1
Elanco,"Manufacturing Scientist/Technical Services Intern – Fort Dodge, Iowa (Summer 2027)",Summer 2027,False,,Internship,,Hardware,"Fort Dodge, IA",unknown,6,$20–$40/hr,,2026-09-04T00:00:00Z,date_only,2026-09-04T17:38:48Z,https://elanco.wd5.myworkdayjobs.com/External_Career/job/Fort-Dodge-IA/Manufacturing-Scientist-Technical-Services-Intern---Fort-Dodge--Iowa--Summer-2027-_R0027069-1
Gevernova,GE Vernova Nuclear - Manufacturing Intern (Summer 2027),Summer 2027,False,,Internship,,Hardware,Wilmington NC USA,no-sponsorship,,$21/hr,,2026-09-04T00:00:00Z,date_only,2026-09-04T17:38:48Z,https://gevernova.wd5.myworkdayjobs.com/only_confidential_executive_recruiting/job/Wilmington-NC-USA/GE-Vernova-Nuclear---Manufacturing---Supply-Chain-Intern--Summer-2027-_R5049016-2
Hewlett Packard Enterprise,Mechanical Engineer Intern,Not stated,True,,Internship,,Hardware,"Spring, Texas, United States of America",unknown,499,,,2026-09-04T00:00:00Z,date_only,2026-09-04T20:41:19Z,https://hpe.wd5.myworkdayjobs.com/Jobsathpe/job/Spring-Texas-United-States-of-America/Mechanical-Engineer-Intern_1213393
Hy-Vee,Cyber Security Intern- Summer 2027,Summer 2027,False,,Internship,,Security,"Corporate Office, Westown Pkwy., West Des Moines, IA",unknown,2,,,2026-09-04T00:00:00Z,date_only,2026-09-05T00:54:43Z,https://hyvee.wd1.myworkdayjobs.com/HyVeeCareers/job/Corporate-Office-Westown-Pkwy-West-Des-Moines-IA/Cyber-Security-Intern--Summer-2027_R250153
Hy-Vee,Digital Software Engineering Intern - Summer 2027,Summer 2027,False,,Internship,,Software,"Corporate Office, Westown Pkwy., West Des Moines, IA",unknown,2,,SQL,2026-09-04T00:00:00Z,date_only,2026-09-04T20:41:19Z,https://hyvee.wd1.myworkdayjobs.com/HyVeeCareers/job/Corporate-Office-Westown-Pkwy-West-Des-Moines-IA/Digital-Software-Engineering-Intern---Summer-2027_R250133
Ingredion,AI & Data Scientist Intern,Not stated,True,,Internship,,Data & ML/AI,"Westchester, IL",unknown,4,$20–$25/hr,SQL; PyTorch; TensorFlow; scikit-learn; AWS; GCP; Azure; Hadoop,2026-09-04T00:00:00Z,date_only,2026-09-04T20:41:19Z,https://ingredion.wd1.myworkdayjobs.com/IngredionCareers/job/Westchester-IL/AI---Data-Scientist-Intern_Req-40220
Johnson Controls,Software/Controls Engineering Grad Intern,Not stated,True,,Internship,,Software,Salem-Virginia-United States of America,unknown,104,,C++,2026-09-04T00:00:00Z,date_only,2026-09-04T17:38:48Z,https://jci.wd5.myworkdayjobs.com/JCI/job/Salem-Virginia-United-States-of-America/Software-Controls-Engineering-Grad-Intern_WD30278205-1
Saab,Software Engineering Co-Op (Spring - Summer 2027),Summer 2027,False,,Co-op,,Software,"East Syracuse, NY (Collamer)",citizens-only,,$20.27–$22.3/hr,Java; JavaScript; SQL; Linux; Git,2026-09-04T00:00:00Z,date_only,2026-09-04T20:41:19Z,https://saabusa.wd1.myworkdayjobs.com/saab_careers/job/East-Syracuse-NY-Collamer/Software-Engineering-Co-Op--Spring---Summer-2027-_R-03240-1
Saab,Manufacturing Engineer (Summer Intern 2027),Summer 2027,False,,Internship,,Hardware,"West Lafayette, IN",citizens-only,,$21–$24/hr,,2026-09-04T00:00:00Z,date_only,2026-09-04T20:41:19Z,https://saabusa.wd1.myworkdayjobs.com/saab_careers/job/West-Lafayette-IN/Manufacturing-Engineer--Summer-Intern-2027-_R-03234
Saab,Mechanical Engineer (Summer Intern 2027),Summer 2027,False,,Internship,,Hardware,"West Lafayette, IN",citizens-only,,$21–$24/hr,,2026-09-04T00:00:00Z,date_only,2026-09-04T20:41:19Z,https://saabusa.wd1.myworkdayjobs.com/saab_careers/job/West-Lafayette-IN/Mechanical-Engineer--Summer-Intern-2027-_R-03223
Simon Property Group,"Intern - Data Engineering (Data Analytics, Information Sciences, Computer Science Majors)",Not stated,True,,Internship,,Data & ML/AI,"Indianapolis, IN",unknown,2,,Python; SQL; Tableau,2026-09-04T00:00:00Z,date_only,2026-09-05T13:56:01Z,https://simon.wd1.myworkdayjobs.com/Simon/job/Indianapolis-IN/Intern---Data-Engineering--Data-Analytics--Information-Sciences--Computer-Science-Majors-_R13976
Simon Property Group,"Intern - Front End Developer (Computer Science, Web Development, or Information Sciences Majors)",Not stated,True,,Internship,,Software,"Indianapolis, IN",unknown,2,,JavaScript; Git,2026-09-04T00:00:00Z,date_only,2026-09-05T13:56:01Z,https://simon.wd1.myworkdayjobs.com/Simon/job/Indianapolis-IN/Intern---Front-End-Developer--Computer-Science--Web-Development--or-Information-Sciences-Majors-_R13975
Simon Property Group,Intern - Project Delivery (Information Services / Computer Science Majors),Not stated,True,,Internship,,Software,"Indianapolis, IN",unknown,2,,,2026-09-04T00:00:00Z,date_only,2026-09-05T13:56:01Z,https://simon.wd1.myworkdayjobs.com/Simon/job/Indianapolis-IN/Intern---Project-Delivery--Information-Services---Computer-Science-Majors-_R13947
Skydio,"Autonomy Engineer Intern, Computer Vision / Deep Learning, Summer 2027",Summer 2027,False,,Internship,,Data & ML/AI,"San Mateo, California, United States",unknown,26,$47/hr,Python; C++; PyTorch; Computer Vision,2026-09-03T23:28:02.086+00:00,exact,2026-09-04T04:03:13Z,https://jobs.ashbyhq.com/skydio/ae4a6f7d-a240-4fa2-8c8e-04cc906e4ef9
The Exploration Company,Summer 2027 Internship (Software),Summer 2027,False,,Internship,,Software,California,citizens-only,,,,2026-09-03T19:50:53.474+00:00,exact,2026-09-03T23:15:31Z,https://jobs.ashbyhq.com/the-exploration-company/86270058-8eec-4692-b49d-97ce59fd54ac
ID.me,Summer Intern 2027 - Software Development Engineer Intern,Summer 2027,False,,Internship,,Software,"Mountain View, CA",unknown,,,Python; Java; JavaScript; LLMs; AWS; GCP; Azure; Git,2026-09-03T12:51:50-04:00,exact,2026-09-04T17:38:48Z,https://job-boards.greenhouse.io/idmeuniversityrecruiting/jobs/7980429003
NewsBreak,"New Market Launch Intern (MBA), Nearby AI",Not stated,True,,Internship,yes,Data & ML/AI,"Bellevue, Washington, United States; Mountain View, California, United States; New York, New York, United States; Remote",unknown,,,,2026-09-03T18:56:06-04:00,exact,2026-09-17T00:29:06Z,https://job-boards.greenhouse.io/newsbreak/jobs/4711146006
Waymo,"2027 Summer Intern, BS, SysEng Software Engineer",Summer 2027,False,,Internship,,Software,"Mountain View, California, USA",unknown,284,,Python; C++,2026-09-03T11:21:07-04:00,exact,2026-09-03T17:51:22Z,https://careers.withwaymo.com/jobs?gh_jid=8174099
Waymo,"2027 Summer Intern, MS, Software Engineering, Behavior Test",Summer 2027,False,,Internship,,Software,"San Francisco, California, USA",unknown,284,,Python; SQL,2026-09-03T16:44:52-04:00,exact,2026-09-03T20:56:54Z,https://careers.withwaymo.com/jobs?gh_jid=8174504
Hermeus,GNC & Flight Software Intern - Spring/Summer 2027,Summer 2027,False,,Internship,,Software,"Atlanta, GA",citizens-only,,25–33 USD/hr,Python; C++; TypeScript; JavaScript; MATLAB,2026-09-03T19:19:21Z,exact,2026-09-03T20:56:54Z,https://jobs.lever.co/hermeus/555263f6-c5ec-4489-ab07-1aea546b70e7
Hermeus,Software Engineering Intern (Command & Control) - Spring/Summer 2027,Summer 2027,False,,Internship,,Software,"Atlanta, GA",citizens-only,,25–33 USD/hr,C++; TypeScript; JavaScript; React; Angular,2026-09-03T02:07:59Z,exact,2026-09-03T04:00:34Z,https://jobs.lever.co/hermeus/5b08e2df-c9db-4831-aece-67d89e744796
Neighbor,Software Engineer Intern 2027,Summer 2027,False,,Internship,,Software,"Lehi, UT",unknown,2,,Python; Java; C++; Go; TypeScript; JavaScript; Swift; Kotlin,2026-09-03T16:41:37Z,exact,2026-09-03T17:51:22Z,https://jobs.lever.co/neighbor/7d66629f-3f4b-41ee-a324-fe0154e13c46
AECOM,Mechanical Engineering Intern,Summer 2027,False,,Internship,,Hardware,"Arlington, VA, United States",unknown,246,,,2026-09-03T18:41:49.244Z,exact,2026-09-03T20:56:54Z,https://jobs.smartrecruiters.com/AECOM2/744000147333760
AECOM,Structural Engineer Intern,Not stated,True,,Internship,,Hardware,"Arlington, VA, United States",citizens-only,246,,,2026-09-03T18:43:48.021Z,exact,2026-09-03T20:56:54Z,https://jobs.smartrecruiters.com/AECOM2/744000147334384
Eurofins,AI & Automation Intern,Fall 2026,False,,Internship,,Data & ML/AI,"Barcelona, CT, ES",unknown,,,Python; SQL,2026-09-03T10:31:16.848Z,exact,2026-09-03T13:35:54Z,https://jobs.smartrecruiters.com/Eurofins/744000147214369
InfiniteQuant,Quantitative Developer - Internship - Summer 2027,Summer 2027,False,,Internship,yes,Quant,"New York, New York, United States (Remote)",unknown,,,Python; C++,2026-09-03T07:07:53.041Z,exact,2026-09-03T08:56:35Z,https://jobs.smartrecruiters.com/InfiniteQuant/744000147163879
Skyward,Software Engineer - Intern,Summer 2027,False,,Internship,,Software,"Stevens Point, WI, United States",unknown,4,,,2026-09-03T17:13:21.932Z,exact,2026-09-03T17:51:22Z,https://jobs.smartrecruiters.com/Skyward1/744000147320799
Winsupply,Data Analyst Intern,Not stated,True,,Internship,,Data & ML/AI,"Moraine, OH, United States",unknown,13,,,2026-09-03T14:02:33.319Z,exact,2026-09-03T17:51:22Z,https://jobs.smartrecruiters.com/Winsupply1/3743990015046116
Barr,Internship – Structural Engineer (Hybrid),Summer 2027,False,,Internship,,Hardware,"Ann Arbor, MI",no-sponsorship,,,,2026-09-03T00:00:00Z,date_only,2026-09-03T23:15:31Z,https://barr.wd1.myworkdayjobs.com/barrcareers/job/Ann-Arbor-MI/Internship---Structural-Engineer--Hybrid-_R-102315
Barr,Internship – Structural Engineer (Hybrid),Summer 2027,False,,Internship,,Hardware,"Hibbing, MN",no-sponsorship,,,,2026-09-03T00:00:00Z,date_only,2026-09-03T23:15:31Z,https://barr.wd1.myworkdayjobs.com/barrcareers/job/Hibbing-MN/Internship---Structural-Engineer--Hybrid-_R-102316
Barr,Internship – Structural Engineer (Hybrid),Summer 2027,False,,Internship,,Hardware,"Minneapolis, MN",no-sponsorship,,,,2026-09-03T00:00:00Z,date_only,2026-09-03T20:56:54Z,https://barr.wd1.myworkdayjobs.com/barrcareers/job/Minneapolis-MN/Internship---Structural-Engineer--Hybrid-_R-102314
Bracco,Mechanical Engineering Co-op (R&D Sustaining),Summer 2027,False,,Co-op,,Hardware,"USA, Eden Prairie, Minnesota, 55344",no-sponsorship,,,,2026-09-03T00:00:00Z,date_only,2026-09-12T13:36:56Z,https://bracco.wd103.myworkdayjobs.com/braccocareers/job/USA-Eden-Prairie-Minnesota-55344/Mechanical-Engineering-Co-op--R-D-Sustaining-_JR100316
Corteva,R&D Internship – Computer & Data Science,Not stated,True,,Internship,,Data & ML/AI,"Indianapolis, Indiana, United States",unknown,63,,,2026-09-03T00:00:00Z,date_only,2026-09-03T20:56:54Z,https://corteva.wd5.myworkdayjobs.com/corteva/job/Indianapolis-Indiana-United-States/R-D-Internship---Computer---Data-Science-_248130W
DriveTime,Software Engineering Intern (Summer 2027),Summer 2027,False,,Internship,,Software,"1720 W Rio Salado Pkwy Tempe, AZ 85281",unknown,6,,Python; Java; C#; TypeScript; JavaScript; Node.js; Angular; GraphQL,2026-09-03T00:00:00Z,date_only,2026-09-03T20:56:54Z,https://drivetime.wd1.myworkdayjobs.com/drivetime/job/1720-W-Rio-Salado-Pkwy-Tempe-AZ-85281/Software-Engineer-Intern--Summer-2027-_R16294
General Motors,2027 Summer Intern – Manufacturing Weld Engineer,Summer 2027,False,,Internship,,Hardware,"Lake Orion, Michigan, United States of America",unknown,928,,,2026-09-03T00:00:00Z,date_only,2026-09-03T17:51:22Z,https://generalmotors.wd5.myworkdayjobs.com/Careers_GM/job/Lake-Orion-Michigan-United-States-of-America/XMLNAME-2027-Summer-Intern---Manufacturing-Weld-Engineer_JR-202619474
Momentive,Summer 2027 Intern - Enterprise Reporting & Analytics - Data Science,Summer 2027,False,,Internship,,Data & ML/AI,US NY Niskayuna,unknown,44,,Python; SQL; LLMs; Tableau,2026-09-03T00:00:00Z,date_only,2026-09-03T08:56:35Z,https://momentive.wd1.myworkdayjobs.com/MC/job/US-NY-Niskayuna/Summer-2027-Intern---Enterprise-Reporting---Analytics---Data-Science_R9807-1
Momentive,Summer 2027 Intern - Software Development,Summer 2027,False,,Internship,,Software,US NY Niskayuna,unknown,44,,Java; SQL; Git,2026-09-03T00:00:00Z,date_only,2026-09-03T08:56:35Z,https://momentive.wd1.myworkdayjobs.com/MC/job/US-NY-Niskayuna/Summer-2027-Intern---Software-Development_R9756
Motorola,Android Platform Software Engineering Intern - Summer 2027,Summer 2027,False,,Internship,,Software,"Plantation, FL, More...",citizens-only,191,,Python; Java; C++; Linux,2026-09-03T00:00:00Z,date_only,2026-09-03T20:56:54Z,https://motorolasolutions.wd5.myworkdayjobs.com/Careers/job/Plantation-FL/Android-Platform-Software-Engineering-Intern---Summer-2027_R68363
POET,Mechanical Engineering Intern - Summer 2027,Summer 2027,False,,Internship,,Hardware,"Sioux Falls, SD",unknown,,,,2026-09-03T00:00:00Z,date_only,2026-09-03T17:51:22Z,https://poet.wd1.myworkdayjobs.com/POET/job/Sioux-Falls-SD/Mechanical-Engineering-Intern---Summer-2027_R101696
Premier,Data Science Intern,Not stated,True,,Internship,,Data & ML/AI,"Charlotte, NC",unknown,24,,,2026-09-03T00:00:00Z,date_only,2026-09-03T20:56:54Z,https://premierinc.wd1.myworkdayjobs.com/External_Professional/job/Charlotte-NC/Data-Science-Intern_R0008481
Premier,Software Engineer Intern,Not stated,True,,Internship,,Software,"Charlotte, NC",unknown,24,,JavaScript; React,2026-09-03T00:00:00Z,date_only,2026-09-03T20:56:54Z,https://premierinc.wd1.myworkdayjobs.com/External_Professional/job/Charlotte-NC/Software-Engineer-Intern_R0008480
Saab,Software Engineering Co-Op (Summer 2027),Summer 2027,False,,Co-op,,Software,"East Syracuse, NY (Collamer)",citizens-only,,$20.27–$22.3/hr,Python; Java; C++; JavaScript; SQL; Linux; Git,2026-09-03T00:00:00Z,date_only,2026-09-03T17:51:22Z,https://saabusa.wd1.myworkdayjobs.com/saab_careers/job/East-Syracuse-NY-Collamer/Software-Engineering-Co-Op--Summer-2027-_R-03237-1
Sierra Nevada Corporation,Aerospace Engineering Intern (Summer 2027),Summer 2027,False,,Internship,,Hardware,"Dayton, OH",citizens-only,,,MATLAB,2026-09-03T00:00:00Z,date_only,2026-09-03T20:56:54Z,https://snc.wd1.myworkdayjobs.com/snc_external_career_site/job/Dayton-OH/Aerospace-Engineering-Intern--Summer-2027-_R0030727
Sierra Nevada Corporation,Mechanical Engineer Intern (Summer 2027),Summer 2027,False,,Internship,,Hardware,"Dayton, OH",citizens-only,,,MATLAB,2026-09-03T00:00:00Z,date_only,2026-09-03T23:15:31Z,https://snc.wd1.myworkdayjobs.com/snc_external_career_site/job/Dayton-OH/Mechanical-Engineer-Intern--Summer-2027-_R0030744
Sierra Nevada Corporation,Software Engineering Intern (Summer 2027),Summer 2027,False,,Internship,,Software,"Dayton, OH",citizens-only,,,MATLAB,2026-09-03T00:00:00Z,date_only,2026-09-03T23:15:31Z,https://snc.wd1.myworkdayjobs.com/snc_external_career_site/job/Dayton-OH/Software-Engineering-Intern--Summer-2027-_R0030754
Sierra Nevada Corporation,Software Engineering Intern (Summer 2027),Summer 2027,False,,Internship,,Software,"Folsom, CA",citizens-only,,,MATLAB,2026-09-03T00:00:00Z,date_only,2026-09-03T23:15:31Z,https://snc.wd1.myworkdayjobs.com/snc_external_career_site/job/Folsom-CA/Software-Engineering-Intern--Summer-2027-_R0030761-1
Sierra Nevada Corporation,Aerospace Engineering Intern (Summer 2027),Summer 2027,False,,Internship,,Hardware,"Hagerstown, MD",citizens-only,,,MATLAB,2026-09-03T00:00:00Z,date_only,2026-09-03T20:56:54Z,https://snc.wd1.myworkdayjobs.com/snc_external_career_site/job/Hagerstown-MD/Aerospace-Engineering-Intern--Summer-2027-_R0030737
Sierra Nevada Corporation,Manufacturing Engineering Intern (Summer 2027),Summer 2027,False,,Internship,,Hardware,"Hagerstown, MD",citizens-only,,,MATLAB,2026-09-03T00:00:00Z,date_only,2026-09-03T23:15:31Z,https://snc.wd1.myworkdayjobs.com/snc_external_career_site/job/Hagerstown-MD/Manufacturing-Engineering-Intern--Summer-2027-_R0030784
Sierra Nevada Corporation,Mechanical Engineering Intern (Summer 2027),Summer 2027,False,,Internship,,Hardware,"Hagerstown, MD",citizens-only,,,MATLAB,2026-09-03T00:00:00Z,date_only,2026-09-03T23:15:31Z,https://snc.wd1.myworkdayjobs.com/snc_external_career_site/job/Hagerstown-MD/Mechanical-Engineering-Intern--Summer-2027-_R0030748
Sierra Nevada Corporation,Aerospace Engineering Intern (Summer 2027),Summer 2027,False,,Internship,,Hardware,"Lone Tree, CO",citizens-only,,,MATLAB,2026-09-03T00:00:00Z,date_only,2026-09-03T20:56:54Z,https://snc.wd1.myworkdayjobs.com/snc_external_career_site/job/Lone-Tree-CO/Aerospace-Engineering-Intern--Summer-2027-_R0030735
Sierra Nevada Corporation,Mechanical Engineering Intern (Summer 2027),Summer 2027,False,,Internship,,Hardware,"Lone Tree, CO",citizens-only,,,MATLAB,2026-09-03T00:00:00Z,date_only,2026-09-03T23:15:31Z,https://snc.wd1.myworkdayjobs.com/snc_external_career_site/job/Lone-Tree-CO/Mechanical-Engineering-Intern--Summer-2027-_R0030745
Sierra Nevada Corporation,Software Engineering Intern (Summer 2027),Summer 2027,False,,Internship,,Software,"Lone Tree, CO",citizens-only,,,MATLAB,2026-09-03T00:00:00Z,date_only,2026-09-03T23:15:31Z,https://snc.wd1.myworkdayjobs.com/snc_external_career_site/job/Lone-Tree-CO/Software-Engineering-Intern--Summer-2027-_R0030757
Sierra Nevada Corporation,Aerospace Engineering Intern (Summer 2027 Intern),Summer 2027,False,,Internship,,Hardware,"Plano, TX",citizens-only,,,MATLAB,2026-09-03T00:00:00Z,date_only,2026-09-03T20:56:54Z,https://snc.wd1.myworkdayjobs.com/snc_external_career_site/job/Plano-TX/Aerospace-Engineering-Intern--Summer-2027-Intern-_R0030736
Sierra Nevada Corporation,Mechanical Engineering Intern (Summer 2027),Summer 2027,False,,Internship,,Hardware,"Plano, TX",citizens-only,,,MATLAB,2026-09-03T00:00:00Z,date_only,2026-09-03T23:15:31Z,https://snc.wd1.myworkdayjobs.com/snc_external_career_site/job/Plano-TX/Mechanical-Engineering-Intern--Summer-2027-_R0030746-1
Sierra Nevada Corporation,Software Engineering Intern (Summer 2027),Summer 2027,False,,Internship,,Software,"Plano, TX",citizens-only,,,MATLAB,2026-09-03T00:00:00Z,date_only,2026-09-03T23:15:31Z,https://snc.wd1.myworkdayjobs.com/snc_external_career_site/job/Plano-TX/Software-Engineering-Intern--Summer-2027-_R0030758
Sierra Nevada Corporation,Software Engineering Intern (Summer 2027),Summer 2027,False,,Internship,,Software,"Southern Pines, NC",citizens-only,,,MATLAB,2026-09-03T00:00:00Z,date_only,2026-09-03T23:15:31Z,https://snc.wd1.myworkdayjobs.com/snc_external_career_site/job/Southern-Pines-NC/Software-Engineering-Intern--Summer-2027-_R0030759
Sierra Nevada Corporation,Software Engineering Intern (Summer 2027),Summer 2027,False,,Internship,,Software,"Sparks, NV",citizens-only,,,MATLAB,2026-09-03T00:00:00Z,date_only,2026-09-03T23:15:31Z,https://snc.wd1.myworkdayjobs.com/snc_external_career_site/job/Sparks-NV/Software-Engineering-Intern--Summer-2027-_R0030760
Stryker,Mechanical Engineering Intern,Not stated,True,,Internship,,Hardware,"Massachusetts, Virtual Address",unknown,104,,,2026-09-03T00:00:00Z,date_only,2026-09-03T20:56:54Z,https://stryker.wd1.myworkdayjobs.com/StrykerCareers/job/Massachusetts-Virtual-Address/Mechanical-Engineering-Intern_R572943-1
TRUMPF,Manufacturing Intern,Not stated,True,,Internship,,Hardware,"Farmington, CT",unknown,4,,,2026-09-03T00:00:00Z,date_only,2026-09-03T17:51:22Z,https://trumpf.wd3.myworkdayjobs.com/TRUMPF_Students/job/Farmington-CT/Manufacturing-Intern_R00042879
Wonder,Robotics Systems Engineer Intern,Not stated,True,,Internship,,Hardware,"New York, NY",no-sponsorship,2,$53/hr,,2026-09-03T00:00:00Z,date_only,2026-09-03T20:56:54Z,https://wonder.wd1.myworkdayjobs.com/WG/job/New-York-NY/Robotics-Systems-Engineer-Intern_JR101321
Hadrian,Robotics Engineer Intern,Not stated,True,,Internship,,Hardware,"Los Angeles, CA",citizens-only,,,Python; C++,2026-09-02T21:47:12.152+00:00,exact,2026-09-02T23:18:47Z,https://jobs.ashbyhq.com/hadrian-automation/02e33109-08c5-4db7-8881-67294c172584
Hadrian,Software Engineer Intern,Not stated,True,,Internship,,Software,"Los Angeles, CA",citizens-only,,,Python; TypeScript,2026-09-02T21:46:58.459+00:00,exact,2026-09-02T23:18:47Z,https://jobs.ashbyhq.com/hadrian-automation/2b0423c6-947d-4226-8d23-90743bd5e63e
Hadrian,Data Science/ Data Engineer Intern,Not stated,True,,Internship,,Data & ML/AI,"Los Angeles, CA",citizens-only,,,Python; SQL,2026-09-02T21:47:29.454+00:00,exact,2026-09-02T23:18:47Z,https://jobs.ashbyhq.com/hadrian-automation/f718bcfe-3f5b-4682-a294-697499caf813
Reflect Orbital,Flight Software Engineering Intern,Not stated,True,,Internship,,Software,"Hawthorne, CA",unknown,,$27 – $31 per hour,,2026-09-02T21:57:24.003+00:00,exact,2026-09-02T23:18:47Z,https://jobs.ashbyhq.com/reflect-orbital/d2ad1427-89aa-404d-8678-7b8e6dace5e2
Reflect Orbital,Embedded Firmware Engineering Intern,Not stated,True,,Internship,,Hardware,"Hawthorne, CA",unknown,,$27 – $31 per hour,Python; C++,2026-09-02T21:57:26.937+00:00,exact,2026-09-02T23:18:47Z,https://jobs.ashbyhq.com/reflect-orbital/d5ade048-5555-4a77-b002-d117254b6e6b
Flagship Pioneering,Pioneering Intelligence: Agentic AI Co-Op,Not stated,True,,Co-op,,Data & ML/AI,"Cambridge, MA USA",unknown,6,$25–$45/hr,Python,2026-09-02T09:51:40-04:00,exact,2026-09-02T17:54:51Z,https://job-boards.greenhouse.io/fspco-op012325/jobs/8769080002
General Matter,Summer 2027 Internship - Embedded Software Engineering,Summer 2027,False,,Internship,,Software,"Los Angeles, CA",unknown,,$32–$46/hr,Python; C++; Go; Rust,2026-09-02T15:52:13-04:00,exact,2026-09-02T20:59:44Z,https://job-boards.greenhouse.io/generalmatter/jobs/5377131008
National Information Solutions Cooperative (NISC),Intern - Software Development,Not stated,True,,Internship,,Software,"Cedar Rapids, IA or Lake Saint Louis, MO or Mandan, ND",unknown,,,Java; TypeScript; JavaScript; Angular; AWS; Linux; PostgreSQL; MongoDB,2026-09-02T12:44:00-04:00,exact,2026-09-02T17:54:51Z,https://job-boards.greenhouse.io/nisc/jobs/8092699
National Information Solutions Cooperative (NISC),Intern - Data Engineer,Not stated,True,,Internship,,Data & ML/AI,"Cedar Rapids, IA or Lake Saint Louis, MO",unknown,,,Python; Java; SQL; Scala; LLMs; AWS; Git; Airflow,2026-09-02T12:39:45-04:00,exact,2026-09-02T17:54:51Z,https://job-boards.greenhouse.io/nisc/jobs/8167858
Re:Build Manufacturing,Manufacturing Engineer Intern Fall 2026,Fall 2026,False,,Internship,,Hardware,"Merrimack, NH",unknown,,,,2026-09-02T12:14:14-04:00,exact,2026-09-02T17:54:51Z,https://job-boards.greenhouse.io/rebuildmanufacturing/jobs/4729848005
Roblox,[Summer 2027] Product Management Intern,Summer 2027,False,,Internship,,Software,"San Mateo, CA, United States",unknown,186,,,2026-09-02T12:41:13-04:00,exact,2026-09-02T17:54:51Z,https://careers.roblox.com/jobs/8143981?gh_jid=8143981
National Information Solutions Cooperative (NISC),Intern - Data Engineer,Not stated,True,,Internship,,Data & ML/AI,"Cedar Rapids, IA",unknown,,,Python; Java; SQL; Scala; LLMs; AWS; Git; Airflow,2026-09-02T12:39:46-04:00,exact,2026-09-02T17:54:51Z,https://job-boards.greenhouse.io/testnisc/jobs/8167883
National Information Solutions Cooperative (NISC),Intern - Data Engineer,Not stated,True,,Internship,,Data & ML/AI,"Lake Saint Louis, MO",unknown,,,Python; Java; SQL; Scala; LLMs; AWS; Git; Airflow,2026-09-02T12:39:48-04:00,exact,2026-09-02T17:54:51Z,https://job-boards.greenhouse.io/testnisc/jobs/8167884
National Information Solutions Cooperative (NISC),Intern - Software Development,Not stated,True,,Internship,,Software,"Cedar Rapids, IA",unknown,,,Java; TypeScript; JavaScript; Angular; AWS; Linux; PostgreSQL; MongoDB,2026-09-02T12:46:38-04:00,exact,2026-09-02T17:54:51Z,https://job-boards.greenhouse.io/testnisc/jobs/8174088
National Information Solutions Cooperative (NISC),Intern - Software Development,Not stated,True,,Internship,,Software,"Lake Saint Louis, MO",unknown,,,Java; TypeScript; JavaScript; Angular; AWS; Linux; PostgreSQL; MongoDB,2026-09-02T12:46:39-04:00,exact,2026-09-02T17:54:51Z,https://job-boards.greenhouse.io/testnisc/jobs/8174090
National Information Solutions Cooperative (NISC),Intern - Software Development,Not stated,True,,Internship,,Software,"Mandan, ND",unknown,,,Java; TypeScript; JavaScript; Angular; AWS; Linux; PostgreSQL; MongoDB,2026-09-02T12:46:41-04:00,exact,2026-09-02T17:54:51Z,https://job-boards.greenhouse.io/testnisc/jobs/8174096
Dynamic Catholic,Internship - Front-End UX Intern,Not stated,True,,Internship,,Other,"Erlanger, Kentucky",no-sponsorship,,,JavaScript,2026-09-02T18:00:46Z,exact,2026-09-03T13:35:54Z,https://jobs.lever.co/dynamiccatholic/603f082e-07c8-4b1c-ac09-8963c51229ad
Dynamic Catholic,Internship - Software Developer - Commerce Cloud,Not stated,True,,Internship,,Software,"Erlanger, Kentucky",unknown,,,JavaScript,2026-09-02T20:55:13Z,exact,2026-09-03T13:35:54Z,https://jobs.lever.co/dynamiccatholic/e94fa581-892c-4958-9515-0221f862ce57
FOTH,Structural Engineering Intern (Summer 2027),Summer 2027,False,,Internship,,Hardware,"Green Bay, Wisconsin",unknown,,,,2026-09-02T02:19:06Z,exact,2026-09-03T20:56:54Z,https://jobs.lever.co/foth/2dab53e6-9f06-41fe-a2c9-c9808402c1e7
FOTH,Mechanical Packaging Systems Engineering Co-op (Summer/Fall 2027),Summer 2027,False,,Co-op,,Hardware,"Green Bay, Wisconsin",unknown,,,,2026-09-02T02:05:04Z,exact,2026-09-03T20:56:54Z,https://jobs.lever.co/foth/78374fff-0ecd-4505-9f9d-bbfb0686c51e
FOTH,Mechanical Process Engineering Intern (Summer 2027),Summer 2027,False,,Internship,,Hardware,"Green Bay, Wisconsin",unknown,,,,2026-09-02T02:16:12Z,exact,2026-09-03T20:56:54Z,https://jobs.lever.co/foth/9b9e654e-cca7-463f-b0c0-fab83c0acd81
FOTH,Structural Engineering Intern (Summer 2027),Summer 2027,False,,Internship,,Hardware,"Mehoopany, Pennsylvania",unknown,,,,2026-09-02T02:22:16Z,exact,2026-09-03T20:56:54Z,https://jobs.lever.co/foth/b087b7bd-e1a0-41af-a2e1-46c56b6e5ccb
FOTH,Mechanical Packaging Systems Engineering Intern (Summer 2027),Summer 2027,False,,Internship,,Hardware,"Green Bay, Wisconsin",unknown,,,,2026-09-02T02:08:06Z,exact,2026-09-03T20:56:54Z,https://jobs.lever.co/foth/c074a997-c723-4c6f-b531-686ef1461c25
FOTH,Mechanical Process Engineering Co-op (Summer/Fall 2027),Summer 2027,False,,Co-op,,Hardware,"Green Bay, Wisconsin",unknown,,,,2026-09-02T02:12:29Z,exact,2026-09-03T20:56:54Z,https://jobs.lever.co/foth/d8cc43b0-5927-407f-9f0a-84bf51460354
Hermeus,Manufacturing Engineering Intern - Spring/Summer 2027,Summer 2027,False,,Internship,,Hardware,"Atlanta, GA",citizens-only,,25–33 USD/hr,,2026-09-02T01:22:55Z,exact,2026-09-02T04:02:54Z,https://jobs.lever.co/hermeus/1bdf3754-5649-4a50-913e-b05140cb004f
Hermeus,Manufacturing Engineering Intern - Spring/Summer/Fall 2027,Summer 2027,False,,Internship,,Hardware,"Los Angeles, CA",citizens-only,,25–33 USD/hr,,2026-09-02T14:59:45Z,exact,2026-09-09T18:34:11Z,https://jobs.lever.co/hermeus/5f6a6e79-9836-4c33-b40b-a2bb6c27bd06
Hermeus,Structures/Mechanical Engineering Intern - Spring/Summer 2027,Summer 2027,False,,Internship,,Hardware,"Atlanta, GA",citizens-only,,25–33 USD/hr,,2026-09-02T01:04:36Z,exact,2026-09-02T04:02:54Z,https://jobs.lever.co/hermeus/60b5d40a-1065-4bd2-8c72-6b2fb69d4761
AECOM,Structural Engineering Intern - Bridge & Transportation Structures,Summer 2027,False,,Internship,,Hardware,"Glen Allen, VA, United States",unknown,246,,,2026-09-02T13:23:02.295Z,exact,2026-09-02T13:37:12Z,https://jobs.smartrecruiters.com/AECOM2/744000146989469
AECOM,Structural Intern- Hiring Event with AECOM - New York City,Not stated,True,,Internship,,Hardware,"Piscataway, NJ, United States",unknown,246,,,2026-09-02T16:10:29.734Z,exact,2026-09-02T17:54:51Z,https://jobs.smartrecruiters.com/AECOM2/744000147036623
AECOM,Structural Intern- Hiring Event with AECOM - New York City,Not stated,True,,Internship,,Hardware,"New York, NY, United States",unknown,246,,,2026-09-02T16:10:05.854Z,exact,2026-09-02T17:54:51Z,https://jobs.smartrecruiters.com/AECOM2/744000147037399
Intuitive Surgical,Mechanical Engineering Intern,Not stated,True,,Internship,,Hardware,"Sunnyvale, CA, United States",unknown,14,,Python; MATLAB,2026-09-02T22:49:29.677Z,exact,2026-09-02T23:18:47Z,https://jobs.smartrecruiters.com/Intuitive/744000147091674
Winsupply,Software Developer Intern,Not stated,True,,Internship,,Software,"Moraine, OH, United States",unknown,13,,Python; Java; Angular,2026-09-02T13:56:11.233Z,exact,2026-09-02T17:54:51Z,https://jobs.smartrecruiters.com/Winsupply1/3743990015014717
ABB,Mechanical Design Engineer Intern- Summer 2027,Summer 2027,False,,Internship,,Hardware,"Fort Smith, Arkansas, United States of America",no-sponsorship,69,$20–$34/hr,,2026-09-02T00:00:00Z,date_only,2026-09-02T20:59:44Z,https://abb.wd3.myworkdayjobs.com/external_career_page/job/Fort-Smith-Arkansas-United-States-of-America/Mechanical-Design-Engineer-Intern--Summer-2027_JR00045727
Allied Solutions,AI Solutions Intern,Summer 2027,False,,Internship,,Data & ML/AI,"Carmel, IN",unknown,2,,,2026-09-02T00:00:00Z,date_only,2026-09-02T20:59:44Z,https://alliedsolutions.wd501.myworkdayjobs.com/Allied_External/job/Carmel-IN/AI-Solutions-Intern_R-011074
Allied Solutions,Data Science Intern,Summer 2027,False,,Internship,,Data & ML/AI,"Carmel, IN",unknown,2,,Python; SQL,2026-09-02T00:00:00Z,date_only,2026-09-02T20:59:44Z,https://alliedsolutions.wd501.myworkdayjobs.com/Allied_External/job/Carmel-IN/Data-Science-Intern_R-011077
Allied Solutions,Software Delivery Management Intern,Summer 2027,False,,Internship,,Software,"Carmel, IN",unknown,2,,Azure,2026-09-02T00:00:00Z,date_only,2026-09-02T20:59:44Z,https://alliedsolutions.wd501.myworkdayjobs.com/Allied_External/job/Carmel-IN/Software-Delivery-Management-Intern_R-011086
Allied Solutions,Software Engineering Intern,Summer 2027,False,,Internship,,Software,"Carmel, IN",unknown,2,,Python; Java; C#; JavaScript; SQL; React; Angular; AWS,2026-09-02T00:00:00Z,date_only,2026-09-02T20:59:44Z,https://alliedsolutions.wd501.myworkdayjobs.com/Allied_External/job/Carmel-IN/Software-Engineering-Intern_R-011087
Allied Solutions,Product Management Intern - Risk Management,Summer 2027,False,,Internship,,Software,"St. Paul, MN",unknown,2,,,2026-09-02T00:00:00Z,date_only,2026-09-02T20:59:44Z,https://alliedsolutions.wd501.myworkdayjobs.com/Allied_External/job/St-Paul-MN/Product-Management-Intern---Risk-Management_R-011083
Auto-Owners Insurance,Business Intelligence Developer Internship - Summer 2027,Summer 2027,False,,Internship,,Software,"Lansing, MI",unknown,,,Python; SQL; Tableau,2026-09-02T00:00:00Z,date_only,2026-09-02T13:37:12Z,https://aoins.wd5.myworkdayjobs.com/AutoOwners/job/Lansing-MI/Business-Intelligence-Developer-Internship---Summer-2027_R_14417
"Axcelis Technologies, Inc.",Manufacturing Engineer Co-op Production Support,Not stated,True,,Co-op,,Hardware,"Beverly, MA",unknown,11,,,2026-09-02T00:00:00Z,date_only,2026-09-02T20:59:44Z,https://axcelis.wd1.myworkdayjobs.com/axcelis/job/Beverly-MA/Manufacturing-Engineer-Co-op-Production-Support_12001
"Axcelis Technologies, Inc.",Manufacturing Test Development Co-op,Not stated,True,,Co-op,,Hardware,"Beverly, MA",unknown,11,,,2026-09-02T00:00:00Z,date_only,2026-09-02T20:59:44Z,https://axcelis.wd1.myworkdayjobs.com/axcelis/job/Beverly-MA/Manufacturing-Test-Development-Co-op_12009
"Axcelis Technologies, Inc.",Manufacturing Test Development Engineer Co-op,Not stated,True,,Co-op,,Hardware,"Beverly, MA",unknown,11,,,2026-09-02T00:00:00Z,date_only,2026-09-02T20:59:44Z,https://axcelis.wd1.myworkdayjobs.com/axcelis/job/Beverly-MA/Manufacturing-Test-Development-Engineer-Co-op_12010
Bracco,Manufacturing Engineering Co-op,Not stated,True,,Co-op,,Hardware,"USA, Eden Prairie, Minnesota, 55344",unknown,,$23–$25/hr,,2026-09-02T00:00:00Z,date_only,2026-09-12T13:36:56Z,https://bracco.wd103.myworkdayjobs.com/braccocareers/job/USA-Eden-Prairie-Minnesota-55344/Manufacturing-Engineering-Co-op_JR100312
Cigna Group,Artificial Intelligence Innovation Development Program (AIIDP) Summer Internship,Summer 2027,False,,Internship,,Data & ML/AI,"NC, Raleigh, 701 Corporate Center Dr STE 200",unknown,,$25–$27/hr,Python; SQL; LLMs,2026-09-02T00:00:00Z,date_only,2026-09-02T17:54:51Z,https://cigna.wd5.myworkdayjobs.com/cignacareers/job/NC-Raleigh-701-Corporate-Center-Dr-STE-200/Ai-Innovation-Development-Program--AIIDP--Summer-internship_26010712
Copart,Software Engineering Intern,Not stated,True,,Internship,,Software,"Dallas, TX - Headquarters",unknown,83,,JavaScript,2026-09-02T00:00:00Z,date_only,2026-09-02T20:59:44Z,https://copart.wd12.myworkdayjobs.com/copart/job/Dallas-TX---Headquarters/Software-Engineering-Intern_JR111173
RTX,Software Engineering Co-op (Summer/Fall 2027),Summer 2027,False,,Co-op,,Software,US-IA-CEDAR RAPIDS-105 ~ 400 Collins Rd NE ~ BLDG 105,citizens-only,,,Python; C++,2026-09-02T00:00:00Z,date_only,2026-09-02T17:54:51Z,https://globalhr.wd5.myworkdayjobs.com/rec_rtx_ext_gateway/job/US-IA-CEDAR-RAPIDS-105--400-Collins-Rd-NE--BLDG-105/Software-Engineering-Co-op--Summer-Fall-2027-_01870194
United Parcel Service (UPS),2027 Industrial Engineering Summer Intern - Bayonne NJ,Summer 2027,False,,Internship,,Hardware,US - BAYONNE CENTER (NJBAY),citizens-only,,$16–$33.44/hr,,2026-09-02T00:00:00Z,date_only,2026-09-02T20:59:44Z,https://hcmportal.wd5.myworkdayjobs.com/Search/job/US---BAYONNE-CENTER-NJBAY/XMLNAME-2027-Industrial-Engineering-Summer-Intern---Bayonne-NJ_R26030793
United Parcel Service (UPS),"2027 Industrial Engineering Summer Intern - Portland, OR",Summer 2027,False,,Internship,,Hardware,US - PORTLAND HUB (ORPOR),citizens-only,,,,2026-09-02T00:00:00Z,date_only,2026-09-02T17:54:51Z,https://hcmportal.wd5.myworkdayjobs.com/Search/job/US---PORTLAND-HUB-ORPOR/XMLNAME-2027-Industrial-Engineering-Summer-Intern---Portland--OR_R26030709
United Parcel Service (UPS),"2027 Industrial Engineering Summer Intern - Atlanta, GA",Summer 2027,False,,Internship,,Hardware,US - UPS CORPORATE OFFICES (GACOR),citizens-only,,,,2026-09-02T00:00:00Z,date_only,2026-09-02T20:59:44Z,https://hcmportal.wd5.myworkdayjobs.com/Search/job/US---UPS-CORPORATE-OFFICES-GACOR/XMLNAME-2027-Industrial-Engineering-Summer-Intern---Atlanta--GA_R26030769
United Parcel Service (UPS),"2027 Industrial Engineering Summer Intern - Salt Lake City, UT",Summer 2027,False,,Internship,,Hardware,US - UTAH REGIONAL HUB (UTLKE),citizens-only,,,,2026-09-02T00:00:00Z,date_only,2026-09-02T17:54:51Z,https://hcmportal.wd5.myworkdayjobs.com/Search/job/US---UTAH-REGIONAL-HUB-UTLKE/XMLNAME-2027-Industrial-Engineering-Summer-Intern---Salt-Lake-City--UT_R26030699
Magna International,Intern - Engineering Software,Not stated,True,,Internship,,Software,"Southfield, Michigan, US",unknown,,,Python; C++; Linux; Git,2026-09-02T00:00:00Z,date_only,2026-09-02T17:54:51Z,https://magna.wd3.myworkdayjobs.com/Magna/job/Southfield-Michigan-US/Intern---Engineering-Software_R00258617
McKesson,Software Engineer Intern - Summer 2027,Summer 2027,False,,Internship,,Software,"USA, CO, Longmont",unknown,147,,Python; Java; C++; C#; Git,2026-09-02T00:00:00Z,date_only,2026-09-03T04:00:34Z,https://mckesson.wd3.myworkdayjobs.com/External_Careers/job/USA-CO-Longmont/Software-Engineer-Intern---Summer-2027_JR0152469
McKesson,Software Engineer Intern - Summer 2027,Summer 2027,False,,Internship,,Software,"USA, CO, Longmont",unknown,147,,Python; C#; SQL; Git; PostgreSQL,2026-09-02T00:00:00Z,date_only,2026-09-03T04:00:34Z,https://mckesson.wd3.myworkdayjobs.com/External_Careers/job/USA-CO-Longmont/Software-Engineer-Intern---Summer-2027_JR0152742
McKesson,Software Installation & IT Support Intern - Summer 2027,Summer 2027,False,,Internship,,Software,"USA, CO, Longmont",unknown,147,,,2026-09-02T00:00:00Z,date_only,2026-09-03T04:00:34Z,https://mckesson.wd3.myworkdayjobs.com/External_Careers/job/USA-CO-Longmont/Software-Installation---IT-Support-Intern---Summer-2027_JR0152304
McKesson,Data Analyst Intern - Summer 2027,Summer 2027,False,,Internship,,Data & ML/AI,"USA, OH, Columbus",unknown,147,,SQL; Tableau,2026-09-02T00:00:00Z,date_only,2026-09-03T04:00:34Z,https://mckesson.wd3.myworkdayjobs.com/External_Careers/job/USA-OH-Columbus/Data-Analyst-Intern---Summer-2027_JR0150844
McKesson,Software Development Intern - Summer 2027,Summer 2027,False,,Internship,,Software,"USA, TX, Irving",unknown,147,,Python; Java; C#,2026-09-02T00:00:00Z,date_only,2026-09-03T04:00:34Z,https://mckesson.wd3.myworkdayjobs.com/External_Careers/job/USA-TX-Irving/Software-Development-Intern---Summer-2027_JR0152635
Northrop Grumman,2027 Software Engineer Intern - Linthicum Maryland,Summer 2027,False,,Internship,,Software,United States-Maryland-Linthicum,citizens-only,,,,2026-09-02T00:00:00Z,date_only,2026-09-02T17:54:51Z,https://ngc.wd1.myworkdayjobs.com/Northrop_Grumman_External_Site/job/United-States-Maryland-Linthicum/XMLNAME-2027-Software-Engineer-Intern---Linthicum-Maryland_R10248910
Niagara Bottling,Manufacturing Intern - Allentown,Not stated,True,,Internship,,Hardware,"Allentown - Allentown, PA",unknown,104,,,2026-09-02T00:00:00Z,date_only,2026-09-02T23:18:47Z,https://niagarawater.wd5.myworkdayjobs.com/niagara/job/Allentown---Allentown-PA/Manufacturing-Intern---Allentown_R56046
Niagara Bottling,Manufacturing Intern - Allentown,Not stated,True,,Internship,,Hardware,"Allentown - Allentown, PA",unknown,104,,,2026-09-02T00:00:00Z,date_only,2026-09-02T23:18:47Z,https://niagarawater.wd5.myworkdayjobs.com/niagara/job/Allentown---Allentown-PA/Manufacturing-Intern---Allentown_R56047
Niagara Bottling,Manufacturing Intern - Atlanta,Not stated,True,,Internship,,Hardware,"Atlanta - Newnan, GA",unknown,104,,,2026-09-02T00:00:00Z,date_only,2026-09-02T23:18:47Z,https://niagarawater.wd5.myworkdayjobs.com/niagara/job/Atlanta---Newnan-GA/Manufacturing-Intern---Atlanta_R56048
Niagara Bottling,Manufacturing Intern - Atlanta,Not stated,True,,Internship,,Hardware,"Atlanta - Newnan, GA",unknown,104,,,2026-09-02T00:00:00Z,date_only,2026-09-02T23:18:47Z,https://niagarawater.wd5.myworkdayjobs.com/niagara/job/Atlanta---Newnan-GA/Manufacturing-Intern---Atlanta_R56049
Niagara Bottling,Manufacturing Intern - Baytown,Not stated,True,,Internship,,Hardware,"Baytown - Baytown, TX",unknown,104,,,2026-09-02T00:00:00Z,date_only,2026-09-02T23:18:47Z,https://niagarawater.wd5.myworkdayjobs.com/niagara/job/Baytown---Baytown-TX/Manufacturing-Intern---Baytown_R56050
Niagara Bottling,Manufacturing Intern - Baytown,Not stated,True,,Internship,,Hardware,"Baytown - Baytown, TX",unknown,104,,,2026-09-02T00:00:00Z,date_only,2026-09-02T23:18:47Z,https://niagarawater.wd5.myworkdayjobs.com/niagara/job/Baytown---Baytown-TX/Manufacturing-Intern---Baytown_R56051
Niagara Bottling,Manufacturing Intern - Carolina,Not stated,True,,Internship,,Hardware,"Carolina - Carolina, SC",unknown,104,,,2026-09-02T00:00:00Z,date_only,2026-09-02T23:18:47Z,https://niagarawater.wd5.myworkdayjobs.com/niagara/job/Carolina---Carolina-SC/Manufacturing-Intern---Carolina_R56052
Niagara Bottling,Manufacturing Intern - Cincinnati,Not stated,True,,Internship,,Hardware,"Cincinnati - Elsmere, KY",unknown,104,,,2026-09-02T00:00:00Z,date_only,2026-09-02T23:18:47Z,https://niagarawater.wd5.myworkdayjobs.com/niagara/job/Cincinnati---Elsmere-KY/Manufacturing-Intern---Cincinnati_R56053
Niagara Bottling,Manufacturing Intern - Dallas,Not stated,True,,Internship,,Hardware,"Dallas - Dallas, TX",unknown,104,,,2026-09-02T00:00:00Z,date_only,2026-09-02T23:18:47Z,https://niagarawater.wd5.myworkdayjobs.com/niagara/job/Dallas---Dallas-TX/Manufacturing-Intern---Dallas_R56054
Niagara Bottling,Manufacturing Intern - Hazleton,Not stated,True,,Internship,,Hardware,"Hazleton - Hazle Township, PA",unknown,104,,,2026-09-02T00:00:00Z,date_only,2026-09-02T23:18:47Z,https://niagarawater.wd5.myworkdayjobs.com/niagara/job/Hazleton---Hazle-Township-PA/Manufacturing-Intern---Hazleton_R56056
Niagara Bottling,Manufacturing Intern - Jacksonville,Not stated,True,,Internship,,Hardware,"Jacksonville - Middleburg, FL",unknown,104,,,2026-09-02T00:00:00Z,date_only,2026-09-02T23:18:47Z,https://niagarawater.wd5.myworkdayjobs.com/niagara/job/Jacksonville---Middleburg-FL/Manufacturing-Intern---Jacksonville_R56057
Niagara Bottling,Manufacturing Intern - Jacksonville,Not stated,True,,Internship,,Hardware,"Jacksonville - Middleburg, FL",unknown,104,,,2026-09-02T00:00:00Z,date_only,2026-09-02T23:18:47Z,https://niagarawater.wd5.myworkdayjobs.com/niagara/job/Jacksonville---Middleburg-FL/Manufacturing-Intern---Jacksonville_R56058
Niagara Bottling,Manufacturing Intern - Kansas City 2,Not stated,True,,Internship,,Hardware,"Kansas City 2 - Kansas City, MO",unknown,104,,,2026-09-02T00:00:00Z,date_only,2026-09-02T23:18:47Z,https://niagarawater.wd5.myworkdayjobs.com/niagara/job/Kansas-City-2---Kansas-City-MO/Manufacturing-Intern---Kansas-City-2_R56060
Niagara Bottling,Manufacturing Intern - Kenosha,Not stated,True,,Internship,,Hardware,"Kenosha - Pleasant Prairie, WI",unknown,104,,,2026-09-02T00:00:00Z,date_only,2026-09-02T23:18:47Z,https://niagarawater.wd5.myworkdayjobs.com/niagara/job/Kenosha---Pleasant-Prairie-WI/Manufacturing-Intern---Kenosha_R56061
Niagara Bottling,Manufacturing Intern - Lancaster,Not stated,True,,Internship,,Hardware,"Lancaster - Lancaster, TX",unknown,104,,,2026-09-02T00:00:00Z,date_only,2026-09-02T23:18:47Z,https://niagarawater.wd5.myworkdayjobs.com/niagara/job/Lancaster---Lancaster-TX/Manufacturing-Intern---Lancaster_R56062
Niagara Bottling,Manufacturing Intern - Louisville,Not stated,True,,Internship,,Hardware,"Louisville - Jeffersonville, IN",unknown,104,,,2026-09-02T00:00:00Z,date_only,2026-09-02T23:18:47Z,https://niagarawater.wd5.myworkdayjobs.com/niagara/job/Louisville---Jeffersonville-IN/Manufacturing-Intern---Louisville_R56063
Niagara Bottling,Manufacturing Intern - Mesa,Not stated,True,,Internship,,Hardware,"Mesa - Mesa, AZ",unknown,104,,,2026-09-02T00:00:00Z,date_only,2026-09-02T23:18:47Z,https://niagarawater.wd5.myworkdayjobs.com/niagara/job/Mesa---Mesa-AZ/Manufacturing-Intern---Mesa_R56064
Niagara Bottling,Manufacturing Intern - Miami,Not stated,True,,Internship,,Hardware,"Miami - Jupiter, FL",unknown,104,,,2026-09-02T00:00:00Z,date_only,2026-09-02T23:18:47Z,https://niagarawater.wd5.myworkdayjobs.com/niagara/job/Miami---Jupiter-FL/Manufacturing-Intern---Miami_R56327
Niagara Bottling,Manufacturing Intern - Pittsburgh,Not stated,True,,Internship,,Hardware,"Pittsburgh - Pittsburgh, PA",unknown,104,,,2026-09-02T00:00:00Z,date_only,2026-09-02T23:18:47Z,https://niagarawater.wd5.myworkdayjobs.com/niagara/job/Pittsburgh---Pittsburgh-PA/Manufacturing-Intern---Pittsburgh_R56067
Niagara Bottling,Manufacturing Intern - Rialto,Not stated,True,,Internship,,Hardware,"Rialto - Rialto, CA",unknown,104,,,2026-09-02T00:00:00Z,date_only,2026-09-02T23:18:47Z,https://niagarawater.wd5.myworkdayjobs.com/niagara/job/Rialto---Rialto-CA/Manufacturing-Intern---Rialto_R56068
Niagara Bottling,Manufacturing Intern - Stockton 4,Not stated,True,,Internship,,Hardware,"Stockton 4 - Stockton, CA",unknown,104,,,2026-09-02T00:00:00Z,date_only,2026-09-02T23:18:47Z,https://niagarawater.wd5.myworkdayjobs.com/niagara/job/Stockton-4---Stockton-CA/Manufacturing-Intern---Stockton-4_R56071
Niagara Bottling,Manufacturing Intern - Stockton 4,Not stated,True,,Internship,,Hardware,"Stockton 4 - Stockton, CA",unknown,104,,,2026-09-02T00:00:00Z,date_only,2026-09-02T23:18:47Z,https://niagarawater.wd5.myworkdayjobs.com/niagara/job/Stockton-4---Stockton-CA/Manufacturing-Intern---Stockton-4_R56072
Niagara Bottling,Manufacturing Intern - Tacoma,Not stated,True,,Internship,,Hardware,"Tacoma - Puyallup, WA",unknown,104,,,2026-09-02T00:00:00Z,date_only,2026-09-02T23:18:47Z,https://niagarawater.wd5.myworkdayjobs.com/niagara/job/Tacoma---Puyallup-WA/Manufacturing-Intern---Tacoma_R56073
Stryker,Manufacturing Engineering Intern,Not stated,True,,Internship,,Hardware,"Cary, Illinois",unknown,104,,,2026-09-02T00:00:00Z,date_only,2026-09-03T04:00:34Z,https://stryker.wd1.myworkdayjobs.com/StrykerCareers/job/Cary-Illinois/Manufacturing-Engineering-Intern_R572922
Stryker,Manufacturing Engineering Intern,Not stated,True,,Internship,,Hardware,"Redmond, Washington",unknown,104,,,2026-09-02T00:00:00Z,date_only,2026-09-03T04:00:34Z,https://stryker.wd1.myworkdayjobs.com/StrykerCareers/job/Redmond-Washington/Manufacturing-Engineering-Intern_R572846
Valmont,Civil/Structural Engineering Intern,Not stated,True,,Internship,,Hardware,Tuscaloosa AL,unknown,12,,,2026-09-02T00:00:00Z,date_only,2026-09-02T17:54:51Z,https://valmont.wd1.myworkdayjobs.com/ValmontCareers/job/Tuscaloosa-AL/Civil-Structural-Engineering-Intern_R28717
Valon,Software Engineer Intern,Not stated,True,,Internship,,Software,New York,unknown,2,$60/hr,Python; React; GCP; Kubernetes; Docker,2026-09-01T21:01:57.937+00:00,exact,2026-09-01T23:17:22Z,https://jobs.ashbyhq.com/valon/b5a62c0c-823c-42dd-8cb5-e4b1455bcc64
Eulerity,Backend Developer Intern,Not stated,True,,Internship,,Software,"New York, New York",unknown,,$17–$19/hr,Java; LLMs; Git,2026-09-01T17:08:29-04:00,exact,2026-09-01T23:17:22Z,https://job-boards.greenhouse.io/eulerity/jobs/4709040006
General Matter,Summer 2027 Internship - Mechanical Engineering (HVAC),Summer 2027,False,,Internship,,Hardware,"Los Angeles, CA",unknown,,$30–$40/hr,Python; C#; Airflow,2026-09-01T13:38:09-04:00,exact,2026-09-01T17:51:20Z,https://job-boards.greenhouse.io/generalmatter/jobs/5377104008
HP IQ,"Software Engineering Intern, Connectivity (Summer 2027)",Summer 2027,False,,Internship,,Software,"San Francisco, CA",unknown,,$45–$51/hr,Python; C++,2026-09-01T14:25:44-04:00,exact,2026-09-01T20:59:17Z,https://job-boards.greenhouse.io/hpiq/jobs/6176783004
K2 Space,Mechanical  Engineering Intern – Summer 2027,Summer 2027,False,,Internship,,Hardware,"Los Angeles, CA",citizens-only,,$30–$40/hr,,2026-09-01T00:55:22-04:00,exact,2026-09-18T04:15:10Z,https://job-boards.greenhouse.io/k2spacecorporation/jobs/5411915008
K2 Space,Software Engineering Intern – Summer 2027,Summer 2027,False,,Internship,,Software,"Los Angeles, CA",citizens-only,,$30–$40/hr,C++; Rust; Linux,2026-09-01T01:06:54-04:00,exact,2026-09-18T04:15:10Z,https://job-boards.greenhouse.io/k2spacecorporation/jobs/5411920008
Olsson,Structural Engineering Internship - Facilities,Not stated,True,,Internship,,Hardware,"Omaha, NE",unknown,2,,,2026-09-01T09:00:01-04:00,exact,2026-09-01T13:28:09Z,https://job-boards.greenhouse.io/olsson/jobs/5394118008
Olsson,Mechanical Engineering Internship - Healthcare Facilities,Not stated,True,,Internship,,Hardware,"Dallas, TX; Fort Worth, TX",unknown,2,,,2026-09-01T09:00:01-04:00,exact,2026-09-01T13:28:09Z,https://job-boards.greenhouse.io/olsson/jobs/5394239008
Olsson,Mechanical Engineering Internship - Healthcare Facilities,Not stated,True,,Internship,,Hardware,"Omaha, NE",unknown,2,,,2026-09-01T09:00:01-04:00,exact,2026-09-01T13:28:09Z,https://job-boards.greenhouse.io/olsson/jobs/5394243008
Olsson,Mechanical Engineering Internship - Facilities,Not stated,True,,Internship,,Hardware,"Oklahoma City, OK",unknown,2,,,2026-09-01T09:00:01-04:00,exact,2026-09-01T13:28:09Z,https://job-boards.greenhouse.io/olsson/jobs/5394246008
Stokespacetechnologies,Summer 2027 Internship - Software,Summer 2027,False,,Internship,,Software,"Kent, Washington",citizens-only,,$28/hr,Python; C++; Rust; TypeScript; JavaScript; React; Node.js; GraphQL,2026-09-01T11:32:31-04:00,exact,2026-09-06T12:53:24Z,https://job-boards.greenhouse.io/stokespacetechnologies/jobs/6176786004
FOTH,Civil Engineering Intern-Coastal Infrastructure (Summer 2027),Summer 2027,False,,Internship,,Software,"Newport, Rhode Island",unknown,,21–26 USD/hr,,2026-09-01T18:57:17Z,exact,2026-09-03T20:56:54Z,https://jobs.lever.co/foth/072d5e17-c095-49bc-ac02-4cd558bb5d64
FOTH,Mechanical Engineering Intern (Summer 2027),Summer 2027,False,,Internship,,Hardware,"Mehoopany, Pennsylvania",unknown,,,,2026-09-01T19:47:11Z,exact,2026-09-03T20:56:54Z,https://jobs.lever.co/foth/6cc70042-0140-4979-9878-828edf973a83
FOTH,Civil Engineering Intern-Waterfront Infrastructure (Summer 2027),Summer 2027,False,,Internship,,Software,"Green Bay, Wisconsin",unknown,,,,2026-09-01T19:02:34Z,exact,2026-09-03T20:56:54Z,https://jobs.lever.co/foth/95f75d08-ec27-48ff-8c60-dcf2d5720885
FOTH,Mechanical Engineering Co-op (Summer/Fall 2027),Summer 2027,False,,Co-op,,Hardware,"Green Bay, Wisconsin",unknown,,,,2026-09-01T19:37:42Z,exact,2026-09-03T20:56:54Z,https://jobs.lever.co/foth/d4e4eaf1-4046-4a8d-ae73-882f39355907
Hermeus,Software Engineering Intern (Modeling & Simulation) - Spring/Summer 2027,Summer 2027,False,,Internship,,Software,"Los Angeles, CA",citizens-only,,25–33 USD/hr,Python; C++; MATLAB,2026-09-01T18:28:54Z,exact,2026-09-01T20:59:17Z,https://jobs.lever.co/hermeus/445db430-6f81-41cf-847a-56a947afb936
Hermeus,Software Engineering Intern (HIL) - Spring/Summer 2027,Summer 2027,False,,Internship,,Software,"Atlanta, GA",citizens-only,,25–33 USD/hr,Python; C++; MATLAB,2026-09-01T15:30:22Z,exact,2026-09-01T20:59:17Z,https://jobs.lever.co/hermeus/d87ed913-affc-475e-b721-c5b5f11c3c7b
Texas Instruments,Software Intern - Summer 2027,Summer 2027,False,,Internship,,Software,"Pella, IA, United States",unknown,234,$27.25/hr,Python; Java; C++; JavaScript; LLMs; Git,2026-09-01,date_only,2026-09-01T13:28:09Z,https://ebgj.fa.us2.oraclecloud.com/hcmUI/CandidateExperience/en/sites/CX_1/job/253299
AECOM,Structural Engineering Intern - Hiring Event with AECOM - Philadelphia,Not stated,True,,Internship,,Hardware,"Conshohocken, PA, United States",citizens-only,246,,,2026-09-01T01:26:50.382Z,exact,2026-09-01T07:41:38Z,https://jobs.smartrecruiters.com/AECOM2/744000146596391
TWG Global,AI Data Science Intern (SOLT) - Summer 2027,Summer 2027,False,,Internship,,Data & ML/AI,"Santa Monica, California, United States",unknown,,$50/hr,Python; PyTorch; scikit-learn; Pandas; LLMs,2026-09-01T00:00:00.000Z,date_only,2026-09-10T00:06:03Z,https://apply.workable.com/twgai/j/263B34D737/
TWG Global,AI Engineering Intern - Summer 2027,Summer 2027,False,,Internship,,Data & ML/AI,"Santa Monica, California, United States",unknown,,$50/hr,LLMs; Computer Vision,2026-09-01T00:00:00.000Z,date_only,2026-09-10T00:06:03Z,https://apply.workable.com/twgai/j/772CD136FF/
TWG Global,AI Data Science Intern (MAQR) - Summer 2027,Summer 2027,False,,Internship,,Data & ML/AI,"Santa Monica, California, United States",unknown,,$50/hr,Python; PyTorch; TensorFlow; scikit-learn; Pandas; Git,2026-09-01T00:00:00.000Z,date_only,2026-09-10T00:06:03Z,https://apply.workable.com/twgai/j/AC536E5EE2/
Altera Corporation,Graduate Intern - Engineering Infrastructure,Not stated,True,,Internship,,Software,"San Jose, California, United States",unknown,11,,Python; AWS; Terraform; Linux,2026-09-01T00:00:00Z,date_only,2026-09-02T04:02:54Z,https://altera.wd1.myworkdayjobs.com/altera/job/San-Jose-California-United-States/Graduate-Intern---Engineering-Infrastructure_R03066
Brunswick,Mercury Marine: Materials Engineering Co-op,Not stated,True,,Co-op,,Hardware,"Fond du Lac, WI",unknown,54,$18–$27.5/hr,,2026-09-01T00:00:00Z,date_only,2026-09-01T13:28:09Z,https://brunswick.wd1.myworkdayjobs.com/search/job/Fond-du-Lac-WI/Mercury-Marine--Materials-Engineering-Co-op_JR-051139
Brunswick,Mercury Marine: Mechatronics Intern,Not stated,True,,Internship,,Hardware,"Fond du Lac, WI",unknown,54,$18–$27.5/hr,Python; MATLAB,2026-09-01T00:00:00Z,date_only,2026-09-01T23:17:22Z,https://brunswick.wd1.myworkdayjobs.com/search/job/Fond-du-Lac-WI/Mercury-Marine--Mechatronics-Intern_JR-051269
CWAN,Product Management Intern,Not stated,True,,Internship,,Software,Office - New York,unknown,,,Python; SQL,2026-09-01T00:00:00Z,date_only,2026-09-01T23:17:22Z,https://clearwateranalytics.wd1.myworkdayjobs.com/Clearwater_Analytics_Careers/job/Office---New-York/Product-Management-Intern_R12200
CWAN,Quant Developer Intern,Not stated,True,,Internship,,Quant,Office - New York,unknown,,,Java,2026-09-01T00:00:00Z,date_only,2026-09-01T23:17:22Z,https://clearwateranalytics.wd1.myworkdayjobs.com/Clearwater_Analytics_Careers/job/Office---New-York/Quant-Developer-Intern_R12182
CWAN,Quant Developer Intern,Not stated,True,,Internship,,Quant,Office - New York,unknown,,,Java,2026-09-01T00:00:00Z,date_only,2026-09-01T23:17:22Z,https://clearwateranalytics.wd1.myworkdayjobs.com/Clearwater_Analytics_Careers/job/Office---New-York/Quant-Developer-Intern_R12183
CWAN,Quant Developer Intern,Not stated,True,,Internship,,Quant,Office - New York,unknown,,,Java,2026-09-01T00:00:00Z,date_only,2026-09-01T23:17:22Z,https://clearwateranalytics.wd1.myworkdayjobs.com/Clearwater_Analytics_Careers/job/Office---New-York/Quant-Developer-Intern_R12184
CWAN,Quant Developer Intern,Not stated,True,,Internship,,Quant,Office - New York,unknown,,,Java,2026-09-01T00:00:00Z,date_only,2026-09-01T23:17:22Z,https://clearwateranalytics.wd1.myworkdayjobs.com/Clearwater_Analytics_Careers/job/Office---New-York/Quant-Developer-Intern_R12185
CWAN,Technical Product Management Intern,Not stated,True,,Internship,,Software,Office - New York,unknown,,,Java,2026-09-01T00:00:00Z,date_only,2026-09-01T23:17:22Z,https://clearwateranalytics.wd1.myworkdayjobs.com/Clearwater_Analytics_Careers/job/Office---New-York/Technical-Product-Management-Intern_R12058
CWAN,Technical Product Management Intern,Not stated,True,,Internship,,Software,Office - New York,unknown,,,Python; SQL,2026-09-01T00:00:00Z,date_only,2026-09-01T23:17:22Z,https://clearwateranalytics.wd1.myworkdayjobs.com/Clearwater_Analytics_Careers/job/Office---New-York/Technical-Product-Management-Intern_R12094
CWAN,Technical Product Management Intern,Not stated,True,,Internship,,Software,Office - New York,unknown,,,Python; SQL,2026-09-01T00:00:00Z,date_only,2026-09-01T23:17:22Z,https://clearwateranalytics.wd1.myworkdayjobs.com/Clearwater_Analytics_Careers/job/Office---New-York/Technical-Product-Management-Intern_R12198
DraftKings,Data Science Intern (Summer 2027),Summer 2027,False,,Internship,,Data & ML/AI,"Boston, MA",unknown,52,,Python; Git,2026-09-01T00:00:00Z,date_only,2026-09-01T20:59:17Z,https://draftkings.wd1.myworkdayjobs.com/Campus_Career_Portal/job/Boston-MA/Data-Science-Intern--Summer-2027-_JR14958
Teledyne,EADSIM Software Engineering Intern (Summer 2027),Summer 2027,False,,Internship,,Software,"US - Huntsville, AL",citizens-only,5,,Python; C++; Git,2026-09-01T00:00:00Z,date_only,2026-09-01T17:51:20Z,https://flir.wd1.myworkdayjobs.com/flircareers/job/US---Huntsville-AL/EADSIM-Software-Engineering-Intern--Summer-2027-_REQ36667
First National Bank,Summer 2027 AI/ML Modeler Intern,Summer 2027,False,,Internship,,Data & ML/AI,"Pittsburgh, PA",no-sponsorship,39,,Python; SQL; scikit-learn; Pandas; Docker; Git,2026-09-01T00:00:00Z,date_only,2026-09-01T20:59:17Z,https://fnbcorp.wd501.myworkdayjobs.com/FNBCORP/job/Pittsburgh-PA/Summer-2027-AI-ML-Modeler-Intern_2026-01851
Greenheck Group,Manufacturing Operations Co-op (WI),Not stated,True,,Co-op,,Hardware,"Schofield, WI",unknown,,$20/hr,,2026-09-01T00:00:00Z,date_only,2026-09-01T20:59:17Z,https://greenheckgroup.wd5.myworkdayjobs.com/external/job/Schofield-WI/Manufacturing-Operations-Co-op--WI-_JR104525
United Parcel Service (UPS),2027 Industrial Engineering Summer Intern - Chicago IL,Summer 2027,False,,Internship,,Hardware,US - JEFFERSON HUB (ILJEF),citizens-only,,$16–$33.44/hr,,2026-09-01T00:00:00Z,date_only,2026-09-01T23:17:22Z,https://hcmportal.wd5.myworkdayjobs.com/Search/job/US---JEFFERSON-HUB-ILJEF/XMLNAME-2027-Industrial-Engineering-Summer-Intern---Chicago-IL_R26030597
IAT Insurance Group,Cyber Security Internship,Summer 2027,False,,Internship,,Security,Raleigh NC,no-sponsorship,,,,2026-09-01T00:00:00Z,date_only,2026-09-02T13:37:12Z,https://iatinsurancegroup.wd1.myworkdayjobs.com/iat/job/Raleigh-NC/Cyber-Security-Internship_JR100410
Ingredion,AI & Data Scientist Intern,Not stated,True,,Internship,,Data & ML/AI,"Westchester, IL",unknown,4,$20–$25/hr,SQL; PyTorch; TensorFlow; scikit-learn; AWS; GCP; Azure; Hadoop,2026-09-01T00:00:00Z,date_only,2026-09-02T13:37:12Z,https://ingredion.wd1.myworkdayjobs.com/IngredionCareers/job/Westchester-IL/AI---Data-Scientist-Intern_Req-40007-1
Johnson & Johnson,"Data Science Co-Op, Summer 2027",Summer 2027,False,,Co-op,,Data & ML/AI,"Cincinnati, Ohio, United States of America",unknown,8,$23.5/hr,Python; SQL; scikit-learn; Pandas; Git; Spark; Tableau,2026-09-01T00:00:00Z,date_only,2026-09-01T17:51:20Z,https://jj.wd5.myworkdayjobs.com/JJ/job/Cincinnati-Ohio-United-States-of-America/Data-Science-Co-Op--Summer-2027_R-096746
Johnson & Johnson,Software Engineering Co-Op. Summer 2027,Summer 2027,False,,Co-op,,Software,"Cincinnati, Ohio, United States of America",unknown,8,$23.5/hr,Python; C++; Linux,2026-09-01T00:00:00Z,date_only,2026-09-01T20:59:17Z,https://jj.wd5.myworkdayjobs.com/JJ/job/Cincinnati-Ohio-United-States-of-America/Software-Engineering-Co-Op-Summer-2027_R-096743
Mondelez International,"Manufacturing- Process Engineering Co-Op(For Naperville, IL Local Candidates Only)",Summer 2027,False,,Co-op,,Hardware,"Naperville, Illinois, United States",unknown,,,,2026-09-01T00:00:00Z,date_only,2026-09-01T20:59:17Z,https://wd3.myworkdaysite.com/recruiting/mdlz/External/job/Naperville-Illinois-United-States/Manufacturing--Process-Engineering-Co-Op-For-Naperville--IL-Local-Candidates-Only-_R-176632
Northrop Grumman,2027 Cybersecurity Analyst Intern -  Boulder CO,Summer 2027,False,,Internship,,Security,United States-Colorado-Boulder,citizens-only,,$22.25–$27.25/hr,,2026-09-01T00:00:00Z,date_only,2026-09-01T17:51:20Z,https://ngc.wd1.myworkdayjobs.com/Northrop_Grumman_External_Site/job/United-States-Colorado-Boulder/XMLNAME-2027-Cybersecurity-Analyst-Intern----Boulder-CO_R10248677
Northrop Grumman,2027 Industrial Engineering Intern,Summer 2027,False,,Internship,,Hardware,United States-Mississippi-Iuka,citizens-only,,$17.5–$31.75/hr,,2026-09-01T00:00:00Z,date_only,2026-09-01T23:17:22Z,https://ngc.wd1.myworkdayjobs.com/Northrop_Grumman_External_Site/job/United-States-Mississippi-Iuka/XMLNAME-2027-Industrial-Engineering-Intern_R10248838
Niagara Bottling,Manufacturing Intern - Temple,Not stated,True,,Internship,,Hardware,"Temple - Temple, TX",unknown,104,,,2026-09-01T00:00:00Z,date_only,2026-09-01T07:41:38Z,https://niagarawater.wd5.myworkdayjobs.com/niagara/job/Temple---Temple-TX/Manufacturing-Intern---Temple_R56074
Northern Trust,Technology Intern – Data Science and Analytics,Not stated,True,,Internship,,Data & ML/AI,"Chicago, IL",no-sponsorship,144,,Python; SQL; LLMs; Tableau,2026-09-01T00:00:00Z,date_only,2026-09-01T20:59:17Z,https://ntrs.wd1.myworkdayjobs.com/northerntrust/job/Chicago-IL/Technology-Intern---Data-Science-and-Analytics_R160865-1
Northern Trust,Technology Intern – Information Security,Not stated,True,,Internship,,Security,"Chicago, IL",no-sponsorship,144,,Python; Java; SQL; LLMs; Azure,2026-09-01T00:00:00Z,date_only,2026-09-01T20:59:17Z,https://ntrs.wd1.myworkdayjobs.com/northerntrust/job/Chicago-IL/Technology-Intern---Information-Security_R160869-1
Northern Trust,Technology Intern – Infrastructure and IT Management,Not stated,True,,Internship,,Software,"Chicago, IL",no-sponsorship,144,,LLMs,2026-09-01T00:00:00Z,date_only,2026-09-01T20:59:17Z,https://ntrs.wd1.myworkdayjobs.com/northerntrust/job/Chicago-IL/Technology-Intern---Infrastructure-and-IT-Management_R160872-1
Northern Trust,Technology Intern – Software Engineering,Not stated,True,,Internship,,Software,"Chicago, IL",no-sponsorship,144,,Python; Java; SQL; LLMs; Azure; Git,2026-09-01T00:00:00Z,date_only,2026-09-01T20:59:17Z,https://ntrs.wd1.myworkdayjobs.com/northerntrust/job/Chicago-IL/Technology-Intern---Software-Engineering_R160832-1
Philips,"Co-op - Software Development Engineer - Cambridge, MA - Jan-Aug 2027",Summer 2027,False,,Co-op,,Software,"Cambridge (US), Massachusetts, United States",unknown,,,Python; Java; C#; AWS; Kubernetes; Docker; Terraform; Linux,2026-09-01T00:00:00Z,date_only,2026-09-01T17:51:20Z,https://philips.wd3.myworkdayjobs.com/jobs-and-careers/job/Cambridge-US-Massachusetts-United-States/Co-op---Software-Development-Engineer---Cambridge--MA---Jan-Aug-2027_590095
Philips,"Co-op – Software Engineering (APM) - Cambridge, MA - Jan - Aug 2027",Summer 2027,False,,Co-op,,Software,"Cambridge (US), Massachusetts, United States",unknown,,,C#; JavaScript; SQL; .NET; Linux; Git,2026-09-01T00:00:00Z,date_only,2026-09-01T17:51:20Z,https://philips.wd3.myworkdayjobs.com/jobs-and-careers/job/Cambridge-US-Massachusetts-United-States/Co-op---Software-Engineering--APM----Cambridge--MA---Jan---Aug-2027_590097
Philips,"Co-op - Manufacturing Engineering - Murrysville, PA - January-June 2027",Summer 2027,False,,Co-op,,Hardware,"Murrysville, Pennsylvania, United States",unknown,,,Python,2026-09-01T00:00:00Z,date_only,2026-09-01T17:51:20Z,https://philips.wd3.myworkdayjobs.com/jobs-and-careers/job/Murrysville-Pennsylvania-United-States/Co-op-Manufacturing-Engineering-Murrysville--PA-January-June-2027_580754
Philips,"Co-op-Manufacturing Engineering - Reedsville, PA-January-June 2027",Summer 2027,False,,Co-op,,Hardware,"Reedsville, Pennsylvania, United States",unknown,,,,2026-09-01T00:00:00Z,date_only,2026-09-01T17:51:20Z,https://philips.wd3.myworkdayjobs.com/jobs-and-careers/job/Reedsville-Pennsylvania-United-States/Manufacturing-Engineering-Co-Op-January-June-2027_587807
Rockwell Automation,"Intern, Content IDE Software Development (LCS)",Not stated,True,,Internship,,Software,"Mayfield Heights, Ohio, United States",no-sponsorship,90,,Git,2026-09-01T00:00:00Z,date_only,2026-09-02T04:02:54Z,https://rockwellautomation.wd1.myworkdayjobs.com/External_Rockwell_Automation/job/Mayfield-Heights-Ohio-United-States/Intern--Content-IDE-Software-Development--LCS-_R26-5010-2
Rockwell Automation,"Intern, Cyber Professional Services (LCS)",Not stated,True,,Internship,,Security,"Mayfield Heights, Ohio, United States",no-sponsorship,90,,,2026-09-01T00:00:00Z,date_only,2026-09-02T04:02:54Z,https://rockwellautomation.wd1.myworkdayjobs.com/External_Rockwell_Automation/job/Mayfield-Heights-Ohio-United-States/Intern--Cyber-Professional-Services--LCS-_R26-5042-2
Stanley Black & Decker,Embedded Engineering Summer Intern 2027,Summer 2027,False,,Internship,,Software,"Towson, MD, United States",unknown,124,$22–$27/hr,,2026-09-01T00:00:00Z,date_only,2026-09-01T17:51:20Z,https://sbdinc.wd1.myworkdayjobs.com/Stanley_Black_Decker_Career_Site/job/Towson-MD-United-States/Embedded-Engineering-Summer-Intern-2027_REQ-1000052019
Stanley Black & Decker,Mechanical Engineering Intern Summer 2027,Summer 2027,False,,Internship,,Hardware,"Towson, MD, United States",unknown,124,$22–$27/hr,,2026-09-01T00:00:00Z,date_only,2026-09-01T17:51:20Z,https://sbdinc.wd1.myworkdayjobs.com/Stanley_Black_Decker_Career_Site/job/Towson-MD-United-States/Mechanical-Engineering-Intern-Summer-2027_REQ-1000052017
Stryker,Mechanical Engineering Intern,Not stated,True,,Internship,,Hardware,"Redmond, Washington",unknown,104,,,2026-09-01T00:00:00Z,date_only,2026-09-01T23:17:22Z,https://stryker.wd1.myworkdayjobs.com/StrykerCareers/job/Redmond-Washington/Mechanical-Engineering-Intern_R572728
Tencent,Tencent Cloud CPaaS Product Management Intern,Not stated,True,,Internship,,Software,US-California-Los Angeles,unknown,53,$27.12–$51.93/hr,,2026-09-01T00:00:00Z,date_only,2026-09-01T17:51:20Z,https://tencent.wd1.myworkdayjobs.com/Tencent_Careers/job/US-California-Los-Angeles/Tencent-Cloud-CPaaS-Product-Management-Intern_R108020
Tencent,AI Business Analyst Intern,Not stated,True,,Internship,,Data & ML/AI,US-California-Palo Alto,unknown,53,$24.81–$42.7/hr,,2026-09-01T00:00:00Z,date_only,2026-09-01T17:51:20Z,https://tencent.wd1.myworkdayjobs.com/Tencent_Careers/job/US-California-Palo-Alto/AI-Business-Analyst-Intern_R108039-1
Tencent,Tencent Cloud CPaaS Product Management Intern,Not stated,True,,Internship,,Software,US-California-Palo Alto,unknown,53,$27.12–$51.93/hr,,2026-09-01T00:00:00Z,date_only,2026-09-01T17:51:20Z,https://tencent.wd1.myworkdayjobs.com/Tencent_Careers/job/US-California-Palo-Alto/Tencent-Cloud-CPaaS-Product-Management-Intern_R108019
The Travelers Companies,Product Management Development Program (PMDP) Intern,Not stated,True,,Internship,,Software,CT - Hartford,no-sponsorship,,,,2026-09-01T00:00:00Z,date_only,2026-09-01T07:41:38Z,https://travelers.wd5.myworkdayjobs.com/External/job/CT---Hartford/Product-Management-Development-Program--PMDP--Intern_R-52317
TRUMPF,CNC Programming Intern,Not stated,True,,Internship,,Software,"Farmington, CT",unknown,4,,,2026-09-01T00:00:00Z,date_only,2026-09-01T17:51:20Z,https://trumpf.wd3.myworkdayjobs.com/TRUMPF_Students/job/Farmington-CT/CNC-Programming-Intern_R00042595
TRUMPF,Industrial Engineering Internship,Not stated,True,,Internship,,Hardware,"Farmington, CT",unknown,4,,,2026-09-01T00:00:00Z,date_only,2026-09-01T17:51:20Z,https://trumpf.wd3.myworkdayjobs.com/TRUMPF_Students/job/Farmington-CT/Industrial-Engineering-Internship_R00042497
TRUMPF,Manufacturing Intern,Not stated,True,,Internship,,Hardware,"Farmington, CT",unknown,4,,,2026-09-01T00:00:00Z,date_only,2026-09-01T17:51:20Z,https://trumpf.wd3.myworkdayjobs.com/TRUMPF_Students/job/Farmington-CT/Manufacturing-Intern_R00042282
TRUMPF,Manufacturing Intern,Not stated,True,,Internship,,Hardware,"Farmington, CT",unknown,4,,,2026-09-01T00:00:00Z,date_only,2026-09-01T13:28:09Z,https://trumpf.wd3.myworkdayjobs.com/TRUMPF_Students/job/Farmington-CT/Manufacturing-Intern_R00042598
TRUMPF,Manufacturing Smart Factory Intern,Not stated,True,,Internship,,Hardware,"Farmington, CT",unknown,4,,,2026-09-01T00:00:00Z,date_only,2026-09-01T13:28:09Z,https://trumpf.wd3.myworkdayjobs.com/TRUMPF_Students/job/Farmington-CT/Manufacturing-Smart-Factory-Intern_R00042597
TRUMPF,Mechanical Engineering Intern,Not stated,True,,Internship,,Hardware,"Farmington, CT",unknown,4,,,2026-09-01T00:00:00Z,date_only,2026-09-01T13:28:09Z,https://trumpf.wd3.myworkdayjobs.com/TRUMPF_Students/job/Farmington-CT/Mechanical-Engineering-Intern_R00042708
TRUMPF,Mechatronics Intern,Not stated,True,,Internship,,Hardware,"Plymouth, MI",unknown,4,,,2026-09-01T00:00:00Z,date_only,2026-09-01T13:28:09Z,https://trumpf.wd3.myworkdayjobs.com/TRUMPF_Students/job/Plymouth-MI/Mechatronics-Intern_R00042702-1
Tarrant Regional Water District,Summer 2027 Infrastructure Engineering Intern (T036),Summer 2027,False,,Internship,,Software,"Fort Worth, TX",unknown,,$18.54–$27.82/hr,,2026-09-01T00:00:00Z,date_only,2026-09-02T13:37:12Z,https://trwd.wd1.myworkdayjobs.com/TRWDCareers/job/Fort-Worth-TX/Summer-2027-Infrastructure-Engineering-Intern--T036-_JR100218
Valmont,Civil/Structural Engineering Intern,Not stated,True,,Internship,,Hardware,Bellville TX,unknown,12,,,2026-09-01T00:00:00Z,date_only,2026-09-01T23:17:22Z,https://valmont.wd1.myworkdayjobs.com/ValmontCareers/job/Bellville-TX/Civil-Structural-Engineering-Intern_R28720
Vermeer,Embedded Software Engineer Internship Summer 2027,Summer 2027,False,,Internship,,Software,"Pella, Iowa, USA - Corporate Office",unknown,,,C++; MATLAB; Git,2026-09-01T00:00:00Z,date_only,2026-09-01T07:41:38Z,https://vermeer.wd5.myworkdayjobs.com/externalcareersite/job/Pella-Iowa-USA---Corporate-Office/Embedded-Software-Engineer-Internship-Summer-2027_REQ-22165
Vermeer,IT Software Engineer Internship Summer 2027,Summer 2027,False,,Internship,,Software,"Pella, Iowa, USA - Corporate Office",unknown,,,C#; TypeScript; JavaScript; Azure,2026-09-01T00:00:00Z,date_only,2026-09-01T20:59:17Z,https://vermeer.wd5.myworkdayjobs.com/externalcareersite/job/Pella-Iowa-USA---Corporate-Office/IT-Software-Engineer-Internship-Summer-2027_REQ-22178
Sierra,"Software Engineer Intern, Agent (Summer 2027)",Summer 2027,False,,Internship,,Software,"San Francisco, CA",unknown,,,TypeScript; LLMs; React,2026-08-31T21:42:19.593+00:00,exact,2026-09-09T21:43:20Z,https://jobs.ashbyhq.com/sierra/34b31b67-268c-4270-b48f-72e59064c96e
Awetomaton,Platform Engineering Intern,Summer 2027,False,,Internship,,Software,"Beavercreek, OH",citizens-only,,,Python; Java; AWS; GCP; Azure; Kubernetes; Docker; Terraform,2026-08-31T10:11:45-04:00,exact,2026-08-31T17:02:44Z,https://job-boards.greenhouse.io/awetomaton/jobs/5394046008
HP IQ,"Software Engineer Intern, Cloud Services (Summer 2027)",Summer 2027,False,,Internship,,Software,"San Francisco, CA",unknown,,$45–$51/hr,Spring,2026-08-31T15:24:19-04:00,exact,2026-08-31T21:59:51Z,https://job-boards.greenhouse.io/hpiq/jobs/6111955004
HP IQ,"Software Engineering Intern, AML Platform (Summer 2027)",Summer 2027,False,,Internship,,Software,"San Francisco, CA",unknown,,$45–$51/hr,Python; PyTorch; TensorFlow,2026-08-31T15:21:18-04:00,exact,2026-08-31T21:59:51Z,https://job-boards.greenhouse.io/hpiq/jobs/6114781004
HP IQ,"Software Engineering Intern, Product & Developer Productivity  (Summer 2027)",Summer 2027,False,,Internship,,Software,"San Francisco, CA",unknown,,$45–$51/hr,LLMs,2026-08-31T15:24:03-04:00,exact,2026-08-31T21:59:51Z,https://job-boards.greenhouse.io/hpiq/jobs/6114890004
HP IQ,"Software Engineering Intern, Device Experiences (Summer 2027)",Summer 2027,False,,Internship,,Software,"San Francisco, CA",unknown,,$45–$51/hr,Java; C++,2026-08-31T15:21:36-04:00,exact,2026-08-31T21:59:51Z,https://job-boards.greenhouse.io/hpiq/jobs/6114912004
HP IQ,"Software Engineering Intern, Product Security (Summer 2027)",Summer 2027,False,,Internship,,Security,"San Francisco, CA",unknown,,$45–$51/hr,Python; Java; C++,2026-08-31T15:22:01-04:00,exact,2026-08-31T21:59:51Z,https://job-boards.greenhouse.io/hpiq/jobs/6116398004
HP IQ,"Software Engineering Intern, Software Systems (Summer 2027)",Summer 2027,False,,Internship,,Software,"San Francisco, CA",unknown,,$45–$51/hr,C++; Linux,2026-08-31T15:22:24-04:00,exact,2026-08-31T21:59:51Z,https://job-boards.greenhouse.io/hpiq/jobs/6140119004
Integra FEC,(SPRING) Data Analyst Intern,Not stated,True,,Internship,,Data & ML/AI,"Austin, Texas",no-sponsorship,,,Python; SQL,2026-08-31T14:08:04-04:00,exact,2026-08-31T21:59:51Z,https://job-boards.greenhouse.io/integra/jobs/5406100008
Integra FEC,(SUMMER) Data Analyst Intern,Not stated,True,,Internship,,Data & ML/AI,"Austin, Texas",no-sponsorship,,,Python; SQL,2026-08-31T14:08:17-04:00,exact,2026-08-31T21:59:51Z,https://job-boards.greenhouse.io/integra/jobs/5406109008
Integra FEC,(SPRING) Data Analyst Intern,Not stated,True,,Internship,,Data & ML/AI,"Austin, Texas",no-sponsorship,,,Python; SQL,2026-08-31T14:08:47-04:00,exact,2026-08-31T21:59:51Z,https://job-boards.greenhouse.io/integrainterns/jobs/5406101008
Integra FEC,(SUMMER) Data Analyst Intern,Not stated,True,,Internship,,Data & ML/AI,"Austin, Texas",no-sponsorship,,,Python; SQL,2026-08-31T14:08:58-04:00,exact,2026-08-31T21:59:51Z,https://job-boards.greenhouse.io/integrainterns/jobs/5406110008
Katalyst Space Technologies,Engineering Intern (Electrical / Mechanical / GNC / Software),Not stated,True,,Internship,,Hardware,"Broomfield, Colorado, United States",citizens-only,,,Python; C++; MATLAB; Linux,2026-08-31T19:15:59-04:00,exact,2026-09-01T01:15:27Z,https://job-boards.greenhouse.io/katalyst/jobs/6176711004
Lexington Medical,Mechanical Engineering Intern,Summer 2027,False,,Internship,,Hardware,"Bedford, MA",unknown,3,,,2026-08-31T11:13:30-04:00,exact,2026-08-31T17:02:44Z,https://job-boards.greenhouse.io/lexingtonmedical/jobs/5400185008
Lexington Medical,Manufacturing Engineering Intern,Summer 2027,False,,Internship,,Hardware,"Bedford, MA",unknown,3,,,2026-08-31T11:18:35-04:00,exact,2026-08-31T17:02:44Z,https://job-boards.greenhouse.io/lexingtonmedical/jobs/5404584008
Olsson,Mechanical Engineering Internship - Data Center Facilities,Summer 2027,False,,Internship,,Data & ML/AI,"Dallas, TX; Fort Worth, TX; North Kansas City, MO; Omaha, NE; Tulsa, OK",unknown,2,,,2026-08-31T17:00:00-04:00,exact,2026-08-31T21:59:51Z,https://job-boards.greenhouse.io/olsson/jobs/5396012008
Olsson,Structural Engineering Internship - Federal Infrastructure,Summer 2027,False,,Internship,,Hardware,"Overland Park, KS",unknown,2,,,2026-08-31T17:00:00-04:00,exact,2026-08-31T21:59:51Z,https://job-boards.greenhouse.io/olsson/jobs/5396073008
Olsson,Mechanical Engineering Internship - Federal Infrastructure,Summer 2027,False,,Internship,,Hardware,"Overland Park, KS",unknown,2,,,2026-08-31T17:00:00-04:00,exact,2026-08-31T21:59:51Z,https://job-boards.greenhouse.io/olsson/jobs/5396095008
Olsson,Civil Engineering Internship - Federal Infrastructure Site Design,Summer 2027,False,,Internship,,Software,"North Kansas City, MO",unknown,2,,,2026-08-31T17:00:00-04:00,exact,2026-08-31T21:59:51Z,https://job-boards.greenhouse.io/olsson/jobs/5396116008
Olsson,Electrical Engineering Internship - Federal Infrastructure,Summer 2027,False,,Internship,,Hardware,"North Kansas City, MO; Overland Park, KS",unknown,2,,,2026-08-31T17:00:00-04:00,exact,2026-08-31T21:59:51Z,https://job-boards.greenhouse.io/olsson/jobs/5396125008
Olsson,Revit Drafting Internship - Mechanical,Not stated,True,,Internship,,Hardware,"North Kansas City, MO; Tulsa, OK",unknown,2,,,2026-08-31T17:00:00-04:00,exact,2026-08-31T21:59:51Z,https://job-boards.greenhouse.io/olsson/jobs/5396260008
Olsson,Structural Engineering Internship - Bridge,Not stated,True,,Internship,,Hardware,"Overland Park, KS",unknown,2,,,2026-08-31T16:53:54-04:00,exact,2026-08-31T21:59:51Z,https://job-boards.greenhouse.io/olsson/jobs/5405868008
Olsson,Structural Engineering Internship - Bridge,Not stated,True,,Internship,,Hardware,"Oklahoma City, OK",unknown,2,,,2026-08-31T17:01:15-04:00,exact,2026-08-31T21:59:51Z,https://job-boards.greenhouse.io/olsson/jobs/5405889008
Olsson,Structural Engineering Internship - Rail Bridge,Not stated,True,,Internship,,Hardware,"Omaha, NE",unknown,2,,,2026-08-31T17:01:31-04:00,exact,2026-08-31T21:59:51Z,https://job-boards.greenhouse.io/olsson/jobs/5405904008
Olsson,Mechanical Engineering Internship - Industrial Facilities,Not stated,True,,Internship,,Hardware,"Des Moines, IA; Lincoln, NE; Omaha, NE",unknown,2,,,2026-08-31T17:05:11-04:00,exact,2026-08-31T21:59:51Z,https://job-boards.greenhouse.io/olsson/jobs/5407109008
Olsson,Structural Drafting Internship - Industrial Facilities,Summer 2027,False,,Internship,,Hardware,"Des Moines, IA",unknown,2,,,2026-08-31T17:05:45-04:00,exact,2026-08-31T21:59:51Z,https://job-boards.greenhouse.io/olsson/jobs/5408530008
Olsson,Mechanical Engineering Internship - Substation and Power Generation,Summer 2027,False,,Internship,,Hardware,"Fayetteville, AR",unknown,2,,,2026-08-31T17:15:08-04:00,exact,2026-08-31T21:59:51Z,https://job-boards.greenhouse.io/olsson/jobs/5411244008
Stripe,"Software Engineer, Intern (Summer or Winter)",Not stated,True,,Internship,,Software,"San Francisco, Seattle, New York City",unknown,441,,Java; JavaScript; Scala,2026-08-31T18:20:45-04:00,exact,2026-09-01T01:15:27Z,https://stripe.com/jobs/search?gh_jid=8128745
Hermeus,Mechanical Engineering Intern  - Spring/Summer 2027,Summer 2027,False,,Internship,,Hardware,"Los Angeles, CA",citizens-only,,25–33 USD/hr,,2026-08-31T15:21:07Z,exact,2026-09-09T18:34:11Z,https://jobs.lever.co/hermeus/1bc5c858-1b04-4093-80a0-2ba3491afc60
Bosch,Mechanical Design Engineering Intern,Not stated,True,,Internship,,Hardware,"Fort Lauderdale, FL, United States",unknown,,,,2026-08-31T13:28:48.685Z,exact,2026-08-31T17:02:44Z,https://jobs.smartrecruiters.com/BoschGroup/744000146471610
Bosch,Calibration Process Data Science Intern (8 months/40 hours per week),Not stated,True,,Internship,,Data & ML/AI,"Farmington Hills, MI, United States",unknown,,,Python,2026-08-31T20:07:02.139Z,exact,2026-08-31T21:59:51Z,https://jobs.smartrecruiters.com/BoschGroup/744000146546699
Bosch,Software Engineering Intern (8 months/40hrs per week),Not stated,True,,Internship,,Software,"Farmington Hills, MI, United States",unknown,,,Python; Rust; TypeScript; AWS; Linux; Git,2026-08-31T20:07:53.365Z,exact,2026-08-31T21:59:51Z,https://jobs.smartrecruiters.com/BoschGroup/744000146546849
Bosch,AI Application Intern (8 months/40 hours per week),Not stated,True,,Internship,,Data & ML/AI,"Farmington Hills, MI, United States",unknown,,,Python; Git,2026-08-31T20:13:30.982Z,exact,2026-08-31T21:59:51Z,https://jobs.smartrecruiters.com/BoschGroup/744000146547599
Talentpluto,AI/ML Engineering Intern,Not stated,True,,Internship,yes,Data & ML/AI,United States (Remote),unknown,,$35–$50/hr,Python; TypeScript; JavaScript; LLMs,2026-08-31T00:00:00.000Z,date_only,2026-09-04T20:41:19Z,https://apply.workable.com/talentpluto/j/6F93C25627/
Talentpluto,Backend Engineering Intern,Not stated,True,,Internship,yes,Software,United States (Remote),unknown,,$35–$50/hr,Python; TypeScript; JavaScript,2026-08-31T00:00:00.000Z,date_only,2026-09-04T20:41:19Z,https://apply.workable.com/talentpluto/j/CCC60EBB0C/
Alcon,Spring + Summer 2027 Co-Op - Manufacturing Science & Technology,Summer 2027,False,,Co-op,,Hardware,"Houston, Texas",unknown,57,,,2026-08-31T00:00:00Z,date_only,2026-08-31T17:02:44Z,https://alcon.wd5.myworkdayjobs.com/careers_alcon/job/Houston-Texas/Fall---Spring-2026-2027-Co-Op---Manufacturing-Science---Technology_R-2026-47959
Barr,Internship – Mechanical Engineer (Hybrid),Summer 2027,False,,Internship,,Hardware,"Minneapolis, MN",no-sponsorship,,,,2026-08-31T00:00:00Z,date_only,2026-08-31T17:02:44Z,https://barr.wd1.myworkdayjobs.com/barrcareers/job/Minneapolis-MN/Internship---Mechanical-Engineer--Hybrid-_R-102306
Brunswick,Mercury Marine: Software Controls Engineering Intern,Not stated,True,,Internship,,Software,"Fond du Lac, WI",unknown,54,$18–$27.5/hr,MATLAB,2026-08-31T00:00:00Z,date_only,2026-08-31T21:59:51Z,https://brunswick.wd1.myworkdayjobs.com/search/job/Fond-du-Lac-WI/Mercury-Marine--Software-Controls-Engineering-Intern_JR-051436
Dairyland Power Cooperative,"Intern, Energy Data Analyst",Not stated,True,,Internship,,Data & ML/AI,"La Crosse, Wisconsin",unknown,,,SQL,2026-08-31T00:00:00Z,date_only,2026-08-31T21:59:51Z,https://dairynet.wd1.myworkdayjobs.com/DPCcareers/job/La-Crosse-Wisconsin/Intern--Energy-Data-Analyst_JR101052
Dairyland Power Cooperative,"Intern, Energy Data Science",Not stated,True,,Internship,,Data & ML/AI,"La Crosse, Wisconsin",unknown,,,Python; SQL; AWS; Git,2026-08-31T00:00:00Z,date_only,2026-08-31T21:59:51Z,https://dairynet.wd1.myworkdayjobs.com/DPCcareers/job/La-Crosse-Wisconsin/Intern--Energy-Data-Science_JR101053
DraftKings,Software Engineer Intern (Summer 2027),Summer 2027,False,,Internship,,Software,"Boston, MA",unknown,52,,Java; C#; TypeScript; Git,2026-08-31T00:00:00Z,date_only,2026-08-31T17:02:44Z,https://draftkings.wd1.myworkdayjobs.com/Campus_Career_Portal/job/Boston-MA/Software-Engineer-Intern--Summer-2027-_JR14928
DraftKings,Software Engineer Intern (Summer 2027),Summer 2027,False,,Internship,,Software,"Boston, MA",unknown,52,,Java; C#; TypeScript; Git,2026-08-31T00:00:00Z,date_only,2026-08-31T21:59:51Z,https://draftkings.wd1.myworkdayjobs.com/Campus_Career_Portal/job/Boston-MA/Software-Engineer-Intern--Summer-2027-_JR14929
IGS Energy,Software Engineer Intern,Not stated,True,,Internship,yes,Software,Ohio Remote,no-sponsorship,,,C#; TypeScript; JavaScript; SQL; React; Angular; .NET; Azure,2026-08-31T00:00:00Z,date_only,2026-08-31T17:02:44Z,https://igsenergy.wd1.myworkdayjobs.com/IGS/job/Ohio-Remote/Software-Engineer-Intern_R6263
Michelin,"Summer 2027 Internship: Mechanical Engineer (Emporia, KS)",Summer 2027,False,,Internship,,Hardware,"EMPORIA, KS",unknown,,,,2026-08-31T00:00:00Z,date_only,2026-08-31T21:59:51Z,https://michelinhr.wd3.myworkdayjobs.com/Michelin/job/EMPORIA-KS/XMLNAME-2027-Summer-Mechanical-Engineer--Emporia--KS-_R-2026030587
Micron Technology,Intern - AI Systems and Infrastructure Engineering,Not stated,True,,Internship,,Data & ML/AI,"Austin, TX",unknown,489,,Python; C++; PyTorch; LLMs; CUDA; Linux,2026-08-31T00:00:00Z,date_only,2026-08-31T21:59:51Z,https://micron.wd1.myworkdayjobs.com/External/job/Austin-TX/Intern---AI-Systems-and-Infrastructure-Engineering_JR109990
BlueCross BlueShield of Nebraska,Cyber Intern: Summer 2027,Summer 2027,False,,Internship,,Security,"Omaha, NE",unknown,,,Azure,2026-08-31T00:00:00Z,date_only,2026-09-01T17:51:20Z,https://nebraskablue.wd1.myworkdayjobs.com/BCBSNE/job/Omaha-NE/Cyber-Intern--Summer-2027_JR101407
BlueCross BlueShield of Nebraska,IS Intern: AI & Automation (Managed Services) Summer 2027,Summer 2027,False,,Internship,,Data & ML/AI,"Omaha, NE",unknown,,,Python; SQL; Azure,2026-08-31T00:00:00Z,date_only,2026-09-01T17:51:20Z,https://nebraskablue.wd1.myworkdayjobs.com/BCBSNE/job/Omaha-NE/IS-Intern--Summer-2027_JR101411
Northrop Grumman,2026 Part-Time Cyber Security Engineering Intern - Aurora CO,Fall 2026,False,,Internship,,Security,United States-Colorado-Aurora,citizens-only,,$20.5–$38/hr,,2026-08-31T00:00:00Z,date_only,2026-08-31T21:59:51Z,https://ngc.wd1.myworkdayjobs.com/Northrop_Grumman_External_Site/job/United-States-Colorado-Aurora/XMLNAME-2026-Part-Time-Cyber-Security-Engineering-Intern---Aurora-CO_R10248520
Nike,"NIKE, Inc. Artificial Intelligence, Data, & Machine Learning Engineering Undergraduate Internship",Not stated,True,,Internship,,Data & ML/AI,"Beaverton, Oregon",unknown,484,,Python; SQL; LLMs; Computer Vision; AWS; Tableau,2026-08-31T00:00:00Z,date_only,2026-08-31T17:02:44Z,https://nike.wd1.myworkdayjobs.com/nke/job/Beaverton-Oregon/NIKE--Inc-Artificial-Intelligence--Data----Machine-Learning-Engineering-Undergraduate-Internship_R-91110
Nike,"NIKE, Inc. Software Engineering Undergraduate Internship",Not stated,True,,Internship,,Software,"Beaverton, Oregon",unknown,484,,Python; Java; C#; JavaScript; Swift; React; Node.js; AWS,2026-08-31T00:00:00Z,date_only,2026-08-31T21:59:51Z,https://nike.wd1.myworkdayjobs.com/nke/job/Beaverton-Oregon/NIKE--Inc-Software-Engineering-Undergraduate-Internship_R-91111
Vermeer,Advanced Manufacturing Intern - Summer 2027,Summer 2027,False,,Internship,,Hardware,"Pella, Iowa, USA - The Center",unknown,,,,2026-08-31T00:00:00Z,date_only,2026-08-31T21:59:51Z,https://vermeer.wd5.myworkdayjobs.com/externalcareersite/job/Pella-Iowa-USA---The-Center/Advanced-Manufacturing-Intern---Summer-2027_REQ-22140
Vermeer,Manufacturing Engineer Intern - Summer 2027,Summer 2027,False,,Internship,,Hardware,"Pella, Iowa, USA - The Center",unknown,,,,2026-08-31T00:00:00Z,date_only,2026-08-31T08:33:50Z,https://vermeer.wd5.myworkdayjobs.com/externalcareersite/job/Pella-Iowa-USA---The-Center/Manufacturing-Engineer-Intern---Summer-2027_REQ-22141
Equifax,Site Reliability Engineer Intern,Summer 2027,False,,Internship,,Software,USA - Missouri - St. Louis - Lackland,unknown,378,,Python; Java; GCP,2026-08-30T00:00:00Z,date_only,2026-08-30T22:43:26Z,https://equifax.wd5.myworkdayjobs.com/UR_External/job/USA---Missouri---St-Louis---Lackland/Site-Reliability-Engineer-Intern_J00178674
Northwood Space,Mechanical Engineering Intern (2027 Summer Internship),Summer 2027,False,,Internship,,Hardware,"Torrance, CA",citizens-only,,$36 per hour,,2026-08-29T00:58:59.904+00:00,exact,2026-08-29T01:42:50Z,https://jobs.ashbyhq.com/northwoodspace/6081eebf-7021-4a3f-a34f-78c91c94fcd3
Northwood Space,Software Engineering Intern (2027 Summer Internship),Summer 2027,False,,Internship,,Software,"Torrance, CA",citizens-only,,$36 per hour,C++; Go; Rust; AWS; GCP; Azure; Docker; Terraform,2026-08-29T00:55:33.893+00:00,exact,2026-08-29T01:42:50Z,https://jobs.ashbyhq.com/northwoodspace/ce3d4b73-461e-4128-a6f1-f933897e8119
Northwood Space,Embedded Software Engineering Intern (2027 Summer Internship),Summer 2027,False,,Internship,,Software,"Torrance, CA",citizens-only,,$36 per hour,Python; C++; Rust; Linux; Git,2026-08-29T00:53:33.839+00:00,exact,2026-08-29T01:42:50Z,https://jobs.ashbyhq.com/northwoodspace/d0cca9dd-ea90-4c3b-94b4-17761932d11c
Charles River Associates (CRA),(2028 Bachelor's/Master's graduates) Cyber and Forensic Technology Consulting Analyst/Associate Intern (Summer 2027),Summer 2027,False,,Internship,,Security,"Boston, MA, United States; Chicago, IL, United States; Dallas, Texas, United States; Washington, DC, United States",unknown,,$30–$37.5/hr,Python; C#; SQL,2026-08-28T11:19:51-04:00,exact,2026-08-28T17:23:56Z,https://job-boards.greenhouse.io/charlesriverassociates/jobs/8128811
Re:Build Manufacturing,Process & Mechanical Engineer Co-op/Intern,Not stated,True,,Internship / Co-op,,Hardware,"Rochester, NY",unknown,,,,2026-08-28T08:17:30-04:00,exact,2026-08-28T17:23:56Z,https://job-boards.greenhouse.io/rebuildmanufacturing/jobs/4728423005
Xaira Therapeutics,"AI Scientist Intern, Computational Protein Design",Not stated,True,,Internship,,Data & ML/AI,"Seattle, Washington, United States; South San Francisco, California, United States",unknown,,,PyTorch; LLMs,2026-08-28T17:52:45-04:00,exact,2026-08-29T01:42:50Z,https://job-boards.greenhouse.io/xairatherapeutics/jobs/5225658007
Talentpluto,Full Stack Engineering Intern,Not stated,True,,Internship,,Software,"New York, New York, United States",unknown,,$35–$50/hr,TypeScript; JavaScript; React,2026-08-28T00:00:00.000Z,date_only,2026-09-04T20:41:19Z,https://apply.workable.com/talentpluto/j/D3050663DF/
Booz Allen,"University - 2027 Summer Games Cyber Security Intern - Atlanta, GA",Summer 2027,False,,Internship,,Security,"Atlanta, GA",citizens-only,38,$108k/yr,Linux,2026-08-28T00:00:00Z,date_only,2026-08-29T08:57:34Z,https://bah.wd1.myworkdayjobs.com/bah_jobs/job/Atlanta-GA/University---2027-Summer-Games-Cyber-Security-Intern---Atlanta--GA_R0248139
Booz Allen,"University - 2027 Summer Games Software Developer Intern - Atlanta, GA",Summer 2027,False,,Internship,,Software,"Atlanta, GA",citizens-only,38,$108k/yr,Python; Java; C++; JavaScript,2026-08-28T00:00:00Z,date_only,2026-08-29T08:57:34Z,https://bah.wd1.myworkdayjobs.com/bah_jobs/job/Atlanta-GA/University---2027-Summer-Games-Software-Developer-Intern---Atlanta--GA_R0248138
Booz Allen,"University, 2027 Summer Games Data Scientist Intern - Atlanta, GA",Summer 2027,False,,Internship,,Data & ML/AI,"Atlanta, GA",citizens-only,38,$141k/yr,,2026-08-28T00:00:00Z,date_only,2026-08-29T08:57:34Z,https://bah.wd1.myworkdayjobs.com/bah_jobs/job/Atlanta-GA/University--2027-Summer-Games-Data-Scientist-Intern_R0248140
Booz Allen,"University - 2027 Summer Games Cyber Security Intern - Charleston, SC",Summer 2027,False,,Internship,,Security,"Charleston, SC",citizens-only,38,$108k/yr,Linux,2026-08-28T00:00:00Z,date_only,2026-08-29T08:57:34Z,https://bah.wd1.myworkdayjobs.com/bah_jobs/job/Charleston-SC/University---2027-Summer-Games-Cyber-Security-Intern---Charleston--SC_R0248136
Booz Allen,"University - 2027 Summer Games Data Scientist Intern - Charleston, SC",Summer 2027,False,,Internship,,Data & ML/AI,"Charleston, SC",citizens-only,38,$141k/yr,,2026-08-28T00:00:00Z,date_only,2026-08-29T08:57:34Z,https://bah.wd1.myworkdayjobs.com/bah_jobs/job/Charleston-SC/University---2027-Summer-Games-Data-Scientist-Intern_R0248137
Booz Allen,"University - 2027 Summer Games Software Developer Intern - Charleston, SC",Summer 2027,False,,Internship,,Software,"Charleston, SC",citizens-only,38,$108k/yr,Python; Java; C++; JavaScript,2026-08-28T00:00:00Z,date_only,2026-08-29T08:57:34Z,https://bah.wd1.myworkdayjobs.com/bah_jobs/job/Charleston-SC/University---2027-Summer-Games-Software-Developer-Intern_R0248134
Booz Allen,"University – Summer 27, Cybersecurity Analyst Intern",Not stated,True,,Internship,,Security,"McLean, VA",citizens-only,38,$108k/yr,Python; Java; C++; JavaScript,2026-08-28T00:00:00Z,date_only,2026-08-29T08:57:34Z,https://bah.wd1.myworkdayjobs.com/bah_jobs/job/McLean-VA/University---Summer-27--Cybersecurity-Analyst-Intern_R0248214
Booz Allen,"University, 2027 Summer Games Cyber Security Intern - Rome, NY",Summer 2027,False,,Internship,,Security,"Rome, NY",citizens-only,38,$108k/yr,Linux,2026-08-28T00:00:00Z,date_only,2026-08-29T08:57:34Z,https://bah.wd1.myworkdayjobs.com/bah_jobs/job/Rome-NY/University--2027-Summer-Games-Cyber-Security-Intern_R0248142
Booz Allen,"University, 2027 Summer Games Data Scientist Intern - Rome, NY",Summer 2027,False,,Internship,,Data & ML/AI,"Rome, NY",citizens-only,38,$141k/yr,,2026-08-28T00:00:00Z,date_only,2026-08-29T08:57:34Z,https://bah.wd1.myworkdayjobs.com/bah_jobs/job/Rome-NY/University--2027-Summer-Games-Data-Scientist-Intern_R0248143
Booz Allen,"University, 2027 Summer Games Software Developer Intern - Rome, NY",Summer 2027,False,,Internship,,Software,"Rome, NY",citizens-only,38,$108k/yr,Python; Java; C++; JavaScript,2026-08-28T00:00:00Z,date_only,2026-08-29T08:57:34Z,https://bah.wd1.myworkdayjobs.com/bah_jobs/job/Rome-NY/University--2027-Summer-Games-Software-Developer-Intern_R0248141
Booz Allen,AI Software Developer Intern,Not stated,True,,Internship,,Data & ML/AI,"San Diego, CA",citizens-only,38,$141k/yr,Python; PyTorch; TensorFlow; scikit-learn; LLMs; AWS; GCP; Azure,2026-08-28T00:00:00Z,date_only,2026-08-29T08:57:34Z,https://bah.wd1.myworkdayjobs.com/bah_jobs/job/San-Diego-CA/AI-Software-Developer-Intern_R0248115
Brunswick,Industrial Engineering-Continuous Improvement Intern,Not stated,True,,Internship,,Hardware,"Menomonee Falls, WI",no-sponsorship,54,$18–$27/hr,,2026-08-28T00:00:00Z,date_only,2026-08-29T21:42:31Z,https://brunswick.wd1.myworkdayjobs.com/search/job/Menomonee-Falls-WI/Industrial-Engineering-Intern_JR-051429
Brunswick,Software Engineer Intern,Not stated,True,,Internship,,Software,"Menomonee Falls, WI",no-sponsorship,54,$18–$27/hr,Python; JavaScript; SQL,2026-08-28T00:00:00Z,date_only,2026-08-29T21:42:31Z,https://brunswick.wd1.myworkdayjobs.com/search/job/Menomonee-Falls-WI/Software-Engineer-Intern_JR-051426-1
Conagra Brands,Cybersecurity Internship - Summer 2027,Summer 2027,False,,Internship,,Security,"Omaha, Nebraska",unknown,14,$23/hr,,2026-08-28T00:00:00Z,date_only,2026-08-29T08:57:34Z,https://conagrabrands.wd1.myworkdayjobs.com/Careers_US/job/Omaha-Nebraska/Cybersecurity-Internship---Summer-2027_Req-039965
United Parcel Service (UPS),Summer 2027 Industrial Engineering Co-Op,Summer 2027,False,,Co-op,,Hardware,US - UPSCO GLOBAL OPERATIONS CENTER (KYLOA),citizens-only,,,SQL; GCP,2026-08-28T00:00:00Z,date_only,2026-08-29T01:42:50Z,https://hcmportal.wd5.myworkdayjobs.com/Search/job/US---UPSCO-GLOBAL-OPERATIONS-CENTER-KYLOA/Summer-2027-Industrial-Engineering-Co-Op_R26030116-1
Workiva,Summer 2027 Intern - Software Engineering,Summer 2027,False,,Internship,yes,Software,USA - Remote,unknown,3,,Python; Java; C++; C#; TypeScript; JavaScript; SQL; React,2026-08-28T00:00:00Z,date_only,2026-08-29T14:25:16Z,https://workiva.wd503.myworkdayjobs.com/careers/job/USA---Remote/Summer-2027-Intern---Software-Engineering_R12190
Amazon,Robotics - Software Development Engineer Fall Intern/Co-op - 2026,Fall 2026,False,,Internship / Co-op,,Hardware,"Westboro, Massachusetts, USA",unknown,23139,,Python; Java; C++; C#; Rust; TypeScript; SQL; LLMs,2026-08-27T00:00:00Z,date_only,2026-08-27T19:51:20Z,https://www.amazon.jobs/en/jobs/10517149/robotics-software-development-engineer-fall-intern-co-op-2026
Amazon,"Software Development Engineer Intern, Annapurna Labs - 2027",Summer 2027,False,,Internship,,Software,"Cupertino, California, USA",unknown,23139,,Python; Java; C++; PyTorch; TensorFlow; Linux,2026-08-27T00:00:00Z,date_only,2026-08-28T04:14:20Z,https://www.amazon.jobs/en/jobs/10517567/software-development-engineer-intern-annapurna-labs-2027
Shield AI,Summer 2027 - Advanced Manufacturing Engineering Intern,Summer 2027,False,,Internship,,Hardware,"Dallas, Texas",unknown,2,34–54 USD/hr,,2026-08-27T23:18:32Z,exact,2026-08-31T21:59:51Z,https://jobs.lever.co/shieldai/c41c41a2-83d8-41a0-8a3b-ff8b84dc1c8a
AbbVie,2027 Business Technology Solutions Intern - Cybersecurity (Undergraduate),Summer 2027,False,,Internship,,Security,"North Chicago, IL, United States",unknown,303,,Python; Java; C#; JavaScript; AWS; GCP; Azure; Linux,2026-08-27T16:13:39.930Z,exact,2026-08-27T19:51:20Z,https://jobs.smartrecruiters.com/AbbVie/3743990014896329
AbbVie,2027 Business Technology Solutions Intern - Cybersecurity (Undergraduate),Summer 2027,False,,Internship,,Security,"Irvine, CA, United States",unknown,303,,Python; Java; C#; JavaScript; AWS; GCP; Azure; Linux,2026-08-27T17:33:14.955Z,exact,2026-08-27T19:51:20Z,https://jobs.smartrecruiters.com/AbbVie/3743990014900496
AbbVie,2027 Business Technology Solutions Intern - Cybersecurity (Undergraduate),Summer 2027,False,,Internship,,Security,"South San Francisco, CA, United States",unknown,303,,Python; Java; C#; JavaScript; AWS; GCP; Azure; Linux,2026-08-27T17:33:44.657Z,exact,2026-08-27T19:51:20Z,https://jobs.smartrecruiters.com/AbbVie/3743990014900536
ABB,Manufacturing Engineering Intern - Summer 2027,Summer 2027,False,,Internship,,Hardware,"USA, NJ, Hackettstown",no-sponsorship,69,$20–$34/hr,,2026-08-27T00:00:00Z,date_only,2026-08-27T19:51:20Z,https://abb.wd3.myworkdayjobs.com/external_career_page/job/USA-NJ-Hackettstown/Manufacturing-Engineering-Intern---Summer-2027_JR00044977
Air Products,Summer Intern- IT & Cyber Audit (2027),Summer 2027,False,,Internship,,Security,"Allentown, Pennsylvania",unknown,22,,,2026-08-27T00:00:00Z,date_only,2026-08-27T19:51:20Z,https://airproducts.wd5.myworkdayjobs.com/AP0001/job/Allentown-Pennsylvania/Summer-Intern--IT---Cyber-Audit--2027-_JR-2026-21954
Air Products,Summer Intern/Co-op-Mechanical Engineering (2027),Summer 2027,False,,Internship / Co-op,,Hardware,"Allentown, Pennsylvania",unknown,22,,,2026-08-27T00:00:00Z,date_only,2026-08-27T19:51:20Z,https://airproducts.wd5.myworkdayjobs.com/AP0001/job/Allentown-Pennsylvania/Summer-Intern-Co-op-Mechanical-Engineering--2027-_JR-2026-21956
Ambarella,Software Architecture Engineer Intern,Not stated,True,,Internship,,Software,US Headquarters,unknown,26,,Python; C++; TensorFlow; Computer Vision,2026-08-27T00:00:00Z,date_only,2026-08-27T19:51:20Z,https://ambarella.wd108.myworkdayjobs.com/ambarella/job/US-Headquarters/Software-Architecture-Engineer-Intern_JR100365
Ambarella,Software Development Engineer Intern,Not stated,True,,Internship,,Software,US Headquarters,unknown,26,,Python; C++; Computer Vision,2026-08-27T00:00:00Z,date_only,2026-08-27T19:51:20Z,https://ambarella.wd108.myworkdayjobs.com/ambarella/job/US-Headquarters/Software-Development-Engineer-Intern_JR100366-1
Ambarella,Software Engineer Intern,Not stated,True,,Internship,,Software,US Headquarters,unknown,26,,Python; C++; PyTorch; TensorFlow,2026-08-27T00:00:00Z,date_only,2026-08-27T19:51:20Z,https://ambarella.wd108.myworkdayjobs.com/ambarella/job/US-Headquarters/Software-Engineer-Intern_JR100363
Booz Allen,"University - 2027 Summer Games Cyber Security Intern - McLean, VA",Summer 2027,False,,Internship,,Security,"McLean, VA",citizens-only,38,$108k/yr,Linux,2026-08-27T00:00:00Z,date_only,2026-08-27T19:51:20Z,https://bah.wd1.myworkdayjobs.com/bah_jobs/job/McLean-VA/University---2027-Summer-Games-Cyber-Security-Intern---McLean--VA_R0248034
Booz Allen,"University - 2027 Summer Games Data Scientist Intern - McLean, VA",Summer 2027,False,,Internship,,Data & ML/AI,"McLean, VA",citizens-only,38,$141k/yr,,2026-08-27T00:00:00Z,date_only,2026-08-27T19:51:20Z,https://bah.wd1.myworkdayjobs.com/bah_jobs/job/McLean-VA/University---2027-Summer-Games-Data-Scientist-Intern---McLean--VA_R0248037
Booz Allen,"University, 2027 Summer Games Software Developer Intern - McLean, VA",Summer 2027,False,,Internship,,Software,"McLean, VA",citizens-only,38,$108k/yr,Python; Java; C++; JavaScript,2026-08-27T00:00:00Z,date_only,2026-08-27T19:51:20Z,https://bah.wd1.myworkdayjobs.com/bah_jobs/job/McLean-VA/University--2027-Summer-Games-Software-Developer-Intern_R0248029
Brunswick,Mercury Marine: Mechanical Engineering Intern,Summer 2027,False,,Internship,,Hardware,"Fond du Lac, WI",unknown,54,$18–$27.5/hr,,2026-08-27T00:00:00Z,date_only,2026-08-29T21:42:31Z,https://brunswick.wd1.myworkdayjobs.com/search/job/Fond-du-Lac-WI/Mercury-Marine--Mechanical-Engineering-Intern_JR-051390
Brunswick,Manufacturing Engineering Intern,Summer 2027,False,,Internship,,Hardware,"New York Mills, MN",no-sponsorship,54,$18–$27/hr,,2026-08-27T00:00:00Z,date_only,2026-08-29T21:42:31Z,https://brunswick.wd1.myworkdayjobs.com/search/job/New-York-Mills-MN/Manufacturing-Engineering-Intern_JR-051341-1
Leidos,Cybersecurity Engineer Co-op,Not stated,True,,Co-op,,Security,"Bethesda, MD",citizens-only,79,,Linux,2026-08-27T00:00:00Z,date_only,2026-08-27T19:51:20Z,https://leidos.wd5.myworkdayjobs.com/External/job/Bethesda-MD/Cybersecurity-Engineer-Co-op_R-00190764
Leidos,Software Developer Co-op,Not stated,True,,Co-op,,Software,"Bethesda, MD",citizens-only,79,,C++; Linux,2026-08-27T00:00:00Z,date_only,2026-08-28T04:14:20Z,https://leidos.wd5.myworkdayjobs.com/External/job/Bethesda-MD/Software-Developer-Co-op_R-00190766
Micron Technology,"Intern - Technical Customer Management, AI",Not stated,True,,Internship,,Data & ML/AI,"Longmont-MAX- Office, CO",unknown,489,,Python; SQL,2026-08-27T00:00:00Z,date_only,2026-08-27T19:51:20Z,https://micron.wd1.myworkdayjobs.com/External/job/Longmont-MAX--Office-CO/Intern---Technical-Customer-Management--AI_JR109454
ROCKWOOL Group,Product Management - Intern,Not stated,True,,Internship,,Software,"Chicago, Illinois",unknown,,,,2026-08-27T00:00:00Z,date_only,2026-08-27T19:51:20Z,https://rockwoolgroup.wd3.myworkdayjobs.com/ROCKWOOL/job/Chicago-Illinois/Product-Management---Intern_R0035795
Workiva,Spring & Summer 2027 Intern - Product Management,Summer 2027,False,,Internship,yes,Software,USA - Remote,unknown,3,,,2026-08-27T00:00:00Z,date_only,2026-08-29T14:25:16Z,https://workiva.wd503.myworkdayjobs.com/careers/job/USA---Remote/Spring---Summer-2027-Intern---Product-Management_R12355
Workiva,Summer 2027 Intern - Machine Learning Engineering,Summer 2027,False,,Internship,yes,Data & ML/AI,USA - Remote,unknown,3,,Python; AWS; Kubernetes; Docker; Git,2026-08-27T00:00:00Z,date_only,2026-08-29T14:25:16Z,https://workiva.wd503.myworkdayjobs.com/careers/job/USA---Remote/Summer-2027-Intern---Machine-Learning-Engineering_R12194-1
Wavetronix,Computer Science Internship Summer 2027,Summer 2027,False,,Internship,,Software,"Springville, UT",unknown,,,,2026-08-26T19:01:37.268Z,exact,2026-08-26T19:16:32Z,https://wavetronix.breezy.hr/p/565668353504-computer-science-internship-summer-2027
Axon,2027 US Embedded Engineering Internship,Summer 2027,False,,Internship,,Software,"Seattle, Washington, United States",unknown,72,,Python; Java; C#; Scala; Linux,2026-08-26T18:50:07-04:00,exact,2026-08-26T23:16:52Z,https://job-boards.greenhouse.io/axontalentcommunity/jobs/7800627003
WhiteWater Midstream,Data Science Intern - Summer 2027,Summer 2027,False,,Internship,,Data & ML/AI,"Austin, TX",unknown,,,Python; SQL; Tableau,2026-08-26T10:46:01-04:00,exact,2026-08-26T14:56:59Z,https://job-boards.greenhouse.io/whitewatermidstream/jobs/5217853007
AECOM,Structural Engineering Intern - Hiring Event with AECOM - Philadelphia,Summer 2027,False,,Internship,,Hardware,"Philadelphia, PA, United States",unknown,246,,,2026-08-26T02:16:01.019Z,exact,2026-08-26T03:17:41Z,https://jobs.smartrecruiters.com/AECOM2/744000145646379
AECOM,Structural Engineering Intern,Summer 2027,False,,Internship,,Hardware,"Roanoke, VA, United States",unknown,246,,,2026-08-26T02:16:50.938Z,exact,2026-08-26T03:17:41Z,https://jobs.smartrecruiters.com/AECOM2/744000145646439
AECOM,Structural Engineering Intern - Bridge & Transportation Structures,Summer 2027,False,,Internship,,Hardware,"Arlington, VA, United States",unknown,246,,,2026-08-26T21:14:22.665Z,exact,2026-08-26T23:16:52Z,https://jobs.smartrecruiters.com/AECOM2/744000145837999
AbbVie,2027 Business Technology Solutions Intern - Data & Software Engineering (Undergraduate),Summer 2027,False,,Internship,,Data & ML/AI,"Irvine, CA, United States",unknown,303,,Python; Java; TypeScript; JavaScript; SQL; LLMs; Node.js; Vue,2026-08-26T00:51:58.258Z,exact,2026-08-26T01:47:46Z,https://jobs.smartrecruiters.com/AbbVie/3743990014860306
AbbVie,2027 Business Technology Solutions Intern - Data & Software Engineering (Undergraduate),Summer 2027,False,,Internship,,Data & ML/AI,"South San Francisco, CA, United States",unknown,303,,Python; Java; TypeScript; JavaScript; SQL; LLMs; Node.js; Vue,2026-08-26T00:54:51.383Z,exact,2026-08-26T01:47:46Z,https://jobs.smartrecruiters.com/AbbVie/3743990014860391
Bosch,Phone as a Key Software Engineering - Intern,Not stated,True,,Internship,,Software,"Plymouth, MI, United States",unknown,,,Python; C++; ROS,2026-08-26T16:23:12.316Z,exact,2026-08-26T16:30:33Z,https://jobs.smartrecruiters.com/BoschGroup/744000145785190
Ancestry,"Software Engineer – Observability, Co-op",Not stated,True,,Co-op,,Software,"Draper, Utah",unknown,88,,Python; Java; TypeScript; JavaScript; SQL; LLMs; React; Node.js,2026-08-26T00:00:00Z,date_only,2026-08-26T23:16:52Z,https://ancestry.wd501.myworkdayjobs.com/Careers/job/Draper-Utah/Software-Engineer---Observability--Co-op_R003434
Ardian,Infrastructure Intern – February 2027 I NYC,Summer 2027,False,,Internship,,Software,New York,unknown,3,,,2026-08-26T00:00:00Z,date_only,2026-08-26T19:16:32Z,https://ardian.wd103.myworkdayjobs.com/ArdianCareers/job/New-York/Infrastructure-Intern---February-2027-I-NYC_JR1002214
Brunswick,Mercury Marine: Manufacturing/Industrial Engineering Co-op,Not stated,True,,Co-op,,Hardware,"Fond du Lac, WI",unknown,54,$18–$27.5/hr,,2026-08-26T00:00:00Z,date_only,2026-08-29T21:42:31Z,https://brunswick.wd1.myworkdayjobs.com/search/job/Fond-du-Lac-WI/Mercury-Marine--Manufacturing-Industrial-Engineering-Co-op_JR-051389
Brunswick,Mercury Marine: Materials Engineering Co-op,Not stated,True,,Co-op,,Hardware,"Fond du Lac, WI",unknown,54,$18–$27.5/hr,,2026-08-26T00:00:00Z,date_only,2026-08-29T21:42:31Z,https://brunswick.wd1.myworkdayjobs.com/search/job/Fond-du-Lac-WI/Mercury-Marine--Materials-Engineering-Co-op_JR-051138
Chamberlain Group,Manufacturing Process Documentation Intern (Summer 2027),Summer 2027,False,,Internship,,Hardware,"Malvern, AR",unknown,33,,,2026-08-26T00:00:00Z,date_only,2026-08-29T08:57:34Z,https://chamberlain.wd1.myworkdayjobs.com/Chamberlain_Group/job/Malvern-AR/Manufacturing-Process-Documentation-Intern--Summer-2027-_JR31463
Chemours,AI & Data Science Intern,Not stated,True,,Internship,yes,Data & ML/AI,US - Remote,unknown,3,,Python; JavaScript; SQL; scikit-learn; Pandas; LLMs; React; Flask,2026-08-26T00:00:00Z,date_only,2026-08-26T23:16:52Z,https://chemours.wd103.myworkdayjobs.com/Chemours/job/US---Remote/AI---Data-Science-Intern_JR15013
IMEG,"Mechanical Engineering Intern | Columbus, OH",Summer 2027,False,,Internship,,Hardware,"Columbus, OH",unknown,10,$22/hr,,2026-08-26T00:00:00Z,date_only,2026-08-26T23:16:52Z,https://wd1.myworkdaysite.com/recruiting/imeg/Imeg_Careers/job/Columbus-OH/Mechanical-Engineering-Intern---Columbus--OH_R-16523
Northrop Grumman,2026 Part-Time Mechanical Engineering Intern - Chandler AZ,Fall 2026,False,,Internship,,Hardware,United States-Arizona-Chandler,citizens-only,,$17.75–$32.75/hr,,2026-08-26T00:00:00Z,date_only,2026-08-26T23:16:52Z,https://ngc.wd1.myworkdayjobs.com/Northrop_Grumman_External_Site/job/United-States-Arizona-Chandler/XMLNAME-2026-Part-Time-Mechanical-Engineering-Intern---Chandler-AZ_R10247965
QTS,Summer 2027 Internship: Internal Data Center Infrastructure Projects,Summer 2027,False,,Internship,,Data & ML/AI,"Irving, TX",citizens-only,,,,2026-08-26T00:00:00Z,date_only,2026-08-26T14:56:59Z,https://qtsdatacenters.wd5.myworkdayjobs.com/qts/job/Irving-TX/Summer-2027-Internship--Internal-Data-Center-Infrastructure-Projects_R2026-1906
The Hartford,Tech & Data Program Summer 2027 – Data Engineer Intern (Charlotte),Summer 2027,False,,Internship,,Data & ML/AI,"Charlotte, NC",no-sponsorship,,,Python; SQL; LLMs; AWS; GCP; Azure; Git; Tableau,2026-08-26T00:00:00Z,date_only,2026-08-26T19:16:32Z,https://thehartford.wd5.myworkdayjobs.com/Careers_External/job/Charlotte-NC/Tech---Data-Program-Summer-2027---Data-Engineer-Intern--Charlotte-_R2626648
The Hartford,Tech & Data Program Summer 2027 - Software Engineer Intern (Charlotte),Summer 2027,False,,Internship,,Data & ML/AI,"Charlotte, NC",no-sponsorship,,,Python; Java; C#; JavaScript; SQL; LLMs; React; Angular,2026-08-26T00:00:00Z,date_only,2026-08-26T19:16:32Z,https://thehartford.wd5.myworkdayjobs.com/Careers_External/job/Charlotte-NC/Tech---Data-Program-Summer-2027---Software-Engineer-Intern--Charlotte-_R2626649
The Hartford,Tech & Data Program Summer 2027 - Data Engineer Intern (Chicago),Summer 2027,False,,Internship,,Data & ML/AI,"Chicago, IL",no-sponsorship,,,Python; SQL; LLMs; AWS; GCP; Azure; Git; Tableau,2026-08-26T00:00:00Z,date_only,2026-08-26T23:16:52Z,https://thehartford.wd5.myworkdayjobs.com/Careers_External/job/Chicago-IL/Tech---Data-Program-Summer-2027---Data-Engineer-Intern--Chicago-_R2626650
Maximor AI,Software engineering Intern,Not stated,True,,Internship,,Software,New York City,unknown,,,Python; TypeScript; JavaScript; LLMs; React; AWS; GCP; Kubernetes,2026-08-25T20:15:07.571+00:00,exact,2026-08-26T09:55:33Z,https://jobs.ashbyhq.com/maximor/3ff6e57d-5430-4836-b6f0-19044d8ee6d8
Verkada,Backend Software Engineering Intern 2027,Summer 2027,False,,Internship,,Software,"San Mateo, CA United States",offers,67,,Python; Go; Computer Vision; AWS; Kubernetes; Docker; Terraform; Linux,2026-08-25T14:11:57-04:00,exact,2026-08-25T18:53:39Z,https://job-boards.greenhouse.io/verkada/jobs/5210813007
Verkada,Frontend Software Engineering Intern 2027,Summer 2027,False,,Internship,,Software,"San Mateo, CA United States",offers,67,,TypeScript; JavaScript; React; Angular; Vue,2026-08-25T14:12:05-04:00,exact,2026-08-25T18:53:39Z,https://job-boards.greenhouse.io/verkada/jobs/5210942007
Verkada,Embedded Software Engineering Intern 2027,Summer 2027,False,,Internship,,Software,"San Mateo, CA United States",offers,67,,C++; Linux,2026-08-25T14:12:01-04:00,exact,2026-08-25T18:53:39Z,https://job-boards.greenhouse.io/verkada/jobs/5211595007
Verkada,Security Software Engineering Intern 2027,Summer 2027,False,,Internship,,Security,"San Mateo, CA United States",offers,67,,Python; Go; Computer Vision; AWS; Kubernetes; Docker; Terraform; Linux,2026-08-25T14:12:08-04:00,exact,2026-08-25T18:53:39Z,https://job-boards.greenhouse.io/verkada/jobs/5213881007
Verkada,Mobile Software Engineering Intern 2027,Summer 2027,False,,Internship,,Software,"San Mateo, CA United States",offers,67,,Swift; Kotlin,2026-08-25T14:12:17-04:00,exact,2026-08-25T18:53:39Z,https://job-boards.greenhouse.io/verkada/jobs/5219131007
AECOM,Structural Engineering Intern - Hiring Event with AECOM - Philadelphia,Summer 2027,False,,Internship,,Hardware,"Philadelphia, PA, United States",unknown,246,,,2026-08-25T13:33:11.032Z,exact,2026-08-25T14:04:34Z,https://jobs.smartrecruiters.com/AECOM2/744000145517564
Bosch,AI Security Research Intern,Not stated,True,,Internship,,Data & ML/AI,"Pittsburgh, PA, United States",unknown,,,Python; PyTorch; LLMs,2026-08-25T12:50:20.265Z,exact,2026-08-25T13:03:59Z,https://jobs.smartrecruiters.com/BoschGroup/744000145507908
Brunswick,Mercury Marine - Systems/Software Engineering Co-op,Not stated,True,,Co-op,,Software,"Fond du Lac, WI",unknown,54,$18–$27.5/hr,Python; Java; SQL; Azure; Git,2026-08-25T00:00:00Z,date_only,2026-08-29T21:42:31Z,https://brunswick.wd1.myworkdayjobs.com/search/job/Fond-du-Lac-WI/Mercury-Marine---Systems-Software-Engineering-Co-op_JR-051212
Brunswick,Mercury Marine: Advanced Manufacturing/Operations Analytics Engineering Co-op,Summer 2027,False,,Co-op,,Data & ML/AI,"Fond du Lac, WI",unknown,54,$18–$27.5/hr,SQL; Azure,2026-08-25T00:00:00Z,date_only,2026-08-29T21:42:31Z,https://brunswick.wd1.myworkdayjobs.com/search/job/Fond-du-Lac-WI/Mercury-Marine--Advanced-Manufacturing-Operations-Analytics-Engineering-Co-op_JR-051238
Brunswick,Mercury Marine: Materials Engineering Intern,Not stated,True,,Internship,,Hardware,"Fond du Lac, WI",unknown,54,$18–$27.5/hr,,2026-08-25T00:00:00Z,date_only,2026-08-29T21:42:31Z,https://brunswick.wd1.myworkdayjobs.com/search/job/Fond-du-Lac-WI/Mercury-Marine--Materials-Engineering-Intern_JR-051117
Brunswick,Mechanical Engineering Intern,Not stated,True,,Internship,,Hardware,"Menomonee Falls, WI",unknown,54,$18–$27/hr,,2026-08-25T00:00:00Z,date_only,2026-08-25T14:04:34Z,https://brunswick.wd1.myworkdayjobs.com/search/job/Menomonee-Falls-WI/Mechanical-Engineering-Intern_JR-051231
Brunswick,Mercury Marine: Software Validation Intern,Not stated,True,,Internship,,Software,"Oshkosh, WI",unknown,54,$18–$27.5/hr,Python; C++; C#,2026-08-25T00:00:00Z,date_only,2026-08-29T21:42:31Z,https://brunswick.wd1.myworkdayjobs.com/search/job/Oshkosh-WI/Mercury-Marine--Software-Validation-Intern_JR-051160
IMEG,"Structural Intern | Fairfax, VA",Summer 2027,False,,Internship,,Hardware,"Washington, DC",unknown,10,$22–$25/hr,,2026-08-25T00:00:00Z,date_only,2026-08-25T15:57:23Z,https://wd1.myworkdaysite.com/recruiting/imeg/Imeg_Careers/job/Washington-DC/Structural-Intern---Fairfax--VA_R-16618
Northrop Grumman,2027 Software Engineering Intern- Huntsville AL,Summer 2027,False,,Internship,,Software,United States-Alabama-Huntsville,citizens-only,,$25.5–$32/hr,,2026-08-25T00:00:00Z,date_only,2026-08-25T11:41:27Z,https://ngc.wd1.myworkdayjobs.com/Northrop_Grumman_External_Site/job/United-States-Alabama-Huntsville/XMLNAME-2027-Software-Engineering-Intern--Huntsville-AL_R10247486
Northrop Grumman,2027 Software Test Engineering Intern- Huntsville AL,Summer 2027,False,,Internship,,Software,United States-Alabama-Huntsville,citizens-only,,$25.5–$32/hr,Python; Java; C++; Git; Tableau,2026-08-25T00:00:00Z,date_only,2026-08-25T11:41:27Z,https://ngc.wd1.myworkdayjobs.com/Northrop_Grumman_External_Site/job/United-States-Alabama-Huntsville/XMLNAME-2027-Software-Test-Engineering-Intern--Huntsville-AL_R10247483
Northrop Grumman,2027 Software Test Engineering Intern- Huntsville AL,Summer 2027,False,,Internship,,Software,United States-Alabama-Huntsville,citizens-only,,$25.5–$32/hr,Python; Java; C++; Git; Tableau,2026-08-25T00:00:00Z,date_only,2026-08-25T11:41:27Z,https://ngc.wd1.myworkdayjobs.com/Northrop_Grumman_External_Site/job/United-States-Alabama-Huntsville/XMLNAME-2027-Software-Test-Engineering-Intern--Huntsville-AL_R10247485
Northrop Grumman,2027 Software Test Engineering Intern- Huntsville AL,Summer 2027,False,,Internship,,Software,United States-Alabama-Huntsville,citizens-only,,$25.5–$32/hr,,2026-08-25T00:00:00Z,date_only,2026-08-25T17:41:58Z,https://ngc.wd1.myworkdayjobs.com/Northrop_Grumman_External_Site/job/United-States-Alabama-Huntsville/XMLNAME-2027-Software-Test-Engineering-Intern--Huntsville-AL_R10247487
Sensata,Mechanical Engineer Intern (Dynapower) - Summer 2027,Summer 2027,False,,Internship,,Hardware,"Dynapower South Burlington, VT",citizens-only,24,,,2026-08-25T00:00:00Z,date_only,2026-08-25T15:00:05Z,https://sensata.wd1.myworkdayjobs.com/Sensata-Careers/job/Dynapower-South-Burlington-VT/Mechanical-Engineer-Intern--Dynapower----Summer-2027_IRC98334
The Hartford,Tech & Data Program Summer 2027 - Software Engineer Intern (Columbus),Summer 2027,False,,Internship,,Data & ML/AI,"Columbus, OH",no-sponsorship,,,Python; Java; C#; JavaScript; SQL; LLMs; Angular; AWS,2026-08-25T00:00:00Z,date_only,2026-08-25T19:42:43Z,https://thehartford.wd5.myworkdayjobs.com/Careers_External/job/Columbus-OH/Tech---Data-Summer-Program-2027---Software-Engineer-Intern--Columbus-_R2626609
Rivet Industries,"Software Engineer Intern, XR Team (Fall 2026)",Fall 2026,False,,Internship,,Software,"Bellevue, WA",citizens-only,,,,2026-08-24T20:33:26.447+00:00,exact,2026-08-24T20:42:21Z,https://jobs.ashbyhq.com/rivet/4e02461a-9f6c-4d3c-a511-6d54f31999bc
Advanced Space,2027 Software Engineering Summer Internship,Summer 2027,False,,Internship,,Software,"Westminster, CO",unknown,,$26–$35/hr,Python; C++; Linux,2026-08-24T16:37:48-04:00,exact,2026-08-24T21:41:46Z,https://job-boards.greenhouse.io/advancedspace/jobs/4324855009
Advanced Space,2027 Machine Learning Summer Internship,Summer 2027,False,,Internship,,Data & ML/AI,"Westminster, CO",unknown,,$28–$37/hr,Python; C++; PyTorch; TensorFlow; scikit-learn; Pandas; Computer Vision; CUDA,2026-08-24T16:22:30-04:00,exact,2026-08-24T20:42:21Z,https://job-boards.greenhouse.io/advancedspace/jobs/4324875009
Advanced Space,2027 DevOps Summer Internship,Summer 2027,False,,Internship,,Software,"Westminster, CO",unknown,,$26–$35/hr,Python; AWS; Kubernetes; Docker; Terraform; Linux; Git,2026-08-24T16:17:46-04:00,exact,2026-08-24T20:42:21Z,https://job-boards.greenhouse.io/advancedspace/jobs/4333179009
Audax Group,Data Engineer Co-Op,Not stated,True,,Co-op,,Data & ML/AI,"Boston, Massachusetts",unknown,,,Python; Java; SQL,2026-08-24T06:00:00-04:00,exact,2026-08-24T10:48:12Z,https://job-boards.greenhouse.io/audaxgroup/jobs/4722770005
BTI360,Software Engineering Intern,Summer 2027,False,,Internship,,Software,"Herndon,VA",citizens-only,,,Python; Java; C++; SQL; React; Angular; Spring; AWS,2026-08-24T16:37:00-04:00,exact,2026-08-25T09:48:25Z,https://job-boards.greenhouse.io/bti36021/jobs/8155152
Meridian Partners,Flight Software Engineer Co-op,Not stated,True,,Co-op,,Software,"Cambridge, MA",citizens-only,,,Python; C++; Rust; Linux,2026-08-24T20:22:51-04:00,exact,2026-08-25T01:42:18Z,https://job-boards.greenhouse.io/morsecorpcoop/jobs/7967400003
Meridian Partners,Cloud Software Engineer Co-op,Not stated,True,,Co-op,,Software,"Cambridge, MA",citizens-only,,,Python; AWS; GCP; Azure; Kubernetes; Docker; Terraform; Git,2026-08-24T20:50:28-04:00,exact,2026-08-25T01:42:18Z,https://job-boards.greenhouse.io/morsecorpcoop/jobs/7967614003
Meridian Partners,Data Scientist Co-op,Not stated,True,,Co-op,,Data & ML/AI,"Cambridge, MA, Arlington, VA, Seattle, WA",citizens-only,,,Python; scikit-learn; Pandas; LLMs; Computer Vision; Docker; Git; Spark,2026-08-24T21:17:48-04:00,exact,2026-08-25T01:42:18Z,https://job-boards.greenhouse.io/morsecorpcoop/jobs/7967776003
Meridian Partners,Data Scientist Graduate Co-op,Not stated,True,,Co-op,,Data & ML/AI,"Cambridge, MA, Arlington, VA",citizens-only,,,Python; scikit-learn; Pandas; LLMs; Computer Vision; Docker; Git; Spark,2026-08-24T21:21:07-04:00,exact,2026-08-25T01:42:18Z,https://job-boards.greenhouse.io/morsecorpcoop/jobs/7967886003
Meridian Partners,Front End Software Engineer Co-op,Not stated,True,,Co-op,,Software,"Cambridge, MA",citizens-only,,,Python; React; Git,2026-08-24T21:42:14-04:00,exact,2026-08-25T03:11:15Z,https://job-boards.greenhouse.io/morsecorpcoop/jobs/7967961003
Meridian Partners,Front End Software Engineer Graduate Co-op,Not stated,True,,Co-op,,Software,"Cambridge, MA",citizens-only,,,Python; React; Git,2026-08-24T21:44:57-04:00,exact,2026-08-25T03:11:15Z,https://job-boards.greenhouse.io/morsecorpcoop/jobs/7968076003
Meridian Partners,Full Stack Software Engineer Co-op,Not stated,True,,Co-op,,Software,"Cambridge, MA, Arlington, VA, Seattle, WA",citizens-only,,,Python; JavaScript; AWS; Azure; Docker; Git,2026-08-24T21:54:21-04:00,exact,2026-08-25T03:11:15Z,https://job-boards.greenhouse.io/morsecorpcoop/jobs/7968093003
Meridian Partners,Full Stack Software Engineer Graduate Co-op,Not stated,True,,Co-op,,Software,"Cambridge, MA, Arlington, VA, Seattle, WA",citizens-only,,,Python; JavaScript; AWS; Azure; Docker; Git,2026-08-24T21:54:23-04:00,exact,2026-08-25T03:11:15Z,https://job-boards.greenhouse.io/morsecorpcoop/jobs/7968100003
Meridian Partners,Machine Learning Engineer Co-op,Not stated,True,,Co-op,,Data & ML/AI,"Cambridge, MA, Arlington, VA, Seattle, WA",citizens-only,,,Python; LLMs; Computer Vision; AWS; Azure; Docker; Airflow,2026-08-24T22:25:21-04:00,exact,2026-08-25T03:11:15Z,https://job-boards.greenhouse.io/morsecorpcoop/jobs/7968308003
Meridian Partners,Mechanical Engineer Co-op,Not stated,True,,Co-op,,Hardware,"Cambridge, MA",citizens-only,,,,2026-08-24T22:29:42-04:00,exact,2026-08-25T03:11:15Z,https://job-boards.greenhouse.io/morsecorpcoop/jobs/7968311003
Meridian Partners,Python Software Engineer Co-op,Not stated,True,,Co-op,,Software,"Cambridge, MA, Arlington, VA, Seattle, WA",citizens-only,,,Python; AWS; Azure; Docker; Git,2026-08-24T22:39:08-04:00,exact,2026-08-25T03:11:15Z,https://job-boards.greenhouse.io/morsecorpcoop/jobs/7968338003
Meridian Partners,Python Software Engineer Graduate Co-op,Not stated,True,,Co-op,,Software,"Cambridge, MA, Arlington, VA, Seattle, WA",citizens-only,,,Python; AWS; Azure; Docker; Git,2026-08-24T22:42:42-04:00,exact,2026-08-25T03:11:15Z,https://job-boards.greenhouse.io/morsecorpcoop/jobs/7968485003
Meridian Partners,Aerospace Algorithms Engineer Co-op,Not stated,True,,Co-op,,Hardware,"Cambridge, MA, Arlington, VA, Seattle, WA",citizens-only,,,Python,2026-08-24T23:01:14-04:00,exact,2026-08-25T03:11:15Z,https://job-boards.greenhouse.io/morsecorpcoop/jobs/7968520003
Meridian Partners,Aerospace Algorithms Engineer Graduate Co-op,Not stated,True,,Co-op,,Hardware,"Cambridge, MA, Arlington, VA, Seattle, WA",citizens-only,,,Python,2026-08-24T23:01:16-04:00,exact,2026-08-25T03:11:15Z,https://job-boards.greenhouse.io/morsecorpcoop/jobs/7968522003
Meridian Partners,Embedded Software Engineer Graduate Co-op,Not stated,True,,Co-op,,Software,"Cambridge, MA",citizens-only,,,Python; C++; Rust,2026-08-24T23:06:53-04:00,exact,2026-08-25T04:50:14Z,https://job-boards.greenhouse.io/morsecorpcoop/jobs/7968523003
Meridian Partners,Embedded Software Engineer Co-op,Not stated,True,,Co-op,,Software,"Cambridge, MA",citizens-only,,,Python; C++; Rust,2026-08-24T23:07:54-04:00,exact,2026-08-25T04:50:14Z,https://job-boards.greenhouse.io/morsecorpcoop/jobs/7968605003
Sage,Software Engineering Intern (Full Stack) – Summer 2027,Summer 2027,False,,Internship,,Software,"New York, New York, United States",unknown,,$50/hr,Python; Java; TypeScript; JavaScript; SQL; React; Node.js; Git,2026-08-24T10:55:27-04:00,exact,2026-08-25T09:48:25Z,https://job-boards.greenhouse.io/sage49/jobs/6131185004
Sage,Software Engineering Intern (Edge) – Summer 2027,Summer 2027,False,,Internship,,Software,"New York, New York, United States",unknown,,$50/hr,Python; Java; AWS; Linux,2026-08-24T10:55:35-04:00,exact,2026-08-25T09:48:25Z,https://job-boards.greenhouse.io/sage49/jobs/6131191004
Brunswick,Mechanical Engineer Co-op/Intern,Summer 2027,False,,Internship / Co-op,,Hardware,"Lowell, MI",no-sponsorship,54,$18–$27/hr,,2026-08-24T00:00:00Z,date_only,2026-08-24T18:55:30Z,https://brunswick.wd1.myworkdayjobs.com/search/job/Lowell-MI/Mechanical-Engineer-Co-op-Intern_JR-051322
Brunswick,Electro - Mechanical Engineering Intern,Not stated,True,,Internship,,Hardware,"Menomonee Falls, WI",no-sponsorship,54,$18–$27/hr,,2026-08-24T00:00:00Z,date_only,2026-08-24T18:55:30Z,https://brunswick.wd1.myworkdayjobs.com/search/job/Menomonee-Falls-WI/Electro---Mechanical-Engineering-Intern_JR-051298
The Walt Disney Company,"Walt Disney World Workforce Management Industrial Engineering Intern, Spring/Summer 2027",Summer 2027,False,,Internship,,Hardware,"Lake Buena Vista, FL, USA",unknown,2,$31/hr,Python; SQL; Tableau,2026-08-24T00:00:00Z,date_only,2026-08-24T05:48:38Z,https://disney.wd5.myworkdayjobs.com/disneycareer/job/Lake-Buena-Vista-FL-USA/Walt-Disney-World-Workforce-Management-Industrial-Engineering-Intern--Spring-Summer-2027_10158144
Freddie Mac,Multifamily Software Development Intern – Summer 2027,Summer 2027,False,,Internship,,Software,"McLean, VA",unknown,,$32/hr,Java; Angular; Spring; AWS,2026-08-24T00:00:00Z,date_only,2026-08-24T19:41:18Z,https://freddiemac.wd5.myworkdayjobs.com/External/job/McLean-VA/Multifamily-Software-Development-Intern---Summer-2027_JR17564
Freddie Mac,Single-Family Software Developer Intern- Summer 2027,Summer 2027,False,,Internship,,Software,"McLean, VA",unknown,,$32/hr,Python; Java; C++; Angular; Spring; Tableau,2026-08-24T00:00:00Z,date_only,2026-08-24T17:42:06Z,https://freddiemac.wd5.myworkdayjobs.com/External/job/McLean-VA/Single-Family-Software-Developer-Intern--Summer-2027_JR17544
Monolithic Power Systems,AI Developer Intern,Not stated,True,,Internship,,Data & ML/AI,San Jose - California,unknown,20,$30/hr,Python; Java; PyTorch; TensorFlow,2026-08-24T00:00:00Z,date_only,2026-08-24T18:55:30Z,https://monolithicpower.wd12.myworkdayjobs.com/MPS_Careers/job/San-Jose---California/AI-Developer-Intern_R-1756
Motorola,Android Applications Developer Intern - Summer 2027,Summer 2027,False,,Internship,,Software,"Chicago, IL",citizens-only,191,,Kotlin; Git,2026-08-24T00:00:00Z,date_only,2026-08-24T14:59:54Z,https://motorolasolutions.wd5.myworkdayjobs.com/Careers/job/Chicago-IL/Android-Applications-Developer-Intern---Summer-2027_R67740
Philips,"Co-op – Software System Engineering – Plymouth, MN – January 2027",Summer 2027,False,,Co-op,,Software,"Plymouth, Minnesota, United States",unknown,,,Python; Java; C++; C#,2026-08-24T00:00:00Z,date_only,2026-08-24T18:55:30Z,https://philips.wd3.myworkdayjobs.com/jobs-and-careers/job/Plymouth-Minnesota-United-States/Intern-Co-op---Software-System-Engineering---Plymouth--MN---Summer-2027_590406
The Hartford,Tech & Data Program Summer 2027 - Data Engineer Intern (Columbus),Summer 2027,False,,Internship,,Data & ML/AI,"Columbus, OH",no-sponsorship,,,Python; SQL; LLMs; AWS; GCP; Azure; Git; Tableau,2026-08-24T00:00:00Z,date_only,2026-08-24T20:42:21Z,https://thehartford.wd5.myworkdayjobs.com/Careers_External/job/Columbus-OH/Tech---Data-Program-Summer-2027---Data-Engineer-Intern--Columbus-_R2626610
The Hartford,Tech & Data Program Summer 2027 – Data Engineer Intern (Hartford),Summer 2027,False,,Internship,,Data & ML/AI,"Hartford, CT",no-sponsorship,,,Python; SQL; LLMs; AWS; GCP; Azure; Git; Tableau,2026-08-24T00:00:00Z,date_only,2026-08-24T20:42:21Z,https://thehartford.wd5.myworkdayjobs.com/Careers_External/job/Hartford-CT/Tech---Data-Program-Summer-2027---Data-Engineer-Intern--Hartford-_R2626103-1
The Hartford,Tech & Data Program Summer 2027 - Software Engineer Intern (Hartford),Summer 2027,False,,Internship,,Data & ML/AI,"Hartford, CT",no-sponsorship,,,Python; Java; C#; JavaScript; SQL; LLMs; React; Angular,2026-08-24T00:00:00Z,date_only,2026-08-24T20:42:21Z,https://thehartford.wd5.myworkdayjobs.com/Careers_External/job/Hartford-CT/Tech---Data-Program-Summer-2027---Software-Engineer-Intern--Hartford-_R2626105-1
Watts Water,Manufacturing Engineer Intern Summer 2027,Summer 2027,False,,Internship,,Hardware,"St Pauls, NC",unknown,4,,,2026-08-24T00:00:00Z,date_only,2026-08-24T19:41:18Z,https://wattswater.wd5.myworkdayjobs.com/Intern-External/job/St-Pauls-NC/Manufacturing-Engineer-Intern-Summer-2027_10017388
Micron Technology,Intern - TD Site Industrial Engineer,Not stated,True,,Internship,,Hardware,"Boise, ID - Main Site",unknown,489,,Python; SQL; Tableau,2026-08-23T00:00:00Z,date_only,2026-08-23T18:43:09Z,https://micron.wd1.myworkdayjobs.com/External/job/Boise-ID---Main-Site/Intern---TD-Site-Industrial-Engineer_JR108729
Ambrook,Software Engineering Intern,Not stated,True,,Internship,,Software,New York,unknown,,$2K per week • + housing stipend.,TypeScript; React; GCP; PostgreSQL,2026-08-21T19:35:46.030+00:00,exact,2026-08-22T09:39:31Z,https://jobs.ashbyhq.com/ambrook/e458b046-aa7f-4022-bca5-63cdfd495456
H3X Technologies,Embedded Controls Intern (Spring),Not stated,True,,Internship,,Software,"Louisville, Colorado",unknown,,$23–$37/hr,Python; C++; Git,2026-08-21T16:44:22.442+00:00,exact,2026-08-21T17:40:51Z,https://jobs.ashbyhq.com/h3x-technologies/d406e4b4-9b48-438c-a2af-b7feb8563a40
Weave,Data Engineer Intern,Not stated,True,,Internship,,Data & ML/AI,"Weave - Headquarters (Lehi, UT)",unknown,3,,Python; SQL; Git,2026-08-21T19:14:42.880+00:00,exact,2026-08-22T09:39:31Z,https://jobs.ashbyhq.com/weave/1318e017-3ea6-4a1f-aac7-1c11a46cda8d
Atoms,Robotics Software Engineer Intern,Not stated,True,,Internship,,Hardware,"Pittsburgh, PA",unknown,,$25–$35/hr,Python; Java; C++; Rust; Computer Vision; Linux; Git; ROS,2026-08-21T17:36:22-04:00,exact,2026-08-24T19:41:18Z,https://job-boards.greenhouse.io/cssmerge/jobs/8695475002
Atoms,Mechanical Design Engineering Intern‬,Not stated,True,,Internship,,Hardware,"Pittsburgh, PA",unknown,,$25–$35/hr,,2026-08-21T17:41:33-04:00,exact,2026-08-24T19:41:18Z,https://job-boards.greenhouse.io/cssmerge/jobs/8695490002
Brunswick,Software Engineering Intern,Not stated,True,,Internship,,Software,"Tulsa, OK",no-sponsorship,54,$18–$27/hr,Python; Java; C++; Kotlin; Git,2026-08-21T00:00:00Z,date_only,2026-08-21T17:40:51Z,https://brunswick.wd1.myworkdayjobs.com/search/job/Tulsa-OK/Software-Engineering-Intern_JR-051321
Elanco,Manufacturing Scientist/Technical Services Intern – Elanco Technology Center (Summer 2027),Summer 2027,False,,Internship,,Hardware,"Indianapolis, IN",unknown,6,$20–$40/hr,,2026-08-21T00:00:00Z,date_only,2026-08-21T13:57:57Z,https://elanco.wd5.myworkdayjobs.com/External_Career/job/Indianapolis-IN/Manufacturing-Scientist-Technical-Services-Intern---Elanco-Technology-Center--Summer-2027-_R0026897
Phoebe,Software Engineering Intern,Not stated,True,,Internship,,Software,New York City,unknown,7,,Python; TypeScript; LLMs; React; AWS; PostgreSQL,2026-08-20T15:06:08.548+00:00,exact,2026-08-21T09:47:10Z,https://jobs.ashbyhq.com/phoebe-work/1ffe3e63-2163-447e-a8b0-1fff8b87e0ca
Dev Technology Group,React/Node Developer Intern (Summer 2027),Summer 2027,False,,Internship,,Software,"Reston, Virginia",citizens-only,,$21–$30/hr,Java; TypeScript; JavaScript; SQL; React; Node.js; AWS; Git,2026-08-20T15:12:50-04:00,exact,2026-09-02T13:37:12Z,https://job-boards.greenhouse.io/devtechnology/jobs/8726212002
General Matter,Summer 2027 Internship - Manufacturing Engineering,Summer 2027,False,,Internship,,Hardware,"Los Angeles, CA",unknown,,$30–$40/hr,,2026-08-20T21:06:46-04:00,exact,2026-08-21T01:47:42Z,https://job-boards.greenhouse.io/generalmatter/jobs/5376060008
AbbVie,2027 Business Technology Solutions Intern - Data & Software Engineering (Undergraduate),Summer 2027,False,,Internship,,Data & ML/AI,"North Chicago, IL, United States",unknown,303,,Python; Java; TypeScript; JavaScript; SQL; LLMs; Node.js; Vue,2026-08-20T13:47:48.995Z,exact,2026-08-20T14:01:27Z,https://jobs.smartrecruiters.com/AbbVie/3743990014697918
Elanco,"Manufacturing Associate Intern – Elwood, Kansas (Summer 2027)",Summer 2027,False,,Internship,,Hardware,"Elwood, KS",unknown,6,$20–$40/hr,,2026-08-20T00:00:00Z,date_only,2026-08-20T21:40:45Z,https://elanco.wd5.myworkdayjobs.com/External_Career/job/Elwood-KS/Manufacturing-Associate-Intern---Elwood--Kansas--Summer-2027-_R0026899
Fannie Mae,Campus – Data Science Intern (Analytics & Modeling Program),Summer 2027,False,,Internship,,Data & ML/AI,"Washington, DC",no-sponsorship,66,,Python; SQL; Git,2026-08-20T00:00:00Z,date_only,2026-08-20T14:49:19Z,https://fanniemae.wd1.myworkdayjobs.com/FannieMaeCareers/job/Washington-DC/Campus---Data-Science-Intern--Analytics---Modeling-Program-_JR2815
Fifth Third Bank,Information Security Co-op - Cyber Threat Interdiction - Summer 2027,Summer 2027,False,,Co-op,,Security,"Cincinnati, OH",unknown,60,,,2026-08-20T00:00:00Z,date_only,2026-08-20T14:01:27Z,https://fifththird.wd5.myworkdayjobs.com/53careers/job/Cincinnati-OH/Information-Security-Co-op---Cyber-Threat-Interdiction---Summer-2027_R71582
Fifth Third Bank,Information Security Co-op – Identity & Access Management – Summer 2027,Summer 2027,False,,Co-op,,Security,"Cincinnati, OH",unknown,60,,,2026-08-20T00:00:00Z,date_only,2026-08-20T14:49:19Z,https://fifththird.wd5.myworkdayjobs.com/53careers/job/Cincinnati-OH/Information-Security-Co-op---Identity---Access-Management---Summer-2027_R71591
IMEG,"Mechanical Engineering Intern | Greenwood Village, CO",Summer 2027,False,,Internship,,Hardware,"Denver Metro, CO",unknown,10,$22–$24/hr,,2026-08-20T00:00:00Z,date_only,2026-08-20T17:40:35Z,https://wd1.myworkdaysite.com/recruiting/imeg/Imeg_Careers/job/Denver-Metro-CO/Mechanical-Engineering-Intern---Greenwood-Village--CO_R-16570-1
Philips,"Graduate Level Co-op – Medical Imaging Data Scientist – Plymouth, MN – January 2027",Summer 2027,False,,Co-op,,Data & ML/AI,"Plymouth, Minnesota, United States",unknown,,,PyTorch; TensorFlow,2026-08-20T00:00:00Z,date_only,2026-08-20T17:40:35Z,https://philips.wd3.myworkdayjobs.com/jobs-and-careers/job/Plymouth-Minnesota-United-States/Graduate-Level-Co-op---Data-Scientist---Plymouth--MN---Summer-2027_590567
Scotts Miracle-Gro,EHS Manufacturing Intern,Not stated,True,,Internship,,Hardware,"Marysville, OH",unknown,,$19–$24/hr,,2026-08-20T00:00:00Z,date_only,2026-08-20T20:41:36Z,https://scottsmiraclegro.wd5.myworkdayjobs.com/smgexternal/job/Marysville-OH/EHS-Manufacturing-Intern_R26379-1
N1,"Software Engineer Intern (Backend, Rust)",Not stated,True,,Internship,,Software,New York City,unknown,,,C++; Rust,2026-08-19T19:57:20.073+00:00,exact,2026-08-19T20:40:39Z,https://jobs.ashbyhq.com/n1/afe7deb5-9cfd-4926-bcb4-058d418592a6
North Wind Group,Structural Engineering Intern 04206 LBYD,Not stated,True,,Internship,,Hardware,"HUNTSVILLE, AL",unknown,,,,2026-08-19T19:43:51.263Z,exact,2026-08-19T20:40:39Z,https://north-wind-group.breezy.hr/p/206627bdd565-structural-engineering-intern-04206-lbyd
Dev Technology Group,AI/ML Intern (Summer 2027),Summer 2027,False,,Internship,,Data & ML/AI,"Reston, Virginia",citizens-only,,$21–$30/hr,Python; Java; PyTorch; TensorFlow,2026-08-19T15:28:37-04:00,exact,2026-09-02T13:37:12Z,https://job-boards.greenhouse.io/devtechnology/jobs/8726074002
Dev Technology Group,Microsoft Power Platform & AI Intern (Summer 2027),Summer 2027,False,,Internship,,Data & ML/AI,"Reston, Virginia",citizens-only,,$21–$30/hr,Python; Java; C#; JavaScript; LLMs; Azure,2026-08-19T15:21:18-04:00,exact,2026-09-02T13:37:12Z,https://job-boards.greenhouse.io/devtechnology/jobs/8726259002
Dev Technology Group,AI/Agentic Solution Engineer Intern (Summer 2027),Summer 2027,False,,Internship,,Data & ML/AI,"Reston, Virginia",citizens-only,,$21–$30/hr,Python; Rust; TypeScript; JavaScript; React; Angular; AWS; Azure,2026-08-19T15:14:36-04:00,exact,2026-09-02T13:37:12Z,https://job-boards.greenhouse.io/devtechnology/jobs/8728292002
Freeform,Manufacturing Engineering Intern (Summer 2027),Summer 2027,False,,Internship,,Hardware,"Los Angeles, CA (On-site)",unknown,,$30/hr,,2026-08-19T18:59:11-04:00,exact,2026-08-19T23:34:19Z,https://job-boards.greenhouse.io/freeformfuturecorp/jobs/7895700003
Freeform,Materials Engineering Intern (Summer 2027),Summer 2027,False,,Internship,,Hardware,"Los Angeles, CA (On-site)",unknown,,$30/hr,,2026-08-19T18:53:47-04:00,exact,2026-08-19T23:34:19Z,https://job-boards.greenhouse.io/freeformfuturecorp/jobs/7907965003
General Matter,Summer 2027 Internship - Software Engineering,Summer 2027,False,,Internship,,Software,"Los Angeles, CA",unknown,,$32–$46/hr,Python; C++; Linux,2026-08-19T18:16:14-04:00,exact,2026-08-19T22:35:39Z,https://job-boards.greenhouse.io/generalmatter/jobs/5377118008
Elanco,"Manufacturing Scientist/Technical Services Intern – Clinton, Indiana (Summer 2027)",Summer 2027,False,,Internship,,Hardware,"Clinton, IN",unknown,6,$20–$40/hr,,2026-08-19T00:00:00Z,date_only,2026-08-19T20:40:39Z,https://elanco.wd5.myworkdayjobs.com/External_Career/job/Clinton-IN/Manufacturing-Scientist-Technical-Services-Intern---Clinton--Indiana--Summer-2027-_R0026869-1
IMEG,"Mechanical Engineering Intern | Greenwood Village, CO",Summer 2027,False,,Internship,,Hardware,"Denver Metro, CO",unknown,10,$22–$24/hr,,2026-08-19T00:00:00Z,date_only,2026-08-19T14:44:49Z,https://wd1.myworkdaysite.com/recruiting/imeg/Imeg_Careers/job/Denver-Metro-CO/Mechanical-Engineering-Intern---Greenwood-Village--CO_R-16558
Johnson & Johnson,Automation & Robotics Engineering Spring Co-op,Not stated,True,,Co-op,,Hardware,"Santa Clara, California, United States of America",unknown,8,$27/hr,Python; C++; MATLAB; Computer Vision; ROS,2026-08-19T00:00:00Z,date_only,2026-08-19T13:56:57Z,https://jj.wd5.myworkdayjobs.com/JJ/job/Santa-Clara-California-United-States-of-America/Automation---Robotics-Engineering-Spring-Co-op_R-093526
Moog,"Intern, IT Computer Science",Fall 2026,False,,Internship,,Software,"Buffalo, NY",unknown,2,,SQL,2026-08-19T00:00:00Z,date_only,2026-08-19T18:47:27Z,https://moog.wd5.myworkdayjobs.com/moog_external_career_site/job/Buffalo-NY/Intern--IT-Computer-Science_R-26-19378
H3X Technologies,Advanced Manufacturing Engineering Intern (Spring),Summer 2027,False,,Internship,,Hardware,"Louisville, Colorado",unknown,,$23–$37/hr,,2026-08-18T17:11:32.170+00:00,exact,2026-08-18T17:38:25Z,https://jobs.ashbyhq.com/h3x-technologies/6af49576-a61d-480c-b155-3e034e2ed5be
H3X Technologies,Mechanical Design Engineer Intern (Spring),Not stated,True,,Internship,,Hardware,"Louisville, Colorado",unknown,,$23–$37/hr,,2026-08-18T17:02:55.814+00:00,exact,2026-08-18T17:38:25Z,https://jobs.ashbyhq.com/h3x-technologies/7add5fe2-8e3e-4817-b88a-34d803ba86f9
Freeform,Mechanical Engineering Intern (Summer 2027),Summer 2027,False,,Internship,,Hardware,"Los Angeles, CA (On-site)",unknown,,$30/hr,,2026-08-18T13:58:31-04:00,exact,2026-08-18T18:51:38Z,https://job-boards.greenhouse.io/freeformfuturecorp/jobs/7894117003
Garda Capital Partners,Software Engineer Intern,Not stated,True,,Internship,,Software,"New York, New York, United States",unknown,6,,Python; SQL,2026-08-18T16:01:53-04:00,exact,2026-08-18T20:36:19Z,https://job-boards.greenhouse.io/gardacp/jobs/6146213004
Continental Resources,Data Analyst Intern (Summer 2027),Summer 2027,False,,Internship,,Data & ML/AI,"Oklahoma City, OK",unknown,,,Python; SQL,2026-08-18T00:00:00Z,date_only,2026-08-19T04:48:28Z,https://clr.wd5.myworkdayjobs.com/CLR_Careers/job/Oklahoma-City-OK/Data-Analyst-Intern--Summer-2027-_R02591-1
IMEG,"Structural Engineering Intern | Minneapolis, MN",Summer 2027,False,,Internship,,Hardware,"Minneapolis, MN",unknown,10,$22–$24/hr,,2026-08-18T00:00:00Z,date_only,2026-08-18T21:36:05Z,https://wd1.myworkdaysite.com/recruiting/imeg/Imeg_Careers/job/Minneapolis-MN/Structural-Engineering-Intern---Minneapolis--MN_R-16483
PIMCO,"2027 Summer Intern - Technology Analyst, Software Engineering",Summer 2027,False,,Internship,,Software,"Austin, TX USA",unknown,42,,Python; Java; C++; C#; SQL,2026-08-18T00:00:00Z,date_only,2026-08-18T14:45:26Z,https://pimco.wd1.myworkdayjobs.com/pimco-careers/job/Austin-TX-USA/XMLNAME-2027-Summer-Intern---Technology-Analyst--Software-Engineering_R106745
Datadog,Product Management Intern,Not stated,True,,Internship,,Software,"New York, New York, USA",unknown,62,,,2026-08-17T10:31:17-04:00,exact,2026-08-17T14:39:12Z,https://careers.datadoghq.com/detail/8108241/?gh_jid=8108241
Toyota Research Institute,Robotics Research Intern - Post-Training,Not stated,True,,Internship,,Hardware,"Los Altos, CA",unknown,10,$58/hr,Python; PyTorch,2026-08-17T15:31:45Z,exact,2026-08-17T15:36:46Z,https://jobs.lever.co/tri/186808f9-464c-4f22-9d7d-4372ef272ff0
Conagra Brands,IT Infrastructure Internship - Summer 2027,Summer 2027,False,,Internship,,Software,"Omaha, Nebraska",unknown,14,,,2026-08-17T00:00:00Z,date_only,2026-08-18T07:00:07Z,https://conagrabrands.wd1.myworkdayjobs.com/Careers_US/job/Omaha-Nebraska/IT-Infrastructure-Internship---Summer-2027_Req-039788
Conagra Brands,Software Development Internship - Summer 2027,Summer 2027,False,,Internship,,Software,"Omaha, Nebraska",unknown,14,$23/hr,Azure; Git,2026-08-17T00:00:00Z,date_only,2026-08-18T07:00:07Z,https://conagrabrands.wd1.myworkdayjobs.com/Careers_US/job/Omaha-Nebraska/Software-Development-Internship---Summer-2027_Req-039787
IMEG,"Structural Engineering Intern | Dallas, TX",Summer 2027,False,,Internship,,Hardware,"Dallas, TX",unknown,10,,,2026-08-17T00:00:00Z,date_only,2026-08-17T13:49:56Z,https://wd1.myworkdaysite.com/recruiting/imeg/Imeg_Careers/job/Dallas-TX/Structural-Engineering-Intern---Dallas--TX_R-16424
IMEG,"Structural Engineering Intern | Houston, TX",Summer 2027,False,,Internship,,Hardware,"Houston, TX",unknown,10,,,2026-08-17T00:00:00Z,date_only,2026-08-17T13:49:56Z,https://wd1.myworkdaysite.com/recruiting/imeg/Imeg_Careers/job/Houston-TX/Structural-Engineering-Intern---Houston--TX_R-15014
IMEG,"Mechanical Engineering Intern | Madison, WI",Summer 2027,False,,Internship,,Hardware,"Madison, WI",unknown,10,$22–$24/hr,,2026-08-17T00:00:00Z,date_only,2026-08-17T16:40:02Z,https://wd1.myworkdaysite.com/recruiting/imeg/Imeg_Careers/job/Madison-WI/Mechanical-Engineering-Intern---Madison--WI_R-16461
IMEG,"Mechanical Engineering Intern | Minneapolis, MN",Summer 2027,False,,Internship,,Hardware,"Minneapolis, MN",unknown,10,$22–$24/hr,,2026-08-17T00:00:00Z,date_only,2026-08-17T20:38:46Z,https://wd1.myworkdaysite.com/recruiting/imeg/Imeg_Careers/job/Minneapolis-MN/Mechanical-Engineering-Intern---Minneapolis--MN_R-16463
Notion,Software Engineer Intern (Summer 2027),Summer 2027,False,,Internship,,Software,"San Francisco, California",unknown,28,$57/hr,Python; TypeScript; LLMs; React; Node.js,2026-08-14T19:07:13.459+00:00,exact,2026-08-14T20:41:35Z,https://jobs.ashbyhq.com/notion/3fba1c39-c5cb-47d7-9ad2-1cec4d7e9d0c
The Voleon Group,Software Engineer Intern - (Summer 2027),Summer 2027,False,,Internship,,Software,"Berkeley, CA",unknown,,"$14,583 per month",Linux; Git,2026-08-14T20:19:32.967+00:00,exact,2026-08-25T15:00:05Z,https://jobs.ashbyhq.com/voleon/57f1b666-2f4b-4bad-aac0-fa42a1c8fdf6
Freeform,Software Engineering Intern (Summer 2027),Summer 2027,False,,Internship,,Software,"Los Angeles, CA (On-site)",unknown,,$34/hr,C++; Linux,2026-08-14T20:52:46-04:00,exact,2026-08-15T01:42:04Z,https://job-boards.greenhouse.io/freeformfuturecorp/jobs/7872198003
The Nuclear Company,Summer 2027 AI Applied Research Internship,Summer 2027,False,,Internship,,Data & ML/AI,"Washington, DC",citizens-only,,,Python; PyTorch,2026-08-14T17:06:17-04:00,exact,2026-08-14T21:36:54Z,https://job-boards.greenhouse.io/thenuclearcompany/jobs/5391923008
TransMarket Group,Software Engineering Intern,Not stated,True,,Internship,,Software,"Chicago, Illinois, United States",unknown,,,Python; C++; Linux,2026-08-14T11:18:03-04:00,exact,2026-08-14T16:04:45Z,https://job-boards.greenhouse.io/transmarketgroup/jobs/5212335007?gh_jid=5212335007
GlobalFoundries,"US Advanced Manufacturing Equipment Engineering Intern, Junior (Summer 2027)",Summer 2027,False,,Internship,,Hardware,USA - Vermont - Essex Junction,unknown,110,,,2026-08-14T00:00:00Z,date_only,2026-08-25T10:46:09Z,https://globalfoundries.wd1.myworkdayjobs.com/External/job/USA---Vermont---Essex-Junction/US-Advanced-Manufacturing-Equipment-Engineering-Intern--Junior--Summer-2027-_JR-2604666
Exa Labs,"Software Engineer, Intern",Not stated,True,,Internship,,Software,"San Francisco, California",offers,,$100K – $200K,C++; Rust,2026-08-13T07:05:06.588+00:00,exact,2026-08-13T08:30:42Z,https://jobs.ashbyhq.com/exa/a9e01521-66f1-481b-89da-ec01d4620f16
ConnectPrep,Data Analyst Internship,Not stated,True,,Internship,yes,Data & ML/AI,"Washington, District of Columbia, United States (Remote)",citizens-only,,,Python; SQL; Pandas; Tableau,2026-08-13T00:00:00.000Z,date_only,2026-08-13T05:02:38Z,https://apply.workable.com/connectprep/j/D1C67258C0/
Teledyne,NHRC Software Engineering Internship (Summer 2027),Summer 2027,False,,Internship,,Software,"US - Huntsville, AL",citizens-only,5,,Java; C++; C#; .NET; Azure,2026-08-13T00:00:00Z,date_only,2026-08-13T19:16:17Z,https://flir.wd1.myworkdayjobs.com/flircareers/job/US---Huntsville-AL/NHRC-Software-Engineering-Internship--Summer-2027-_REQ36193
Teledyne,NHRC Software Engineering Internship (Summer 2027),Summer 2027,False,,Internship,,Software,"US - Huntsville, AL",citizens-only,5,,Java; C++; C#; .NET; Azure,2026-08-13T00:00:00Z,date_only,2026-08-13T19:16:17Z,https://flir.wd1.myworkdayjobs.com/flircareers/job/US---Huntsville-AL/NHRC-Software-Engineering-Internship--Summer-2027-_REQ36194-2
Western Digital,Summer 2027 Intern - Software Engineering,Summer 2027,False,,Internship,,Software,"San Jose, CA, United States",unknown,286,,Python; Java; C++; Go; JavaScript; SQL; Linux; Git,2026-08-12T19:38:42.100Z,exact,2026-08-12T21:16:36Z,https://jobs.smartrecruiters.com/WesternDigital/744000143171017
RTX,Software Engineering Intern (Summer 2027),Summer 2027,False,,Internship,,Software,US-IA-CEDAR RAPIDS-137 ~ 855 35Th St NE ~ BLDG 137,citizens-only,,,Python; Rust,2026-08-12T00:00:00Z,date_only,2026-08-12T17:08:35Z,https://globalhr.wd5.myworkdayjobs.com/rec_rtx_ext_gateway/job/US-IA-CEDAR-RAPIDS-137--855-35Th-St-NE--BLDG-137/Software-Engineering-Intern--Summer-2027-_01865875
Northrop Grumman,2027 Intern Software Engineer,Summer 2027,False,,Internship,,Software,United States-Florida-Melbourne,citizens-only,,$18.5–$33.5/hr,,2026-08-12T00:00:00Z,date_only,2026-08-12T17:08:35Z,https://ngc.wd1.myworkdayjobs.com/Northrop_Grumman_External_Site/job/United-States-Florida-Melbourne/XMLNAME-2027-Intern-Software-Engineer_R10245255
Odys Aviation,Mechanical Engineering Intern/Co-Op [Propulsion],Not stated,True,,Internship / Co-op,,Hardware,Long Beach CA,unknown,,,,2026-08-11T20:40:33.146+00:00,exact,2026-08-11T20:59:49Z,https://jobs.ashbyhq.com/odys-aviation/8f5e460a-98a4-4fd8-b880-d22071faa29f
Bosch,"Powertrain Controls Software Engineering Intern (6-Months, Full-Time)",Not stated,True,,Internship,,Software,"Farmington Hills, MI, United States",unknown,,,MATLAB; Linux,2026-08-11T14:49:56.410Z,exact,2026-08-11T15:10:42Z,https://jobs.smartrecruiters.com/BoschGroup/744000142898574
Booz Allen,AI RAN Telecommunications Engineer Intern,Not stated,True,,Internship,,Data & ML/AI,"McLean, VA",citizens-only,38,$108k/yr,Python; C++; PyTorch; TensorFlow; Kubernetes,2026-08-11T00:00:00Z,date_only,2026-08-14T06:25:25Z,https://bah.wd1.myworkdayjobs.com/bah_jobs/job/McLean-VA/AI-RAN-Telecommunications-Engineer-Intern_R0246415
Booz Allen,AI RAN Telecommunications Engineer Intern,Not stated,True,,Internship,,Data & ML/AI,"McLean, VA",citizens-only,38,$108k/yr,Python; C++; PyTorch; TensorFlow; Kubernetes,2026-08-11T00:00:00Z,date_only,2026-08-14T06:25:25Z,https://bah.wd1.myworkdayjobs.com/bah_jobs/job/McLean-VA/AI-RAN-Telecommunications-Engineer-Intern_R0246869
CCC Intelligent Solutions,R&D & Data Science Internship Fall 2026,Fall 2026,False,,Internship,,Data & ML/AI,"Chicago (Green St), IL",unknown,101,$20–$43/hr,Python; Java; JavaScript; Swift; LLMs; Vue; Kubernetes; Terraform,2026-08-11T00:00:00Z,date_only,2026-08-15T05:36:45Z,https://cccis.wd1.myworkdayjobs.com/broadbean_external/job/Chicago-Green-St-IL/R-D---Data-Science-Internship-Fall-2026_0014841
MKS Instruments,2027 Summer Mechanical Automation Engineering Intern,Summer 2027,False,,Internship,,Hardware,"Milpitas, CA",citizens-only,7,$27–$31/hr,Python,2026-08-11T00:00:00Z,date_only,2026-08-11T17:09:30Z,https://mksinst.wd1.myworkdayjobs.com/MKSCareersUniversity/job/Milpitas-CA/XMLNAME-2027-Summer-Mechanical-Automation-Engineering-Intern_R20744
DV Trading,Software Engineer Intern - Summer 2027 (DV Commodities),Summer 2027,False,,Internship,,Software,New York,unknown,,$50/hr,Python; C++,2026-08-10T18:40:33-04:00,exact,2026-08-10T22:50:40Z,https://job-boards.greenhouse.io/dvtrading/jobs/4719119005
Chamberlain Group,"Intern, Community Product Management (Summer 2027)",Summer 2027,False,,Internship,,Software,"Oak Brook, IL",unknown,33,,,2026-08-10T00:00:00Z,date_only,2026-08-11T17:09:30Z,https://chamberlain.wd1.myworkdayjobs.com/Chamberlain_Group/job/Oak-Brook-IL/Intern--Community-Product-Management--Summer-2026-_JR31309
Teledyne,Mechanical Engineering Intern,Not stated,True,,Internship,,Hardware,"US - Miamisburg, OH",citizens-only,5,,,2026-08-10T00:00:00Z,date_only,2026-08-10T11:59:29Z,https://flir.wd1.myworkdayjobs.com/flircareers/job/US---Miamisburg-OH/Mechanical-Engineering-Intern_REQ35562
ING,Summer 2027 Internship - Tech (Information Security),Summer 2027,False,,Internship,,Security,New York,unknown,,$35/hr,Python,2026-08-10T00:00:00Z,date_only,2026-08-10T13:27:12Z,https://ing.wd3.myworkdayjobs.com/icsgblcor/job/New-York/Summer-2027-Internship---Tech--Information-Security-_REQ-10119620
ING,Summer 2027 Internship - Tech (Infrastructure),Summer 2027,False,,Internship,,Software,New York,unknown,,$35/hr,Python; Azure; Git,2026-08-10T00:00:00Z,date_only,2026-08-10T13:27:12Z,https://ing.wd3.myworkdayjobs.com/icsgblcor/job/New-York/Summer-2027-Internship---Tech--Infrastructure-_REQ-10119621
Axon,2027 US Firmware Engineering Internship,Summer 2027,False,,Internship,,Hardware,"Seattle, Washington, United States",unknown,72,,Python; C++; Go; Rust; Linux,2026-08-07T17:47:11-04:00,exact,2026-08-07T22:49:19Z,https://job-boards.greenhouse.io/axontalentcommunity/jobs/7837246003
The Nuclear Company,Summer 2027 AI/ML Engineering Intern,Summer 2027,False,,Internship,,Data & ML/AI,"Washington, DC",citizens-only,,,Python; PyTorch; LLMs; AWS,2026-08-07T14:07:45-04:00,exact,2026-08-07T19:10:49Z,https://job-boards.greenhouse.io/thenuclearcompany/jobs/5383231008
The Nuclear Company,Summer 2027 Software Engineering Intern,Summer 2027,False,,Internship,,Software,"Washington, DC",citizens-only,,,Python; Java; C++; Rust; TypeScript; LLMs; AWS,2026-08-07T14:08:35-04:00,exact,2026-08-07T19:10:49Z,https://job-boards.greenhouse.io/thenuclearcompany/jobs/5383236008
The Nuclear Company,Summer 2027 Data Science Intern,Summer 2027,False,,Internship,,Data & ML/AI,"Washington, DC",citizens-only,,,Python; SQL; scikit-learn; Pandas; AWS,2026-08-07T14:08:02-04:00,exact,2026-08-07T19:10:49Z,https://job-boards.greenhouse.io/thenuclearcompany/jobs/5383244008
Bosch,Internship Vehicle Thermal Systems Engineering,Not stated,True,,Internship,,Hardware,"Farmington Hills, MI, United States",unknown,,,,2026-08-07T15:49:10.910Z,exact,2026-08-07T16:10:42Z,https://jobs.smartrecruiters.com/BoschGroup/744000142173185
Johnson & Johnson,Software Engineer Coop,Fall 2026,False,,Co-op,,Software,"Cincinnati, Ohio, United States of America",unknown,8,,Python; C++; Linux,2026-08-07T00:00:00Z,date_only,2026-08-07T16:10:42Z,https://jj.wd5.myworkdayjobs.com/JJ/job/Cincinnati-Ohio-United-States-of-America/Software-Engineer-Coop_R-092820
Moog,"Intern, Industrial Engineering",Not stated,True,,Internship,,Hardware,"Buffalo, NY",unknown,2,,,2026-08-07T00:00:00Z,date_only,2026-08-07T16:10:42Z,https://moog.wd5.myworkdayjobs.com/moog_external_career_site/job/Buffalo-NY/Intern--Industrial-Engineering_R-26-19319
Northrop Grumman,2027 Operations Manufacturing Engineering Intern,Summer 2027,False,,Internship,,Hardware,United States-California-Palmdale,citizens-only,,$21.5–$39/hr,,2026-08-07T00:00:00Z,date_only,2026-08-07T22:49:19Z,https://ngc.wd1.myworkdayjobs.com/Northrop_Grumman_External_Site/job/United-States-California-Palmdale/XMLNAME-2027-Operations-Manufacturing-Engineering-Intern_R10244597
Centerfield,Frontend Engineer Intern (6 month internship),Not stated,True,,Internship,,Software,"Los Angeles, California",unknown,12,$30 per hour,Java; TypeScript; JavaScript; React; Node.js; AWS; GCP; Docker,2026-08-06T20:03:54.164+00:00,exact,2026-08-07T00:29:47Z,https://jobs.ashbyhq.com/centerfield/1d7eacc1-37f7-478c-9b0a-fa7974f1a9e4
Northrop Grumman,2027 Intern Software Engineer,Summer 2027,False,,Internship,,Software,United States-Florida-Melbourne,citizens-only,,,,2026-08-06T00:00:00Z,date_only,2026-08-07T00:29:47Z,https://ngc.wd1.myworkdayjobs.com/Northrop_Grumman_External_Site/job/United-States-Florida-Melbourne/XMLNAME-2027-Intern-Software-Engineer_R10242395
Northrop Grumman,2027 Intern Software Engineer,Summer 2027,False,,Internship,,Software,United States-Florida-Melbourne,citizens-only,,$18.5–$33.5/hr,,2026-08-06T00:00:00Z,date_only,2026-08-07T00:29:47Z,https://ngc.wd1.myworkdayjobs.com/Northrop_Grumman_External_Site/job/United-States-Florida-Melbourne/XMLNAME-2027-Intern-Software-Engineer_R10243573
Roblox,[Summer 2027] Software Engineer Intern,Summer 2027,False,,Internship,,Software,"San Mateo, CA, United States",unknown,186,,Python; Java; C++; C#; Swift; LLMs; Node.js,2026-08-05T12:03:16-04:00,exact,2026-08-07T00:29:47Z,https://careers.roblox.com/jobs/8072713?gh_jid=8072713
Nexus Engineering Group,Civil/Structural Engineer Internship or Co-Op (Summer 2027),Summer 2027,False,,Internship / Co-op,,Hardware,"Maumee, OH",unknown,2,,,2026-08-05T14:45:34Z,exact,2026-09-04T13:26:18Z,https://jobs.lever.co/nexuse-group/a284c926-1072-4dff-9e62-c07365503224
NVIDIA,"Software Engineering Intern, Dynamo - Fall 2026",Fall 2026,False,,Internship,,Software,"US, CA, Santa Clara",unknown,1526,,Python; Go; Rust; LLMs; Kubernetes; Git,2026-08-05T00:00:00Z,date_only,2026-08-07T00:29:47Z,https://nvidia.wd5.myworkdayjobs.com/NVIDIAExternalCareerSite/job/US-CA-Santa-Clara/Software-Engineering-Intern--Dynamo---Fall-2026_JR2022295
Phoenix Contact,Manufacturing Co-Op - High School Students,Fall 2026,False,,Co-op,,Hardware,"Middletown, Pennsylvania",unknown,2,,,2026-08-04T13:39:08-04:00,exact,2026-08-07T00:29:47Z,https://job-boards.greenhouse.io/phoenixcontact/jobs/7817228003
Belvedere Trading,Software Engineer Intern - Summer 2027,Summer 2027,False,,Internship,,Software,"Chicago, Illinois",unknown,,"130,000 USD/yr",Java; C++; C#,2026-08-04T17:01:40Z,exact,2026-08-07T17:58:18Z,https://jobs.lever.co/belvederetrading/10746b3d-1760-4573-9b63-b93f5a5e4fc0
Merck,2026 Future Talent Program – Manufacturing and Reliability Engineering Co-Op,Fall 2026,False,,Co-op,,Hardware,USA - Pennsylvania - West Point,unknown,,,,2026-08-04T00:00:00Z,date_only,2026-08-07T00:29:47Z,https://msd.wd5.myworkdayjobs.com/searchjobs/job/USA---Pennsylvania---West-Point/XMLNAME-2026-Future-Talent-Program---Manufacturing-and-Reliability-Engineering-Co-Op_R395901
Merck,2026 Future Talent Program - Vaccine Manufacturing Co-op,Fall 2026,False,,Co-op,,Hardware,USA - Pennsylvania - West Point,unknown,,,,2026-08-04T00:00:00Z,date_only,2026-08-07T00:29:47Z,https://msd.wd5.myworkdayjobs.com/searchjobs/job/USA---Pennsylvania---West-Point/XMLNAME-2026-Future-Talent-Program---Vaccine-Manufacturing-Co-op_R395900
Pentair,IT & Cybersecurity Leadership Development Internship Program -  Summer 2027,Summer 2027,False,,Internship,,Security,"Golden Valley, MN",no-sponsorship,3,$31/hr,,2026-08-04T00:00:00Z,date_only,2026-08-07T00:29:47Z,https://pentair.wd5.myworkdayjobs.com/pentair_careers/job/Golden-Valley-MN/IT---Cybersecurity-Leadership-Development-Internship-Program----Summer-2027_R23700
Chicago Trading Company,Software Engineering Internship - Summer 2027,Summer 2027,False,,Internship,,Software,"Chicago, Illinois, United States",unknown,,,Python; Java; C++,2026-08-03T14:16:36-04:00,exact,2026-08-03T19:16:58Z,https://job-boards.greenhouse.io/chicagotradingcampus/jobs/4716932005
Bosch,AI and SW Development Engineering Intern,Not stated,True,,Internship,,Data & ML/AI,"Plymouth, MI, United States",unknown,,,Python; C++; Computer Vision; Git,2026-08-03T15:51:53.799Z,exact,2026-08-03T19:16:58Z,https://jobs.smartrecruiters.com/BoschGroup/744000141302469
IDEXX,Security Operations (Cybersecurity) internship,Not stated,True,,Internship,,Security,"Westbrook, ME",unknown,31,$20–$30/hr,,2026-08-03T00:00:00Z,date_only,2026-08-07T00:29:47Z,https://idexx.wd1.myworkdayjobs.com/IDEXX/job/Westbrook-ME/Security-Operations--Cybersecurity--internship_J-053268
Northrop Grumman,2026 Fall Co-op Manufacturing Engineering - Baltimore MD,Fall 2026,False,,Co-op,,Hardware,United States-Maryland-Linthicum,citizens-only,,$19.75–$36.25/hr,,2026-08-03T00:00:00Z,date_only,2026-08-03T15:51:32Z,https://ngc.wd1.myworkdayjobs.com/Northrop_Grumman_External_Site/job/United-States-Maryland-Linthicum/XMLNAME-2026-Fall-Co-op-Manufacturing-Engineering---Baltimore-MD_R10243390-1
Netsmart,Software Engineer Intern (Summer 2027 Internship),Summer 2027,False,,Internship,,Software,"Overland Park, KS",unknown,3,,Java; C++; C#,2026-08-03T00:00:00Z,date_only,2026-08-03T19:16:58Z,https://ntst.wd1.myworkdayjobs.com/careers/job/Overland-Park-KS/Software-Engineer-Intern--Summer-2027-Internship-_R015667
HPR (Hyannis Port Research),Software Engineering Intern - Summer 2027,Summer 2027,False,,Internship,,Software,"Needham, MA",unknown,,$42/hr,Python; Java; Linux,2026-08-01T12:00:00-04:00,exact,2026-08-03T15:51:32Z,https://job-boards.greenhouse.io/hyannisportresearch/jobs/7822989003
Heliux,"Software Engineer (Internship, Summer 2027)",Summer 2027,False,,Internship,,Software,"HQ (San Francisco, CA)",citizens-only,,,Python; Java; Rust; TypeScript,2026-07-31T01:21:06.637+00:00,exact,2026-08-03T19:16:58Z,https://jobs.ashbyhq.com/heliux/ff2b6f4b-00d0-4afe-b4f5-2dbf443409ef
Melius,Software Engineering Intern [Spring/Summer 2027],Summer 2027,False,,Internship,,Software,New York City,unknown,,$11K per month,TypeScript; LLMs; React; PostgreSQL,2026-07-31T14:00:47.682+00:00,exact,2026-08-03T19:16:58Z,https://jobs.ashbyhq.com/melius/b61f063a-4f94-4e50-a4ef-05aaab552280
Skydio,Hardware Product Management Intern - Fall 2026/Winter 2027,Fall 2026,False,,Internship,,Hardware,"San Mateo, California, United States",unknown,26,$47/hr,Computer Vision,2026-07-31T18:17:29.917+00:00,exact,2026-08-03T15:51:32Z,https://jobs.ashbyhq.com/skydio/1ec2fe3c-3fb2-4485-870d-764a3e5f5baf
Kraft Heinz,"2027 US Manufacturing Internship Program – Manufacturing Facility Kirksville, Missouri",Summer 2027,False,,Internship,,Hardware,"Kirksville, MO",unknown,27,,,2026-07-31T00:00:00Z,date_only,2026-08-03T19:16:58Z,https://heinz.wd1.myworkdayjobs.com/KraftHeinz_Careers_UR/job/Kirksville-MO/XMLNAME-2027-US-Manufacturing-Internship-Program---Manufacturing-Facility-Kirksville--Missouri_R-105273
Kraft Heinz,"2027 US Manufacturing Internship Program – Manufacturing Facility Winchester, Virginia",Summer 2027,False,,Internship,,Hardware,"Winchester, VA",unknown,27,,,2026-07-31T00:00:00Z,date_only,2026-08-03T19:16:58Z,https://heinz.wd1.myworkdayjobs.com/KraftHeinz_Careers_UR/job/Winchester-VA/XMLNAME-2027-US-Manufacturing-Internship-Program---Manufacturing-Facility-Winchester--Virginia_R-105276
Melius,Software Engineering Intern [Fall/Winter 2026],Fall 2026,False,,Internship,,Software,New York City,unknown,,$11K per month,TypeScript; LLMs; React; PostgreSQL,2026-07-30T22:52:54.653+00:00,exact,2026-08-03T19:16:58Z,https://jobs.ashbyhq.com/melius/6a944911-dbbf-44c7-ba52-7866f7b433cf
Bosch,Product Management Internship (6-month),Not stated,True,,Internship,,Software,"Farmington Hills, MI, United States",unknown,,,,2026-07-29T12:52:52.019Z,exact,2026-07-30T20:42:49Z,https://jobs.smartrecruiters.com/BoschGroup/744000140457960
Bosch,Autonomous Driving – Internship in Machine Learning,Not stated,True,,Internship,,Data & ML/AI,"Sunnyvale, CA, United States",unknown,,$34–$68/hr,Python; PyTorch; Azure; Linux,2026-07-29T13:15:12.980Z,exact,2026-07-29T14:07:26Z,https://jobs.smartrecruiters.com/BoschGroup/744000140462550
Bosch,ADAS Software Engineering Intern,Not stated,True,,Internship,,Software,"Plymouth, MI, United States",unknown,,,Python; C++; Computer Vision,2026-07-28T18:08:13.470Z,exact,2026-07-28T18:17:40Z,https://jobs.smartrecruiters.com/BoschGroup/744000140317669
Appian,Information Security Engineer Intern,Summer 2027,False,,Internship,,Security,"McLean, Virginia",no-sponsorship,44,$50/hr,LLMs,2026-07-27T10:49:22-04:00,exact,2026-07-27T16:20:26Z,https://job-boards.greenhouse.io/appian/jobs/8088496
Nexus Engineering Group,Civil/Structural Engineer Internship or Co-Op (Summer 2027),Summer 2027,False,,Internship / Co-op,,Hardware,"Cleveland, OH",unknown,2,,,2026-07-27T18:32:20Z,exact,2026-09-04T13:26:18Z,https://jobs.lever.co/nexuse-group/fd0f60a1-bee2-4ff2-8d90-ef42d1fc033f
Bosch,Powertrain Controls Software Engineering Intern (6-Months),Not stated,True,,Internship,,Software,"Farmington Hills, MI, United States",unknown,,,MATLAB; Linux,2026-07-27T20:32:15.437Z,exact,2026-07-27T20:41:58Z,https://jobs.smartrecruiters.com/BoschGroup/744000140089589
Northrop Grumman,2027 Returning Intern Software Engineer,Summer 2027,False,,Internship,,Software,United States-Florida-Melbourne,citizens-only,,,,2026-07-27T00:00:00Z,date_only,2026-07-27T16:20:26Z,https://ngc.wd1.myworkdayjobs.com/Northrop_Grumman_External_Site/job/United-States-Florida-Melbourne/XMLNAME-2027-Returning-Intern-Software-Engineer_R10242378
Quadrillion,Software Engineering Intern (Summer 2027),Summer 2027,False,,Internship,,Software,New York City,unknown,,$4K – $6K per week,Python; Pandas; React,2026-07-24T03:24:43.068+00:00,exact,2026-07-24T05:51:03Z,https://jobs.ashbyhq.com/quadrillion-labs/a4acc44c-31ce-41a0-ab44-2500487b4d05
PDT Partners,Summer 2027 Software Engineering Intern,Summer 2027,False,,Internship,,Software,"New York, NY",unknown,4,,,2026-07-24T16:16:09-04:00,exact,2026-07-25T10:40:34Z,https://job-boards.greenhouse.io/pdtpartners/jobs/8077685
Bosch,Autonomous Driving – Internship in Machine Learning,Not stated,True,,Internship,,Data & ML/AI,"Sunnyvale, CA, United States",unknown,,$34–$68/hr,Python; PyTorch; Azure; Linux,2026-07-24T16:12:25.654Z,exact,2026-07-24T16:37:05Z,https://jobs.smartrecruiters.com/BoschGroup/744000139649345
Core & Main,Intern - AI Intern - Copilot-  Onsite - St. Louis,Not stated,True,,Internship,,Data & ML/AI,"Saint Louis, MO 63146",unknown,,,Python; SQL; scikit-learn; Pandas; Azure; Git; Spark; Tableau,2026-07-24T00:00:00Z,date_only,2026-07-24T18:20:47Z,https://coreandmain.wd1.myworkdayjobs.com/coreandmain/job/Saint-Louis-MO-63146/Intern---Data-Engineering----Corp_45804
Anthelion Capital,Quant Developer / Quant Research Intern - 2026/2027,Summer 2027,False,,Internship,,Quant,New York City,unknown,,$1.8K – $2K per week,Python; C++; Rust; Azure,2026-07-23T19:51:59.097+00:00,exact,2026-07-24T11:11:07Z,https://jobs.ashbyhq.com/anthelioncap/5e2ea37b-2369-474e-b717-c24c60976e96
Appian,Software Engineering Intern,Summer 2027,False,,Internship,,Software,"McLean, Virginia",no-sponsorship,44,$50/hr,LLMs,2026-07-23T14:40:08-04:00,exact,2026-07-23T19:12:57Z,https://job-boards.greenhouse.io/appian/jobs/8041237
Kairos Power,Mechanical and Manufacturing Engineering Internship - Summer 2027,Summer 2027,False,,Internship,,Hardware,"Alameda, CA, Albuquerque, NM, or Oak Ridge, TN",unknown,3,,MATLAB,2026-07-23T16:03:32-04:00,exact,2026-08-03T15:51:32Z,https://job-boards.greenhouse.io/kairospower/jobs/6123676004
Pony.ai,Research Intern - Deep Learning,Not stated,True,,Internship,,Data & ML/AI,"Fremont, California, United States",unknown,35,,Python; C++; LLMs; CUDA,2026-07-22T00:00:00.000Z,date_only,2026-07-22T21:06:13Z,https://apply.workable.com/pony-dot-ai/j/4C1F53EF5D/
Pony.ai,Software Engineer Intern - Generalist,Not stated,True,,Internship,,Software,"Fremont, California, United States",unknown,35,,Python; C++,2026-07-22T00:00:00.000Z,date_only,2026-07-22T21:06:13Z,https://apply.workable.com/pony-dot-ai/j/BA5FFDBC71/
Moog,"Intern, Software Engineering",Not stated,True,,Internship,,Software,"Buffalo, NY",unknown,2,,,2026-07-22T00:00:00Z,date_only,2026-07-22T19:12:44Z,https://moog.wd5.myworkdayjobs.com/moog_external_career_site/job/Buffalo-NY/Intern--Software-Engineering_R-26-18885-1
Mosaic,Structural Engineer Co-Op/Intern - Summer 2027,Summer 2027,False,,Internship / Co-op,,Hardware,"US - Tampa, FL (Lithia area)",unknown,9,,,2026-07-22T00:00:00Z,date_only,2026-07-30T20:42:49Z,https://mosaic.wd5.myworkdayjobs.com/mosaic/job/US---Tampa-FL-Lithia-area/Structural-Engineer-Co-Op-Intern---Summer-2027_64448
Virtu Financial,2027 Internship - Software Engineer,Summer 2027,False,,Internship,,Software,"Austin, TX; New York",unknown,31,,Python; Java; C++; JavaScript,2026-07-21T11:34:18-04:00,exact,2026-07-21T15:52:39Z,https://job-boards.greenhouse.io/virtu/jobs/8624410002
Chicago Trading Company,Software Engineering Internship - Summer 2027,Summer 2027,False,,Internship,,Software,"Chicago, Illinois, United States",unknown,,,Python; Java; C++,2026-07-20T11:59:16-04:00,exact,2026-07-20T18:11:27Z,https://job-boards.greenhouse.io/ctccampusboard/jobs/4708230005
Chevron Corporation,2026-2027 Information Technology - Software Engineer - Intern,Summer 2027,False,,Internship,,Software,"Houston, Texas, United States of America",no-sponsorship,28,,Python; Java; C#; TypeScript; JavaScript; SQL; React; Node.js,2026-07-16T00:00:00Z,date_only,2026-07-16T17:24:48Z,https://chevron.wd5.myworkdayjobs.com/University/job/Houston-Texas-United-States-of-America/XMLNAME-2026-2027-Information-Technology---Software-Engineer---Intern_R000072398-1
Moog,"Intern, IT Computer Science - Data Analytics",Fall 2026,False,,Internship,,Data & ML/AI,"Buffalo, NY",unknown,2,,,2026-07-16T00:00:00Z,date_only,2026-07-16T15:47:55Z,https://moog.wd5.myworkdayjobs.com/moog_external_career_site/job/Buffalo-NY/Intern--IT-Computer-Science---Data-Analytics_R-26-17145
Copart,Software Engineering Intern,Not stated,True,,Internship,,Software,"Dallas, TX - Headquarters",unknown,83,,Java; JavaScript; SQL; Angular; Spring; Linux; Git,2026-07-15T00:00:00Z,date_only,2026-07-26T08:29:54Z,https://copart.wd12.myworkdayjobs.com/copart/job/Dallas-TX---Headquarters/Software-Engineering-Intern_JR109673
Tencent,Research Intern – Video World Models (Research & ML Systems),Not stated,True,,Internship,,Data & ML/AI,US-California-Palo Alto,unknown,53,$124.8k/yr,Python; PyTorch; LLMs; CUDA,2026-07-15T00:00:00Z,date_only,2026-07-16T07:39:11Z,https://tencent.wd1.myworkdayjobs.com/Tencent_Careers/job/US-California-Palo-Alto/Research-Intern---Video-World-Models--Research---ML-Systems-_R107752-1
Five Rings,Summer Intern 2027 - Software Developer,Summer 2027,False,,Internship,,Software,New York,unknown,7,,Python; C++; Linux,2026-07-14T13:51:03-04:00,exact,2026-07-14T19:27:53Z,https://job-boards.greenhouse.io/fiveringsllc/jobs/5349707008
Akuna Capital,"Software Engineer Intern - C++, Summer 2027",Summer 2027,False,,Internship,,Software,"Chicago, IL",unknown,40,,Python; C++,2026-07-13T14:41:20-04:00,exact,2026-07-13T19:44:33Z,https://www.akunacapital.com/careers/job/8018847/?gh_jid=8018847
Akuna Capital,"Software Engineer Intern - Python, Summer 2027",Summer 2027,False,,Internship,,Software,"Chicago, IL",unknown,40,,Python,2026-07-13T14:21:39-04:00,exact,2026-07-13T19:44:33Z,https://www.akunacapital.com/careers/job/8018853/?gh_jid=8018853
Akuna Capital,"Platform Engineer Intern, Summer 2027",Summer 2027,False,,Internship,,Software,"Chicago, IL",unknown,40,,AWS; Kubernetes,2026-07-13T14:21:52-04:00,exact,2026-07-13T19:44:33Z,https://www.akunacapital.com/careers/job/8018856/?gh_jid=8018856
Akuna Capital,"Software Engineer Intern - C# .NET Desktop, Summer 2027",Summer 2027,False,,Internship,,Software,"Chicago, IL",unknown,40,,C#; .NET; Git,2026-07-13T14:21:28-04:00,exact,2026-07-13T19:44:33Z,https://www.akunacapital.com/careers/job/8018886/?gh_jid=8018886
Akuna Capital,"Software Engineer Intern - Full Stack Web, Summer 2027",Summer 2027,False,,Internship,,Software,"Chicago, IL",unknown,40,,Python; TypeScript; JavaScript; React; Linux; Git,2026-07-13T14:21:34-04:00,exact,2026-07-13T19:44:33Z,https://www.akunacapital.com/careers/job/8018893/?gh_jid=8018893
Hudson River Trading,Software Engineering Internship (C++ or Python) – Summer 2027,Summer 2027,False,,Internship,,Software,"Austin, TX, United States; Chicago, Illinois, United States; London, United Kingdom; New York, NY, United States; Singapore",unknown,29,,Python; C++,2026-07-13T11:35:06-04:00,exact,2026-07-13T18:00:59Z,https://www.hudsonrivertrading.com/careers/job/?gh_jid=8052083
Northrop Grumman,2027 Intern Software Engineer,Summer 2027,False,,Internship,,Software,United States-Florida-Melbourne,citizens-only,,$18.5–$33.5/hr,,2026-07-08T00:00:00Z,date_only,2026-07-08T14:24:54Z,https://ngc.wd1.myworkdayjobs.com/Northrop_Grumman_External_Site/job/United-States-Florida-Melbourne/XMLNAME-2027-Intern-Software-Engineer_R10239275
Tower Research Capital,Quantitative Developer Intern - Summer 2027,Summer 2027,False,,Internship,,Quant,"New York, Chicago",unknown,38,,Python; C++; Linux,2026-07-05T17:48:21-04:00,exact,2026-07-05T23:08:17Z,https://www.tower-research.com/open-positions/?gh_jid=8044334
IMC Trading,Software Engineer Intern - Summer 2027,Summer 2027,False,,Internship,,Software,"Chicago, United States",unknown,,,Java; C++,2026-07-01T13:11:54-04:00,exact,2026-07-01T20:55:33Z,https://job-boards.eu.greenhouse.io/imc/jobs/4823924101
IMC Trading,Machine Learning Research Intern - Summer 2027 - Chicago,Summer 2027,False,,Internship,,Data & ML/AI,"Chicago, United States",unknown,,,Python; PyTorch; TensorFlow,2026-07-01T13:18:38-04:00,exact,2026-07-01T20:55:33Z,https://job-boards.eu.greenhouse.io/imc/jobs/4907430101
NVIDIA,"Applied Research Intern, NLP - Fall 2026",Fall 2026,False,,Internship,,Data & ML/AI,"US, CA, Santa Clara",unknown,1526,,Python; PyTorch,2026-07-01T00:00:00Z,date_only,2026-07-02T18:48:20Z,https://nvidia.wd5.myworkdayjobs.com/NVIDIAExternalCareerSite/job/US-CA-Santa-Clara/Applied-Research-Intern--NLP---Fall-2026_JR2010488
Junior,Software Engineering Intern — Fall 2026,Fall 2026,False,,Internship,,Software,New York City,citizens-only,,$40/hr,TypeScript; JavaScript; LLMs,2026-06-30T18:51:50.247+00:00,exact,2026-07-13T11:18:44Z,https://jobs.ashbyhq.com/junior/23ee686b-d305-4ac9-860d-16c99ddb4891
Figure,Firmware Intern [Fall 2026],Fall 2026,False,,Internship,,Hardware,"San Jose, CA",unknown,4,$40–$45/hr,Python; C++,2026-06-22T14:13:34-04:00,exact,2026-06-30T12:14:22Z,https://job-boards.greenhouse.io/figureai/jobs/4691070006
Quantiq,Software Developer Internship (Summer 2027),Summer 2027,False,,Internship,,Software,"Austin, TX",unknown,,,Python; C++,2026-06-17T12:34:01-04:00,exact,2026-09-16T18:12:11Z,https://job-boards.greenhouse.io/quantiq/jobs/4287936009
SoloPulse,Software Engineer Intern/Co-Op - Fall 2026,Fall 2026,False,,Internship / Co-op,,Software,"Peachtree Corners, GA",unknown,,,Python; C++; PyTorch; CUDA,2026-06-16T18:53:22Z,exact,2026-06-30T12:14:22Z,https://jobs.lever.co/solopulseco/00fbde18-a387-4c9f-97d4-77059aec7b56
Anduril,2027 Mechanical Engineer Intern,Summer 2027,False,,Internship,,Hardware,"Atlanta, Georgia, United States; Boston, Massachusetts, United States; Broomfield, Colorado, United States; Colorado Springs, Colorado, United States; Costa Mesa, California, United States; Fort Collins, Colorado, United States; Irvine, California, United States; Reston, Virginia, United States; Seattle, Washington, United States",citizens-only,,,Computer Vision,2026-06-11T13:34:22-04:00,exact,2026-08-03T15:51:32Z,https://boards.greenhouse.io/andurilindustries/jobs/5153187007?gh_jid=5153187007
Anduril,2027 Manufacturing Engineer Intern,Summer 2027,False,,Internship,,Hardware,"Atlanta, Georgia, United States; Boston, Massachusetts, United States; Broomfield, Colorado, United States; Colorado Springs, Colorado, United States; Costa Mesa, California, United States; Fort Collins, Colorado, United States; Irvine, California, United States; Seattle, Washington, United States",citizens-only,,,Computer Vision,2026-06-11T13:51:24-04:00,exact,2026-08-03T15:51:32Z,https://boards.greenhouse.io/andurilindustries/jobs/5153218007?gh_jid=5153218007
Voloridge,Quantitative Developer Intern 2027,Summer 2027,False,,Internship,,Quant,"Jupiter, FL",unknown,,,Python; C++; C#; SQL,2026-06-11T09:46:12-04:00,exact,2026-07-20T10:59:21Z,https://job-boards.greenhouse.io/voloridgeinvestmentmanagement/jobs/4224862009
Anduril,2027 Software Engineer Intern,Summer 2027,False,,Internship,,Software,"Atlanta, Georgia, United States; Boston, Massachusetts, United States; Broomfield, Colorado, United States; Colorado Springs, Colorado, United States; Costa Mesa, California, United States; Fort Collins, Colorado, United States; Irvine, California, United States; Reston, Virginia, United States; Seattle, Washington, United States",citizens-only,,,Python; Java; C++; Rust; Computer Vision,2026-06-10T19:33:06-04:00,exact,2026-06-30T12:22:43Z,https://boards.greenhouse.io/andurilindustries/jobs/5148079007?gh_jid=5148079007
Beacon Software,Software Engineering Intern,Fall 2026,False,,Internship,,Software,"San Francisco, CA",unknown,,,Python; TypeScript; LLMs; PostgreSQL,2026-06-02T00:08:18.727+00:00,exact,2026-07-16T07:39:11Z,https://jobs.ashbyhq.com/beaconsoftware/2452d342-a069-4eda-adbe-9df296808ca1
Walleye Capital,Quantic – Quantitative Developer Intern (Summer 2027),Summer 2027,False,,Internship,,Quant,"Boston, MA",unknown,,,Python; PyTorch; TensorFlow; scikit-learn; LLMs; Linux,2026-06-01T07:17:40-04:00,exact,2026-06-30T12:14:22Z,https://job-boards.greenhouse.io/walleyecapital-external-students/jobs/4679168006
Amazon,"Software Development Engineer Intern, AWS Data Services - Fall 2026 (US)",Fall 2026,False,,Internship,,Data & ML/AI,"Seattle, Washington, USA",unknown,23139,,Python; Java; C++; C#; Rust; TypeScript; SQL; LLMs,2026-05-06T00:00:00Z,date_only,2026-06-30T17:50:48Z,https://www.amazon.jobs/en/jobs/10412530/software-development-engineer-intern-aws-data-services-fall-2026-us
SharkNinja,Fall 2026: AI/Sharks Applied AI & Analytics Co-op (August to December),Fall 2026,False,,Co-op,,Data & ML/AI,"Miami, Florida, United States; Needham, MA, United States; New York, New York, United States",unknown,23,,Python; SQL; LLMs; AWS; Tableau,2026-04-02T12:16:35-04:00,exact,2026-06-30T12:14:22Z,https://job-boards.greenhouse.io/sharkninjaoperatingllc/jobs/4669676006
Applied Materials,"2026 Fall Materials Engineering Co-op (TCAD Modeling) - Doctorate (Gloucester, MA)",Fall 2026,False,,Co-op,,Hardware,"Gloucester,MA",unknown,650,$41–$50/hr,,2026-04-01T00:00:00Z,date_only,2026-08-03T15:51:32Z,https://amat.wd1.myworkdayjobs.com/External/job/GloucesterMA/XMLNAME-2026-Fall-Materials-Engineering-Co-op---Doctorate--Gloucester--MA-_R2611503
Motorola,"Intern - Embedded Software, System, and Test Engineer - 2026",Fall 2026,False,,Internship,,Software,"Irvine, CA",citizens-only,191,,,2026-03-30T00:00:00Z,date_only,2026-07-01T20:55:33Z,https://motorolasolutions.wd5.myworkdayjobs.com/Careers/job/Irvine-CA/Intern---Embedded-Software--System--and-Test-Engineer---2026_R62372
Ellipsis Labs,Software Engineer - 2027 Interns,Summer 2027,False,,Internship,,Software,"New York, New York",unknown,,$10K per month,Python; Java; C++; Rust; TypeScript; JavaScript; React; Docker,2026-03-26T19:40:01.700+00:00,exact,2026-06-30T12:14:22Z,https://jobs.ashbyhq.com/ellipsislabs/02136b22-35b1-4b3d-8bef-567c3380a849
Alloy Enterprises,"Co-Op, Thermal Test Engineer, Fall 2026 (July-December)",Fall 2026,False,,Co-op,,Hardware,"Burlington, MA",citizens-only,,$23–$28/hr,Python; MATLAB,2026-03-25T21:04:53.149+00:00,exact,2026-08-07T00:29:47Z,https://jobs.ashbyhq.com/alloyenterprises/946e7ae1-d2ac-4889-a72a-268b0aeda9bd
Hermeus,Mechanical Engineering Intern  - Fall 2026,Fall 2026,False,,Internship,,Hardware,"Los Angeles, CA",citizens-only,,25–33 USD/hr,,2026-03-09T20:47:32Z,exact,2026-08-03T15:51:32Z,https://jobs.lever.co/hermeus/6b6afa4a-b37d-4033-ac3b-e6501a951b98
Hermeus,Flight Software Engineering Intern - Fall 2026,Fall 2026,False,,Internship,,Software,"Atlanta, GA",citizens-only,,25–33 USD/hr,C++,2026-03-04T23:43:47Z,exact,2026-06-30T12:14:22Z,https://jobs.lever.co/hermeus/51378fa0-0327-45fd-9420-b6e7d8b56440
Amazon,"Robotics - Hardware Development Engineer Intern/Co-op - 2026 (Robotics, Mechanical, Electrical, Hardware Test, Reliability, Failure Analysis, Operations, and more)",Fall 2026,False,,Internship / Co-op,,Hardware,"Westboro, Massachusetts, USA",unknown,23139,,,2025-12-17T00:00:00Z,date_only,2026-08-03T15:51:32Z,https://www.amazon.jobs/en/jobs/3145033/robotics-hardware-development-engineer-intern-co-op-2026-robotics-mechanical-electrical-hardware-test-reliability-failure-analysis-operations-and-more
Amazon,"Robotics - Applied Scientist II Intern / Co-op - 2026 (Robotics, Manipulation, Perception, Motion Planning, Autonomous Mobile Robots, Computer Vision, Machine Learning, Controls, and more)",Fall 2026,False,,Internship / Co-op,,Data & ML/AI,"North Reading, Massachusetts, USA",unknown,23139,,Python; Java; C++; LLMs; Computer Vision,2025-10-08T00:00:00Z,date_only,2026-06-30T17:50:48Z,https://www.amazon.jobs/en/jobs/3104589/robotics-applied-scientist-ii-intern-co-op-2026-robotics-manipulation-perception-motion-planning-autonomous-mobile-robots-computer-vision-machine-learning-controls-and-more
Perpay,"Data Science Internship, Summer 2027",Summer 2027,False,,Internship,,Data & ML/AI,"Philadelphia, Pennsylvania, United States",unknown,5,,Python; SQL; scikit-learn; Pandas,2023-09-12T09:27:18-04:00,exact,2026-09-11T21:42:15Z,https://job-boards.greenhouse.io/perpay/jobs/4076978007
Perpay,"Software Engineering Internship, Summer 2027",Summer 2027,False,,Internship,,Software,"Philadelphia, Pennsylvania, United States",unknown,5,,Python; JavaScript; React; Django; Flask; AWS; Kubernetes; Docker,2023-09-12T09:28:26-04:00,exact,2026-09-10T18:22:25Z,https://job-boards.greenhouse.io/perpay/jobs/4076988007
Databricks,Product Management Intern (Summer 2027),Summer 2027,False,,Internship,,Software,"Bellevue, Washington; Mountain View, California; San Francisco, California",unknown,308,,Python; SQL; Spark,2023-08-17T17:27:27-04:00,exact,2026-07-30T20:42:49Z,https://databricks.com/company/careers/open-positions/job?gh_jid=6883068002
APEX Analytix,Data Science Intern (Summer 2027),Summer 2027,False,,Internship,,Data & ML/AI,"Greensboro, NC",unknown,24,,,,,2026-09-15T18:57:35Z,https://ats.rippling.com/apexanalytix-careers/jobs/0cfde729-9d23-4186-91a7-464a4b87af53
APEX Analytix,Automation Developer Intern (Summer 2027),Summer 2027,False,,Internship,,Software,"Greensboro, NC",unknown,24,,,,,2026-09-15T18:57:35Z,https://ats.rippling.com/apexanalytix-careers/jobs/40e4727d-e132-4de0-89ba-b4fdbd5860a7
APEX Analytix,Data Analyst Intern (Summer 2027),Summer 2027,False,,Internship,,Data & ML/AI,"Greensboro, NC",unknown,24,,,,,2026-09-15T18:57:35Z,https://ats.rippling.com/apexanalytix-careers/jobs/e275fd70-45a3-4a64-8688-cace8a3f87ef
Collier Aerospace,Software Engineering Intern - Web Applications (Summer 2027),Summer 2027,False,,Internship,,Software,"Newport News, VA",unknown,,,,,,2026-09-10T14:19:22Z,https://ats.rippling.com/collieraerospace/jobs/4981b0ba-5b6f-4ebe-95c0-9d1cda036b77
Collier Aerospace,NCSG AI Feature Development Internship (Summer 2027),Summer 2027,False,,Internship,,Data & ML/AI,"Raleigh, NC",unknown,,,,,,2026-09-16T18:12:11Z,https://ats.rippling.com/collieraerospace/jobs/5a8bf9a3-c4f5-4c5a-ba9a-188979106827
Collier Aerospace,Software Engineering Intern (Summer 2027),Summer 2027,False,,Internship,,Software,"Newport News, VA",unknown,,,,,,2026-09-10T14:19:22Z,https://ats.rippling.com/collieraerospace/jobs/b666dbfe-34e5-422f-8879-4d53c0ae1f51
Collier Aerospace,NCSG Aerospace Methods & Automations Intern (Summer 2027),Summer 2027,False,,Internship,,Hardware,"Raleigh, NC",unknown,,,,,,2026-09-10T14:19:22Z,https://ats.rippling.com/collieraerospace/jobs/c1fcbdc3-fe19-4209-b080-15a5db8c75e1
Collier Aerospace,NCSG Aerospace Structural Engineering Intern (Summer 2027),Summer 2027,False,,Internship,,Hardware,"Raleigh, NC",unknown,,,,,,2026-09-10T14:19:22Z,https://ats.rippling.com/collieraerospace/jobs/e132478d-3a1c-4bb6-9f57-002df2853f0c
REV Robotics,Mechanical Engineering INTERN 2027,Summer 2027,False,,Internship,,Hardware,"Carrollton, TX",unknown,,,,,,2026-09-18T18:21:02Z,https://ats.rippling.com/rev-robotics/jobs/6f40fd69-7d97-4142-a5fa-3c535a0b3e6e
REV Robotics,Software Engineering INTERN 2027,Summer 2027,False,,Internship,,Software,"Carrollton, TX",unknown,,,,,,2026-09-18T18:21:02Z,https://ats.rippling.com/rev-robotics/jobs/9f4e5d99-0bba-4e03-8018-e312810a3dba
American Rare Earths,Manufacturing Intern (Summer 2027),Summer 2027,False,,Internship,,Hardware,"Stillwater, OK",unknown,,,,,,2026-09-14T20:57:28Z,https://ats.rippling.com/usare/jobs/affd3b55-48c3-4d5d-88f4-859441845337
