company,title,season,season_inferred,seasons,program,remote,category,location,sponsorship,h1b_approvals,salary,skills,posted_at,posted_at_source,first_seen_at,url
Hermeus,Software Engineering Intern (Command & Control) - Spring/Summer 2027,Summer 2027,False,,Internship,,Software,"Atlanta, GA",citizens-only,,25–33 USD/hr,C++; TypeScript; JavaScript; React; Angular,2026-09-03T02:07:59Z,exact,2026-09-03T04:00:34Z,https://jobs.lever.co/hermeus/5b08e2df-c9db-4831-aece-67d89e744796
InfiniteQuant,Quantitative Developer - Internship - Summer 2027,Summer 2027,False,,Internship,yes,Quant,"New York, New York, United States (Remote)",unknown,,,Python; C++,2026-09-03T07:07:53.041Z,exact,2026-09-03T08:56:35Z,https://jobs.smartrecruiters.com/InfiniteQuant/744000147163879
Momentive,Summer 2027 Intern - Enterprise Reporting & Analytics - Data Science,Summer 2027,False,,Internship,,Data & ML/AI,US NY Niskayuna,unknown,44,,Python; SQL; LLMs; Tableau,2026-09-03T00:00:00Z,date_only,2026-09-03T08:56:35Z,https://momentive.wd1.myworkdayjobs.com/MC/job/US-NY-Niskayuna/Summer-2027-Intern---Enterprise-Reporting---Analytics---Data-Science_R9807-1
Momentive,Summer 2027 Intern - Software Development,Summer 2027,False,,Internship,,Software,US NY Niskayuna,unknown,44,,Java; SQL; Git,2026-09-03T00:00:00Z,date_only,2026-09-03T08:56:35Z,https://momentive.wd1.myworkdayjobs.com/MC/job/US-NY-Niskayuna/Summer-2027-Intern---Software-Development_R9756
Eurofins,AI & Automation Intern,Fall 2026,False,,Internship,,Data & ML/AI,"Barcelona, CT, ES",unknown,,,Python; SQL,2026-09-03T10:31:16.848Z,exact,2026-09-03T13:35:54Z,https://jobs.smartrecruiters.com/Eurofins/744000147214369
WSP,Civil/Structural Engineering (Overhead Transmission Lines) Intern - Summer 2027,Summer 2027,False,,Internship,,Hardware,"Houston, TX, United States",unknown,,,,2026-09-03,date_only,2026-09-03T13:35:54Z,https://emit.fa.ca3.oraclecloud.com/hcmUI/CandidateExperience/en/sites/CX_2001/job/94540
Hadrian,Robotics Engineer Intern,Not stated,True,,Internship,,Hardware,"Los Angeles, CA",citizens-only,,,Python; C++,2026-09-02T21:47:12.152+00:00,exact,2026-09-02T23:18:47Z,https://jobs.ashbyhq.com/hadrian-automation/02e33109-08c5-4db7-8881-67294c172584
Hadrian,Software Engineer Intern,Not stated,True,,Internship,,Software,"Los Angeles, CA",citizens-only,,,Python; TypeScript,2026-09-02T21:46:58.459+00:00,exact,2026-09-02T23:18:47Z,https://jobs.ashbyhq.com/hadrian-automation/2b0423c6-947d-4226-8d23-90743bd5e63e
Hadrian,Data Science/ Data Engineer Intern,Not stated,True,,Internship,,Data & ML/AI,"Los Angeles, CA",citizens-only,,,Python; SQL,2026-09-02T21:47:29.454+00:00,exact,2026-09-02T23:18:47Z,https://jobs.ashbyhq.com/hadrian-automation/f718bcfe-3f5b-4682-a294-697499caf813
Reflect Orbital,Flight Software Engineering Intern,Not stated,True,,Internship,,Software,"Hawthorne, CA",unknown,,$27 – $31 per hour,,2026-09-02T21:57:24.003+00:00,exact,2026-09-02T23:18:47Z,https://jobs.ashbyhq.com/reflect-orbital/d2ad1427-89aa-404d-8678-7b8e6dace5e2
Reflect Orbital,Embedded Firmware Engineering Intern,Not stated,True,,Internship,,Hardware,"Hawthorne, CA",unknown,,$27 – $31 per hour,Python; C++,2026-09-02T21:57:26.937+00:00,exact,2026-09-02T23:18:47Z,https://jobs.ashbyhq.com/reflect-orbital/d5ade048-5555-4a77-b002-d117254b6e6b
Reflect Orbital,Thermal Engineering Intern,Not stated,True,,Internship,,Hardware,"Hawthorne, CA",unknown,,$27 – $31 per hour,,2026-09-02T21:57:10.160+00:00,exact,2026-09-02T23:18:47Z,https://jobs.ashbyhq.com/reflect-orbital/e27b6a4f-3556-45ed-bcca-0d56e302ba07
Reflect Orbital,Mechanical Engineering Intern,Not stated,True,,Internship,,Hardware,"Hawthorne, CA",unknown,,$27 – $31 per hour,,2026-09-02T21:57:12.373+00:00,exact,2026-09-02T23:18:47Z,https://jobs.ashbyhq.com/reflect-orbital/ed0c926a-9a52-4c84-8488-2552b1f0cca6
Flagship Pioneering,Pioneering Intelligence: Agentic AI Co-Op,Not stated,True,,Co-op,,Data & ML/AI,"Cambridge, MA USA",unknown,6,$25–$45/hr,Python,2026-09-02T09:51:40-04:00,exact,2026-09-02T17:54:51Z,https://job-boards.greenhouse.io/fspco-op012325/jobs/8769080002
General Matter,Summer 2027 Internship - Embedded Software Engineering,Summer 2027,False,,Internship,,Software,"Los Angeles, CA",unknown,,$32–$46/hr,Python; C++; Go; Rust,2026-09-02T15:52:13-04:00,exact,2026-09-02T20:59:44Z,https://job-boards.greenhouse.io/generalmatter/jobs/5377131008
National Information Solutions Cooperative (NISC),Intern - Software Development,Not stated,True,,Internship,,Software,"Cedar Rapids, IA or Lake Saint Louis, MO or Mandan, ND",unknown,,,Java; TypeScript; JavaScript; Angular; AWS; Linux; PostgreSQL; MongoDB,2026-09-02T12:44:00-04:00,exact,2026-09-02T17:54:51Z,https://job-boards.greenhouse.io/nisc/jobs/8092699
National Information Solutions Cooperative (NISC),Intern - Data Engineer,Not stated,True,,Internship,,Data & ML/AI,"Cedar Rapids, IA or Lake Saint Louis, MO or Mandan, ND",unknown,,,Python; Java; SQL; Scala; LLMs; AWS; Git; Airflow,2026-09-02T12:39:45-04:00,exact,2026-09-02T17:54:51Z,https://job-boards.greenhouse.io/nisc/jobs/8167858
Re:Build Manufacturing,Manufacturing Engineer Intern,Not stated,True,,Internship,,Hardware,"Merrimack, NH",unknown,,,,2026-09-02T12:14:14-04:00,exact,2026-09-02T17:54:51Z,https://job-boards.greenhouse.io/rebuildmanufacturing/jobs/4729848005
Roblox,[Summer 2027] Product Management Intern,Summer 2027,False,,Internship,,Software,"San Mateo, CA, United States",unknown,186,,,2026-09-02T12:41:13-04:00,exact,2026-09-02T17:54:51Z,https://careers.roblox.com/jobs/8143981?gh_jid=8143981
National Information Solutions Cooperative (NISC),Intern - Data Engineer,Not stated,True,,Internship,,Data & ML/AI,"Cedar Rapids, IA",unknown,,,Python; Java; SQL; Scala; LLMs; AWS; Git; Airflow,2026-09-02T12:39:46-04:00,exact,2026-09-02T17:54:51Z,https://job-boards.greenhouse.io/testnisc/jobs/8167883
National Information Solutions Cooperative (NISC),Intern - Data Engineer,Not stated,True,,Internship,,Data & ML/AI,"Lake Saint Louis, MO",unknown,,,Python; Java; SQL; Scala; LLMs; AWS; Git; Airflow,2026-09-02T12:39:48-04:00,exact,2026-09-02T17:54:51Z,https://job-boards.greenhouse.io/testnisc/jobs/8167884
National Information Solutions Cooperative (NISC),Intern - Data Engineer,Not stated,True,,Internship,,Data & ML/AI,"Mandan, ND",unknown,,,Python; Java; SQL; Scala; LLMs; AWS; Git; Airflow,2026-09-02T12:39:49-04:00,exact,2026-09-02T17:54:51Z,https://job-boards.greenhouse.io/testnisc/jobs/8167886
National Information Solutions Cooperative (NISC),Intern - Software Development,Not stated,True,,Internship,,Software,"Cedar Rapids, IA",unknown,,,Java; TypeScript; JavaScript; Angular; AWS; Linux; PostgreSQL; MongoDB,2026-09-02T12:46:38-04:00,exact,2026-09-02T17:54:51Z,https://job-boards.greenhouse.io/testnisc/jobs/8174088
National Information Solutions Cooperative (NISC),Intern - Software Development,Not stated,True,,Internship,,Software,"Lake Saint Louis, MO",unknown,,,Java; TypeScript; JavaScript; Angular; AWS; Linux; PostgreSQL; MongoDB,2026-09-02T12:46:39-04:00,exact,2026-09-02T17:54:51Z,https://job-boards.greenhouse.io/testnisc/jobs/8174090
National Information Solutions Cooperative (NISC),Intern - Software Development,Not stated,True,,Internship,,Software,"Mandan, ND",unknown,,,Java; TypeScript; JavaScript; Angular; AWS; Linux; PostgreSQL; MongoDB,2026-09-02T12:46:41-04:00,exact,2026-09-02T17:54:51Z,https://job-boards.greenhouse.io/testnisc/jobs/8174096
Hermeus,Manufacturing Engineering Intern - Spring/Summer 2027,Summer 2027,False,,Internship,,Hardware,"Atlanta, GA",citizens-only,,25–33 USD/hr,,2026-09-02T01:22:55Z,exact,2026-09-02T04:02:54Z,https://jobs.lever.co/hermeus/1bdf3754-5649-4a50-913e-b05140cb004f
Hermeus,Structures/Mechanical Engineering Intern - Spring/Summer 2027,Summer 2027,False,,Internship,,Hardware,"Atlanta, GA",citizens-only,,25–33 USD/hr,,2026-09-02T01:04:36Z,exact,2026-09-02T04:02:54Z,https://jobs.lever.co/hermeus/60b5d40a-1065-4bd2-8c72-6b2fb69d4761
Grant Thornton,Cybersecurity and Privacy Intern - Summer 2027,Summer 2027,False,,Internship,,Security,"Los Angeles, CA, United States",no-sponsorship,118,$40/hr,,2026-09-02,date_only,2026-09-02T17:54:51Z,https://ehzq.fa.us2.oraclecloud.com/hcmUI/CandidateExperience/en/sites/CX_1/job/115752
Sherwin-Williams,"Year-Round IT Co-op, Cybersecurity",Not stated,True,,Co-op,,Security,"Cleveland, OH, United States",unknown,94,,,2026-09-02,date_only,2026-09-02T17:54:51Z,https://ejhp.fa.us6.oraclecloud.com/hcmUI/CandidateExperience/en/sites/CX_2/job/2622615
Stantec,Roadway Design Co-op Student - Infrastructure (Fall 2026),Fall 2026,False,,Co-op,,Software,"Raleigh, NC, United States",unknown,96,,,2026-09-02,date_only,2026-09-02T17:54:51Z,https://hdhl.fa.us6.oraclecloud.com/hcmUI/CandidateExperience/en/sites/CX_1/job/1007497
AECOM,Structural Engineering Intern - Bridge & Transportation Structures,Summer 2027,False,,Internship,,Hardware,"Glen Allen, VA, United States",unknown,246,,,2026-09-02T13:23:02.295Z,exact,2026-09-02T13:37:12Z,https://jobs.smartrecruiters.com/AECOM2/744000146989469
AECOM,Structural Intern- Hiring Event with AECOM - New York City,Not stated,True,,Internship,,Hardware,"Piscataway, NJ, United States",unknown,246,,,2026-09-02T16:10:29.734Z,exact,2026-09-02T17:54:51Z,https://jobs.smartrecruiters.com/AECOM2/744000147036623
AECOM,Structural Intern- Hiring Event with AECOM - New York City,Not stated,True,,Internship,,Hardware,"New York, NY, United States",unknown,246,,,2026-09-02T16:10:05.854Z,exact,2026-09-02T17:54:51Z,https://jobs.smartrecruiters.com/AECOM2/744000147037399
Intuitive Surgical,Mechanical Engineering Intern,Not stated,True,,Internship,,Hardware,"Sunnyvale, CA, United States",unknown,14,,Python; MATLAB,2026-09-02T22:49:29.677Z,exact,2026-09-02T23:18:47Z,https://jobs.smartrecruiters.com/Intuitive/744000147091674
Lawrence Livermore National Laboratory (LLNL),Protocol and Special Events Undergraduate AI and Digital Solutions Intern,Not stated,True,,Internship,yes,Data & ML/AI,"Livermore, CA, United States (Remote)",citizens-only,,,LLMs,2026-09-02T22:26:31.063Z,exact,2026-09-02T23:18:47Z,https://jobs.smartrecruiters.com/LLNL/3743990015035697
Winsupply,Software Developer Intern,Not stated,True,,Internship,,Software,"Moraine, OH, United States",unknown,13,,Python; Java; Angular,2026-09-02T13:56:11.233Z,exact,2026-09-02T17:54:51Z,https://jobs.smartrecruiters.com/Winsupply1/3743990015014717
ABB,Mechanical Design Engineer Intern- Summer 2027,Summer 2027,False,,Internship,,Hardware,"Fort Smith, Arkansas, United States of America",no-sponsorship,69,$20–$34/hr,,2026-09-02T00:00:00Z,date_only,2026-09-02T20:59:44Z,https://abb.wd3.myworkdayjobs.com/external_career_page/job/Fort-Smith-Arkansas-United-States-of-America/Mechanical-Design-Engineer-Intern--Summer-2027_JR00045727
Allegion,"Mechanical Engineering Intern, Access Technologies – Farmington, Connecticut",Not stated,True,,Internship,,Hardware,"Farmington, CT",unknown,,$25/hr,,2026-09-02T00:00:00Z,date_only,2026-09-02T20:59:44Z,https://allegion.wd5.myworkdayjobs.com/careers/job/Farmington-CT/Mechanical-Engineering-Intern--Access-Technologies---Farmington--Connecticut_JR37466-1
Allied Solutions,AI Solutions Intern,Summer 2027,False,,Internship,,Data & ML/AI,"Carmel, IN",unknown,2,,,2026-09-02T00:00:00Z,date_only,2026-09-02T20:59:44Z,https://alliedsolutions.wd501.myworkdayjobs.com/Allied_External/job/Carmel-IN/AI-Solutions-Intern_R-011074
Allied Solutions,Data Science Intern,Summer 2027,False,,Internship,,Data & ML/AI,"Carmel, IN",unknown,2,,Python; SQL,2026-09-02T00:00:00Z,date_only,2026-09-02T20:59:44Z,https://alliedsolutions.wd501.myworkdayjobs.com/Allied_External/job/Carmel-IN/Data-Science-Intern_R-011077
Allied Solutions,Software Delivery Management Intern,Summer 2027,False,,Internship,,Software,"Carmel, IN",unknown,2,,Azure,2026-09-02T00:00:00Z,date_only,2026-09-02T20:59:44Z,https://alliedsolutions.wd501.myworkdayjobs.com/Allied_External/job/Carmel-IN/Software-Delivery-Management-Intern_R-011086
Allied Solutions,Software Engineering Intern,Summer 2027,False,,Internship,,Software,"Carmel, IN",unknown,2,,Python; Java; C#; JavaScript; SQL; React; Angular; AWS,2026-09-02T00:00:00Z,date_only,2026-09-02T20:59:44Z,https://alliedsolutions.wd501.myworkdayjobs.com/Allied_External/job/Carmel-IN/Software-Engineering-Intern_R-011087
Allied Solutions,Product Management Intern - Risk Management,Summer 2027,False,,Internship,,Software,"St. Paul, MN",unknown,2,,,2026-09-02T00:00:00Z,date_only,2026-09-02T20:59:44Z,https://alliedsolutions.wd501.myworkdayjobs.com/Allied_External/job/St-Paul-MN/Product-Management-Intern---Risk-Management_R-011083
Auto-Owners Insurance,Business Intelligence Developer Internship - Summer 2027,Summer 2027,False,,Internship,,Software,"Lansing, MI",unknown,,,Python; SQL; Tableau,2026-09-02T00:00:00Z,date_only,2026-09-02T13:37:12Z,https://aoins.wd5.myworkdayjobs.com/AutoOwners/job/Lansing-MI/Business-Intelligence-Developer-Internship---Summer-2027_R_14417
"Axcelis Technologies, Inc.",Manufacturing Engineer Co-op Production Support,Not stated,True,,Co-op,,Hardware,"Beverly, MA",unknown,11,,,2026-09-02T00:00:00Z,date_only,2026-09-02T20:59:44Z,https://axcelis.wd1.myworkdayjobs.com/axcelis/job/Beverly-MA/Manufacturing-Engineer-Co-op-Production-Support_12001
"Axcelis Technologies, Inc.",Manufacturing Test Development Co-op,Not stated,True,,Co-op,,Hardware,"Beverly, MA",unknown,11,,,2026-09-02T00:00:00Z,date_only,2026-09-02T20:59:44Z,https://axcelis.wd1.myworkdayjobs.com/axcelis/job/Beverly-MA/Manufacturing-Test-Development-Co-op_12009
"Axcelis Technologies, Inc.",Manufacturing Test Development Engineer Co-op,Not stated,True,,Co-op,,Hardware,"Beverly, MA",unknown,11,,,2026-09-02T00:00:00Z,date_only,2026-09-02T20:59:44Z,https://axcelis.wd1.myworkdayjobs.com/axcelis/job/Beverly-MA/Manufacturing-Test-Development-Engineer-Co-op_12010
Cigna Group,Artificial Intelligence Innovation Development Program (AIIDP) Summer Internship,Summer 2027,False,,Internship,,Data & ML/AI,"NC, Raleigh, 701 Corporate Center Dr STE 200",unknown,,$25–$27/hr,Python; SQL; LLMs,2026-09-02T00:00:00Z,date_only,2026-09-02T17:54:51Z,https://cigna.wd5.myworkdayjobs.com/cignacareers/job/NC-Raleigh-701-Corporate-Center-Dr-STE-200/Ai-Innovation-Development-Program--AIIDP--Summer-internship_26010712
Copart,Software Engineering Intern,Not stated,True,,Internship,,Software,"Dallas, TX - Headquarters",unknown,83,,JavaScript,2026-09-02T00:00:00Z,date_only,2026-09-02T20:59:44Z,https://copart.wd12.myworkdayjobs.com/copart/job/Dallas-TX---Headquarters/Software-Engineering-Intern_JR111173
General Motors,2027 Summer Intern – Manufacturing Engineering – Body Center,Summer 2027,False,,Internship,,Hardware,"Warren, Michigan, United States of America",unknown,928,,,2026-09-02T00:00:00Z,date_only,2026-09-02T23:18:47Z,https://generalmotors.wd5.myworkdayjobs.com/Careers_GM/job/Warren-Michigan-United-States-of-America/XMLNAME-2027-Summer-Intern---Manufacturing-Engineering---Body-Center_JR-202619475
RTX,Software Engineering Co-op (Summer/Fall 2027),Summer 2027,False,,Co-op,,Software,US-IA-CEDAR RAPIDS-105 ~ 400 Collins Rd NE ~ BLDG 105,citizens-only,,,Python; C++,2026-09-02T00:00:00Z,date_only,2026-09-02T17:54:51Z,https://globalhr.wd5.myworkdayjobs.com/rec_rtx_ext_gateway/job/US-IA-CEDAR-RAPIDS-105--400-Collins-Rd-NE--BLDG-105/Software-Engineering-Co-op--Summer-Fall-2027-_01870194
United Parcel Service (UPS),2027 Industrial Engineering Summer Intern - Bayonne NJ,Summer 2027,False,,Internship,,Hardware,US - BAYONNE CENTER (NJBAY),citizens-only,,$16–$33.44/hr,,2026-09-02T00:00:00Z,date_only,2026-09-02T20:59:44Z,https://hcmportal.wd5.myworkdayjobs.com/Search/job/US---BAYONNE-CENTER-NJBAY/XMLNAME-2027-Industrial-Engineering-Summer-Intern---Bayonne-NJ_R26030793
United Parcel Service (UPS),"2027 Industrial Engineering Summer Intern - Portland, OR",Summer 2027,False,,Internship,,Hardware,US - PORTLAND HUB (ORPOR),citizens-only,,,,2026-09-02T00:00:00Z,date_only,2026-09-02T17:54:51Z,https://hcmportal.wd5.myworkdayjobs.com/Search/job/US---PORTLAND-HUB-ORPOR/XMLNAME-2027-Industrial-Engineering-Summer-Intern---Portland--OR_R26030709
United Parcel Service (UPS),"2027 Industrial Engineering Summer Intern - Atlanta, GA",Summer 2027,False,,Internship,,Hardware,US - UPS CORPORATE OFFICES (GACOR),citizens-only,,,,2026-09-02T00:00:00Z,date_only,2026-09-02T20:59:44Z,https://hcmportal.wd5.myworkdayjobs.com/Search/job/US---UPS-CORPORATE-OFFICES-GACOR/XMLNAME-2027-Industrial-Engineering-Summer-Intern---Atlanta--GA_R26030769
United Parcel Service (UPS),"2027 Industrial Engineering Summer Intern - Salt Lake City, UT",Summer 2027,False,,Internship,,Hardware,US - UTAH REGIONAL HUB (UTLKE),citizens-only,,,,2026-09-02T00:00:00Z,date_only,2026-09-02T17:54:51Z,https://hcmportal.wd5.myworkdayjobs.com/Search/job/US---UTAH-REGIONAL-HUB-UTLKE/XMLNAME-2027-Industrial-Engineering-Summer-Intern---Salt-Lake-City--UT_R26030699
HD Supply,"Graduate Intern, Artificial Intelligence & Data Science - Summer 2027",Summer 2027,False,,Internship,,Data & ML/AI,Atlanta-GA-US,unknown,27,,Python; SQL; LLMs; AWS; GCP; Azure; Tableau,2026-09-02T00:00:00Z,date_only,2026-09-02T20:59:44Z,https://hdsupply.wd1.myworkdayjobs.com/External/job/Atlanta-GA-US/Graduate-Intern--Artificial-Intelligence---Data-Science---Summer-2027_R26004952
Hewlett Packard (HP),Personal Systems Product Management Intern,Not stated,True,,Internship,,Software,"Austin, Texas, United States of America",unknown,,$29–$33/hr,,2026-09-02T00:00:00Z,date_only,2026-09-02T23:18:47Z,https://hp.wd5.myworkdayjobs.com/ExternalCareerSite/job/Austin-Texas-United-States-of-America/Personal-Systems-Product-Management-Intern_UNI4755-1
Hewlett Packard (HP),Software Product Security Engineer Intern,Not stated,True,,Internship,,Security,"Spring, Texas, United States of America",unknown,,$35–$40/hr,Python; C++; C#; TypeScript,2026-09-02T00:00:00Z,date_only,2026-09-02T20:59:44Z,https://hp.wd5.myworkdayjobs.com/ExternalCareerSite/job/Spring-Texas-United-States-of-America/Software-Product-Security-Engineer-Intern_UNI4744-1
Magna International,Intern - Engineering Software,Not stated,True,,Internship,,Software,"Southfield, Michigan, US",unknown,,,Python; C++; Linux; Git,2026-09-02T00:00:00Z,date_only,2026-09-02T17:54:51Z,https://magna.wd3.myworkdayjobs.com/Magna/job/Southfield-Michigan-US/Intern---Engineering-Software_R00258617
McKesson,Software Engineer Intern - Summer 2027,Summer 2027,False,,Internship,,Software,"USA, CO, Longmont",unknown,147,,Python; Java; C++; C#; Git,2026-09-02T00:00:00Z,date_only,2026-09-03T04:00:34Z,https://mckesson.wd3.myworkdayjobs.com/External_Careers/job/USA-CO-Longmont/Software-Engineer-Intern---Summer-2027_JR0152469
McKesson,Software Engineer Intern - Summer 2027,Summer 2027,False,,Internship,,Software,"USA, CO, Longmont",unknown,147,,Python; C#; SQL; Git; PostgreSQL,2026-09-02T00:00:00Z,date_only,2026-09-03T04:00:34Z,https://mckesson.wd3.myworkdayjobs.com/External_Careers/job/USA-CO-Longmont/Software-Engineer-Intern---Summer-2027_JR0152742
McKesson,Software Installation & IT Support Intern - Summer 2027,Summer 2027,False,,Internship,,Software,"USA, CO, Longmont",unknown,147,,,2026-09-02T00:00:00Z,date_only,2026-09-03T04:00:34Z,https://mckesson.wd3.myworkdayjobs.com/External_Careers/job/USA-CO-Longmont/Software-Installation---IT-Support-Intern---Summer-2027_JR0152304
McKesson,Data Analyst Intern - Summer 2027,Summer 2027,False,,Internship,,Data & ML/AI,"USA, OH, Columbus",unknown,147,,SQL; Tableau,2026-09-02T00:00:00Z,date_only,2026-09-03T04:00:34Z,https://mckesson.wd3.myworkdayjobs.com/External_Careers/job/USA-OH-Columbus/Data-Analyst-Intern---Summer-2027_JR0150844
McKesson,Software Development Intern - Summer 2027,Summer 2027,False,,Internship,,Software,"USA, TX, Irving",unknown,147,,Python; Java; C#,2026-09-02T00:00:00Z,date_only,2026-09-03T04:00:34Z,https://mckesson.wd3.myworkdayjobs.com/External_Careers/job/USA-TX-Irving/Software-Development-Intern---Summer-2027_JR0152635
Northrop Grumman,2027 Software Engineer Intern - Linthicum Maryland,Summer 2027,False,,Internship,,Software,United States-Maryland-Linthicum,citizens-only,,,,2026-09-02T00:00:00Z,date_only,2026-09-02T17:54:51Z,https://ngc.wd1.myworkdayjobs.com/Northrop_Grumman_External_Site/job/United-States-Maryland-Linthicum/XMLNAME-2027-Software-Engineer-Intern---Linthicum-Maryland_R10248910
Niagara Bottling,Manufacturing Intern - Allentown,Not stated,True,,Internship,,Hardware,"Allentown - Allentown, PA",unknown,104,,,2026-09-02T00:00:00Z,date_only,2026-09-02T23:18:47Z,https://niagarawater.wd5.myworkdayjobs.com/niagara/job/Allentown---Allentown-PA/Manufacturing-Intern---Allentown_R56046
Niagara Bottling,Manufacturing Intern - Allentown,Not stated,True,,Internship,,Hardware,"Allentown - Allentown, PA",unknown,104,,,2026-09-02T00:00:00Z,date_only,2026-09-02T23:18:47Z,https://niagarawater.wd5.myworkdayjobs.com/niagara/job/Allentown---Allentown-PA/Manufacturing-Intern---Allentown_R56047
Niagara Bottling,Manufacturing Intern - Atlanta,Not stated,True,,Internship,,Hardware,"Atlanta - Newnan, GA",unknown,104,,,2026-09-02T00:00:00Z,date_only,2026-09-02T23:18:47Z,https://niagarawater.wd5.myworkdayjobs.com/niagara/job/Atlanta---Newnan-GA/Manufacturing-Intern---Atlanta_R56048
Niagara Bottling,Manufacturing Intern - Atlanta,Not stated,True,,Internship,,Hardware,"Atlanta - Newnan, GA",unknown,104,,,2026-09-02T00:00:00Z,date_only,2026-09-02T23:18:47Z,https://niagarawater.wd5.myworkdayjobs.com/niagara/job/Atlanta---Newnan-GA/Manufacturing-Intern---Atlanta_R56049
Niagara Bottling,Manufacturing Intern - Baytown,Not stated,True,,Internship,,Hardware,"Baytown - Baytown, TX",unknown,104,,,2026-09-02T00:00:00Z,date_only,2026-09-02T23:18:47Z,https://niagarawater.wd5.myworkdayjobs.com/niagara/job/Baytown---Baytown-TX/Manufacturing-Intern---Baytown_R56050
Niagara Bottling,Manufacturing Intern - Baytown,Not stated,True,,Internship,,Hardware,"Baytown - Baytown, TX",unknown,104,,,2026-09-02T00:00:00Z,date_only,2026-09-02T23:18:47Z,https://niagarawater.wd5.myworkdayjobs.com/niagara/job/Baytown---Baytown-TX/Manufacturing-Intern---Baytown_R56051
Niagara Bottling,Manufacturing Intern - Carolina,Not stated,True,,Internship,,Hardware,"Carolina - Carolina, SC",unknown,104,,,2026-09-02T00:00:00Z,date_only,2026-09-02T23:18:47Z,https://niagarawater.wd5.myworkdayjobs.com/niagara/job/Carolina---Carolina-SC/Manufacturing-Intern---Carolina_R56052
Niagara Bottling,Manufacturing Intern - Cincinnati,Not stated,True,,Internship,,Hardware,"Cincinnati - Elsmere, KY",unknown,104,,,2026-09-02T00:00:00Z,date_only,2026-09-02T23:18:47Z,https://niagarawater.wd5.myworkdayjobs.com/niagara/job/Cincinnati---Elsmere-KY/Manufacturing-Intern---Cincinnati_R56053
Niagara Bottling,Manufacturing Intern - Dallas,Not stated,True,,Internship,,Hardware,"Dallas - Dallas, TX",unknown,104,,,2026-09-02T00:00:00Z,date_only,2026-09-02T23:18:47Z,https://niagarawater.wd5.myworkdayjobs.com/niagara/job/Dallas---Dallas-TX/Manufacturing-Intern---Dallas_R56054
Niagara Bottling,Manufacturing Intern - Hazleton,Not stated,True,,Internship,,Hardware,"Hazleton - Hazle Township, PA",unknown,104,,,2026-09-02T00:00:00Z,date_only,2026-09-02T23:18:47Z,https://niagarawater.wd5.myworkdayjobs.com/niagara/job/Hazleton---Hazle-Township-PA/Manufacturing-Intern---Hazleton_R56056
Niagara Bottling,Manufacturing Intern - Jacksonville,Not stated,True,,Internship,,Hardware,"Jacksonville - Middleburg, FL",unknown,104,,,2026-09-02T00:00:00Z,date_only,2026-09-02T23:18:47Z,https://niagarawater.wd5.myworkdayjobs.com/niagara/job/Jacksonville---Middleburg-FL/Manufacturing-Intern---Jacksonville_R56057
Niagara Bottling,Manufacturing Intern - Jacksonville,Not stated,True,,Internship,,Hardware,"Jacksonville - Middleburg, FL",unknown,104,,,2026-09-02T00:00:00Z,date_only,2026-09-02T23:18:47Z,https://niagarawater.wd5.myworkdayjobs.com/niagara/job/Jacksonville---Middleburg-FL/Manufacturing-Intern---Jacksonville_R56058
Niagara Bottling,Manufacturing Intern - Kansas City,Not stated,True,,Internship,,Hardware,"KNC - Kansas City, MO",unknown,104,,,2026-09-02T00:00:00Z,date_only,2026-09-02T23:18:47Z,https://niagarawater.wd5.myworkdayjobs.com/niagara/job/KNC---Kansas-City-MO/Manufacturing-Intern---Kansas-City_R56059
Niagara Bottling,Manufacturing Intern - Kansas City 2,Not stated,True,,Internship,,Hardware,"Kansas City 2 - Kansas City, MO",unknown,104,,,2026-09-02T00:00:00Z,date_only,2026-09-02T23:18:47Z,https://niagarawater.wd5.myworkdayjobs.com/niagara/job/Kansas-City-2---Kansas-City-MO/Manufacturing-Intern---Kansas-City-2_R56060
Niagara Bottling,Manufacturing Intern - Kenosha,Not stated,True,,Internship,,Hardware,"Kenosha - Pleasant Prairie, WI",unknown,104,,,2026-09-02T00:00:00Z,date_only,2026-09-02T23:18:47Z,https://niagarawater.wd5.myworkdayjobs.com/niagara/job/Kenosha---Pleasant-Prairie-WI/Manufacturing-Intern---Kenosha_R56061
Niagara Bottling,Manufacturing Intern - Lancaster,Not stated,True,,Internship,,Hardware,"Lancaster - Lancaster, TX",unknown,104,,,2026-09-02T00:00:00Z,date_only,2026-09-02T23:18:47Z,https://niagarawater.wd5.myworkdayjobs.com/niagara/job/Lancaster---Lancaster-TX/Manufacturing-Intern---Lancaster_R56062
Niagara Bottling,Manufacturing Intern - Louisville,Not stated,True,,Internship,,Hardware,"Louisville - Jeffersonville, IN",unknown,104,,,2026-09-02T00:00:00Z,date_only,2026-09-02T23:18:47Z,https://niagarawater.wd5.myworkdayjobs.com/niagara/job/Louisville---Jeffersonville-IN/Manufacturing-Intern---Louisville_R56063
Niagara Bottling,Manufacturing Intern - Mesa,Not stated,True,,Internship,,Hardware,"Mesa - Mesa, AZ",unknown,104,,,2026-09-02T00:00:00Z,date_only,2026-09-02T23:18:47Z,https://niagarawater.wd5.myworkdayjobs.com/niagara/job/Mesa---Mesa-AZ/Manufacturing-Intern---Mesa_R56064
Niagara Bottling,Manufacturing Intern - Miami,Not stated,True,,Internship,,Hardware,"Miami - Jupiter, FL",unknown,104,,,2026-09-02T00:00:00Z,date_only,2026-09-02T23:18:47Z,https://niagarawater.wd5.myworkdayjobs.com/niagara/job/Miami---Jupiter-FL/Manufacturing-Intern---Miami_R56327
Niagara Bottling,Manufacturing Intern - Pittsburgh,Not stated,True,,Internship,,Hardware,"Pittsburgh - Pittsburgh, PA",unknown,104,,,2026-09-02T00:00:00Z,date_only,2026-09-02T23:18:47Z,https://niagarawater.wd5.myworkdayjobs.com/niagara/job/Pittsburgh---Pittsburgh-PA/Manufacturing-Intern---Pittsburgh_R56067
Niagara Bottling,Manufacturing Intern - Rialto,Not stated,True,,Internship,,Hardware,"Rialto - Rialto, CA",unknown,104,,,2026-09-02T00:00:00Z,date_only,2026-09-02T23:18:47Z,https://niagarawater.wd5.myworkdayjobs.com/niagara/job/Rialto---Rialto-CA/Manufacturing-Intern---Rialto_R56068
Niagara Bottling,Manufacturing Intern - Stockton 3,Not stated,True,,Internship,,Hardware,"Stockton - Stockton, CA",unknown,104,,,2026-09-02T00:00:00Z,date_only,2026-09-02T23:18:47Z,https://niagarawater.wd5.myworkdayjobs.com/niagara/job/Stockton---Stockton-CA/Manufacturing-Intern---Stockton-3_R56070
Niagara Bottling,Manufacturing Intern - Stockton 4,Not stated,True,,Internship,,Hardware,"Stockton 4 - Stockton, CA",unknown,104,,,2026-09-02T00:00:00Z,date_only,2026-09-02T23:18:47Z,https://niagarawater.wd5.myworkdayjobs.com/niagara/job/Stockton-4---Stockton-CA/Manufacturing-Intern---Stockton-4_R56071
Niagara Bottling,Manufacturing Intern - Stockton 4,Not stated,True,,Internship,,Hardware,"Stockton 4 - Stockton, CA",unknown,104,,,2026-09-02T00:00:00Z,date_only,2026-09-02T23:18:47Z,https://niagarawater.wd5.myworkdayjobs.com/niagara/job/Stockton-4---Stockton-CA/Manufacturing-Intern---Stockton-4_R56072
Niagara Bottling,Manufacturing Intern - Tacoma,Not stated,True,,Internship,,Hardware,"Tacoma - Puyallup, WA",unknown,104,,,2026-09-02T00:00:00Z,date_only,2026-09-02T23:18:47Z,https://niagarawater.wd5.myworkdayjobs.com/niagara/job/Tacoma---Puyallup-WA/Manufacturing-Intern---Tacoma_R56073
Philips,"Co-op - Software Development Engineer (Automation) – Cambridge, MA – Fall 2026",Fall 2026,False,,Co-op,,Software,"Cambridge (US), Massachusetts, United States",unknown,,,Python; Java; C#; Azure; Git,2026-09-02T00:00:00Z,date_only,2026-09-02T17:54:51Z,https://philips.wd3.myworkdayjobs.com/jobs-and-careers/job/Cambridge-US-Massachusetts-United-States/Co-op---Software-Development-Engineer--Automation----Cambridge--MA---Fall-2026_590708
Stryker,Manufacturing Engineering Intern,Not stated,True,,Internship,,Hardware,"Cary, Illinois",unknown,104,,,2026-09-02T00:00:00Z,date_only,2026-09-03T04:00:34Z,https://stryker.wd1.myworkdayjobs.com/StrykerCareers/job/Cary-Illinois/Manufacturing-Engineering-Intern_R572922
Stryker,"Commercial Operations Software Engineering Intern - Flower Mound, TX",Not stated,True,,Internship,,Software,"Flower Mound, Texas",unknown,104,,,2026-09-02T00:00:00Z,date_only,2026-09-02T17:54:51Z,https://stryker.wd1.myworkdayjobs.com/StrykerCareers/job/Flower-Mound-Texas/Commercial-Operations-Software-Engineering-Intern---Flower-Mound--TX_R572941
Stryker,Manufacturing Engineering Intern,Not stated,True,,Internship,,Hardware,"Redmond, Washington",unknown,104,,,2026-09-02T00:00:00Z,date_only,2026-09-03T04:00:34Z,https://stryker.wd1.myworkdayjobs.com/StrykerCareers/job/Redmond-Washington/Manufacturing-Engineering-Intern_R572846
Stryker,Manufacturing Engineering Intern,Not stated,True,,Internship,,Hardware,"San Jose, California",unknown,104,,,2026-09-02T00:00:00Z,date_only,2026-09-02T23:18:47Z,https://stryker.wd1.myworkdayjobs.com/StrykerCareers/job/San-Jose-California/Manufacturing-Engineering-Intern_R572749-1
Valmont,Civil/Structural Engineering Intern,Not stated,True,,Internship,,Hardware,Tuscaloosa AL,unknown,12,,,2026-09-02T00:00:00Z,date_only,2026-09-02T17:54:51Z,https://valmont.wd1.myworkdayjobs.com/ValmontCareers/job/Tuscaloosa-AL/Civil-Structural-Engineering-Intern_R28717
Dynamic Catholic,Internship - Front-End UX Intern,Not stated,True,,Internship,,Other,"Erlanger, Kentucky",no-sponsorship,,,JavaScript,2026-09-02T18:00:46Z,exact,2026-09-03T13:35:54Z,https://jobs.lever.co/dynamiccatholic/603f082e-07c8-4b1c-ac09-8963c51229ad
Dynamic Catholic,Internship - Software Developer - Commerce Cloud,Not stated,True,,Internship,,Software,"Erlanger, Kentucky",unknown,,,JavaScript,2026-09-02T20:55:13Z,exact,2026-09-03T13:35:54Z,https://jobs.lever.co/dynamiccatholic/e94fa581-892c-4958-9515-0221f862ce57
Valon,Software Engineer Intern,Not stated,True,,Internship,,Software,New York,unknown,2,$60/hr,Python; React; GCP; Kubernetes; Docker,2026-09-01T21:01:57.937+00:00,exact,2026-09-01T23:17:22Z,https://jobs.ashbyhq.com/valon/b5a62c0c-823c-42dd-8cb5-e4b1455bcc64
Eulerity,Backend Developer Intern,Not stated,True,,Internship,,Software,"New York, New York",unknown,,$17–$19/hr,Java; LLMs; Git,2026-09-01T17:08:29-04:00,exact,2026-09-01T23:17:22Z,https://job-boards.greenhouse.io/eulerity/jobs/4709040006
General Matter,Summer 2027 Internship - Mechanical Engineering (HVAC),Summer 2027,False,,Internship,,Hardware,"Los Angeles, CA",unknown,,$30–$40/hr,Python; C#; Airflow,2026-09-01T13:38:09-04:00,exact,2026-09-01T17:51:20Z,https://job-boards.greenhouse.io/generalmatter/jobs/5377104008
HP IQ,"Software Engineering Intern, Connectivity (Summer 2027)",Summer 2027,False,,Internship,,Software,"San Francisco, CA",unknown,,$45–$51/hr,Python; C++,2026-09-01T14:25:44-04:00,exact,2026-09-01T20:59:17Z,https://job-boards.greenhouse.io/hpiq/jobs/6176783004
Olsson,Structural Engineering Internship - Facilities,Not stated,True,,Internship,,Hardware,"Omaha, NE",unknown,2,,,2026-09-01T09:00:01-04:00,exact,2026-09-01T13:28:09Z,https://job-boards.greenhouse.io/olsson/jobs/5394118008
Olsson,Mechanical Engineering Internship - Healthcare Facilities,Not stated,True,,Internship,,Hardware,"Dallas, TX; Fort Worth, TX",unknown,2,,,2026-09-01T09:00:01-04:00,exact,2026-09-01T13:28:09Z,https://job-boards.greenhouse.io/olsson/jobs/5394239008
Olsson,Mechanical Engineering Internship - Healthcare Facilities,Not stated,True,,Internship,,Hardware,"Omaha, NE",unknown,2,,,2026-09-01T09:00:01-04:00,exact,2026-09-01T13:28:09Z,https://job-boards.greenhouse.io/olsson/jobs/5394243008
Olsson,Mechanical Engineering Internship - Facilities,Not stated,True,,Internship,,Hardware,"Oklahoma City, OK",unknown,2,,,2026-09-01T09:00:01-04:00,exact,2026-09-01T13:28:09Z,https://job-boards.greenhouse.io/olsson/jobs/5394246008
Hermeus,Software Engineering Intern (Modeling & Simulation) - Spring/Summer 2027,Summer 2027,False,,Internship,,Software,"Los Angeles, CA",citizens-only,,25–33 USD/hr,Python; C++; MATLAB,2026-09-01T18:28:54Z,exact,2026-09-01T20:59:17Z,https://jobs.lever.co/hermeus/445db430-6f81-41cf-847a-56a947afb936
Hermeus,Software Engineering Intern (HIL) - Spring/Summer 2027,Summer 2027,False,,Internship,,Software,"Atlanta, GA",citizens-only,,25–33 USD/hr,Python; C++; MATLAB,2026-09-01T15:30:22Z,exact,2026-09-01T20:59:17Z,https://jobs.lever.co/hermeus/d87ed913-affc-475e-b721-c5b5f11c3c7b
Texas Instruments,IT Infrastructure Intern - Summer 2027,Summer 2027,False,,Internship,,Software,"Pella, IA, United States",unknown,234,$27.25/hr,LLMs,2026-09-01,date_only,2026-09-01T13:28:09Z,https://ebgj.fa.us2.oraclecloud.com/hcmUI/CandidateExperience/en/sites/CX_1/job/253297
Texas Instruments,Software Intern - Summer 2027,Summer 2027,False,,Internship,,Software,"Pella, IA, United States",unknown,234,$27.25/hr,Python; Java; C++; JavaScript; LLMs; Git,2026-09-01,date_only,2026-09-01T13:28:09Z,https://ebgj.fa.us2.oraclecloud.com/hcmUI/CandidateExperience/en/sites/CX_1/job/253299
Texas Instruments,Data Engineer Intern - Summer 2027,Summer 2027,False,,Internship,,Data & ML/AI,"Pella, IA, United States",unknown,234,$29/hr,Python; SQL; LLMs; Git,2026-09-01,date_only,2026-09-01T13:28:09Z,https://ebgj.fa.us2.oraclecloud.com/hcmUI/CandidateExperience/en/sites/CX_1/job/253304
Michael Baker International,Bridge Structural Intern,Summer 2027,False,,Internship,,Hardware,"Chicago, IL, United States",unknown,42,$22–$26/hr,,2026-09-01,date_only,2026-09-01T17:51:20Z,https://ebxs.fa.us2.oraclecloud.com/hcmUI/CandidateExperience/en/sites/CX_2/job/309794
Emerson Electric,AI Engineering Co-Op,Not stated,True,,Co-op,,Data & ML/AI,"Marshalltown, IA, United States",unknown,8,,Python; LLMs; Git,2026-09-01,date_only,2026-09-01T01:15:27Z,https://hdjq.fa.us2.oraclecloud.com/hcmUI/CandidateExperience/en/sites/CX_1/job/26007510
Emerson Electric,Software Engineering Co-Op,Not stated,True,,Co-op,,Software,"Marshalltown, IA, United States",unknown,8,,Java; JavaScript; SQL,2026-09-01,date_only,2026-09-01T01:15:27Z,https://hdjq.fa.us2.oraclecloud.com/hcmUI/CandidateExperience/en/sites/CX_1/job/26008442
Emerson Electric,Embedded Software Co-Op,Not stated,True,,Co-op,,Software,"Marshalltown, IA, United States",unknown,8,,C++; C#,2026-09-01,date_only,2026-09-01T01:15:27Z,https://hdjq.fa.us2.oraclecloud.com/hcmUI/CandidateExperience/en/sites/CX_1/job/26008443
Emerson Electric,Firmware Engineer Co-Op,Not stated,True,,Co-op,,Hardware,"Marshalltown, IA, United States",unknown,8,,C++; Azure; Git,2026-09-01,date_only,2026-09-01T01:15:27Z,https://hdjq.fa.us2.oraclecloud.com/hcmUI/CandidateExperience/en/sites/CX_1/job/26008761
Emerson Electric,Machine Learning R&D Co-Op,Not stated,True,,Co-op,,Data & ML/AI,"Marshalltown, IA, United States",unknown,8,,Python; MATLAB; PyTorch; TensorFlow; scikit-learn; Pandas,2026-09-01,date_only,2026-09-01T01:15:27Z,https://hdjq.fa.us2.oraclecloud.com/hcmUI/CandidateExperience/en/sites/CX_1/job/26008762
Emerson Electric,Materials Engineer Co-Op,Not stated,True,,Co-op,,Hardware,"Marshalltown, IA, United States",unknown,8,,,2026-09-01,date_only,2026-09-01T01:15:27Z,https://hdjq.fa.us2.oraclecloud.com/hcmUI/CandidateExperience/en/sites/CX_1/job/26008778
Emerson Electric,Manufacturing Engineering Co-Op,Not stated,True,,Co-op,,Hardware,"Marshalltown, IA, United States",unknown,8,,,2026-09-01,date_only,2026-09-01T01:15:27Z,https://hdjq.fa.us2.oraclecloud.com/hcmUI/CandidateExperience/en/sites/CX_1/job/26009034
Emerson Electric,Additive Manufacturing Co-op,Not stated,True,,Co-op,,Hardware,"Marshalltown, IA, United States",unknown,8,,,2026-09-01,date_only,2026-09-01T01:15:27Z,https://hdjq.fa.us2.oraclecloud.com/hcmUI/CandidateExperience/en/sites/CX_1/job/26009196
Emerson Electric,Data Analyst Co-Op,Not stated,True,,Co-op,,Data & ML/AI,"Marshalltown, IA, United States",unknown,8,,Python; Java; C++; C#; SQL,2026-09-01,date_only,2026-09-01T01:15:27Z,https://hdjq.fa.us2.oraclecloud.com/hcmUI/CandidateExperience/en/sites/CX_1/job/26009200
Emerson Electric,Manufacturing and Machining Co-Op,Not stated,True,,Co-op,,Hardware,"Marshalltown, IA, United States",unknown,8,,,2026-09-01,date_only,2026-09-01T01:15:27Z,https://hdjq.fa.us2.oraclecloud.com/hcmUI/CandidateExperience/en/sites/CX_1/job/26010175
AECOM,Structural Engineering Intern - Hiring Event with AECOM - Philadelphia,Not stated,True,,Internship,,Hardware,"Conshohocken, PA, United States",citizens-only,246,,,2026-09-01T01:26:50.382Z,exact,2026-09-01T07:41:38Z,https://jobs.smartrecruiters.com/AECOM2/744000146596391
Altera Corporation,Graduate Intern - Engineering Infrastructure,Not stated,True,,Internship,,Software,"San Jose, California, United States",unknown,11,,Python; AWS; Terraform; Linux,2026-09-01T00:00:00Z,date_only,2026-09-02T04:02:54Z,https://altera.wd1.myworkdayjobs.com/altera/job/San-Jose-California-United-States/Graduate-Intern---Engineering-Infrastructure_R03066
Avav,Software Engineering Intern,Not stated,True,,Internship,,Software,"Sunrise, FL",citizens-only,,,Python; Java; C++; JavaScript,2026-09-01T00:00:00Z,date_only,2026-09-01T20:59:17Z,https://avav.wd1.myworkdayjobs.com/avav/job/Sunrise-FL/Software-Engineering-Intern_8589
Booz Allen,"University - 2027 Summer Games, Data Scientist Intern - Honolulu, HI",Summer 2027,False,,Internship,,Data & ML/AI,"Honolulu, HI",citizens-only,38,$141k/yr,,2026-09-01T00:00:00Z,date_only,2026-09-01T17:51:20Z,https://bah.wd1.myworkdayjobs.com/bah_jobs/job/Honolulu-HI/University---2027-Summer-Games--Data-Scientist-Intern---Honolulu--HI_R0248406
Booz Allen,"University - 2027 Summer Games Cyber Security Intern - Honolulu, HI",Summer 2027,False,,Internship,,Security,"Honolulu, HI",citizens-only,38,$108k/yr,Linux,2026-09-01T00:00:00Z,date_only,2026-09-01T17:51:20Z,https://bah.wd1.myworkdayjobs.com/bah_jobs/job/Honolulu-HI/University---2027-Summer-Games-Cyber-Security-Intern---Honolulu--HI_R0248411
Booz Allen,"University - 2027 Summer Games Software Developer Intern - Honolulu, HI",Summer 2027,False,,Internship,,Software,"Honolulu, HI",citizens-only,38,$108k/yr,Python; Java; C++; JavaScript,2026-09-01T00:00:00Z,date_only,2026-09-01T17:51:20Z,https://bah.wd1.myworkdayjobs.com/bah_jobs/job/Honolulu-HI/University---2027-Summer-Games-Software-Developer-Intern---Honolulu--HI_R0248393
Booz Allen,"University - 2027 Summer Games Cyber Security Intern - Huntsville, AL",Summer 2027,False,,Internship,,Security,"Huntsville, AL",citizens-only,38,$108k/yr,Linux,2026-09-01T00:00:00Z,date_only,2026-09-01T17:51:20Z,https://bah.wd1.myworkdayjobs.com/bah_jobs/job/Huntsville-AL/University---2027-Summer-Games-Cyber-Security-Intern---Huntsville--AL_R0248412
Booz Allen,"University - 2027 Summer Games Data Scientist Intern - Huntsville, AL",Summer 2027,False,,Internship,,Data & ML/AI,"Huntsville, AL",citizens-only,38,$141k/yr,,2026-09-01T00:00:00Z,date_only,2026-09-01T17:51:20Z,https://bah.wd1.myworkdayjobs.com/bah_jobs/job/Huntsville-AL/University---2027-Summer-Games-Data-Scientist-Intern---Huntsville--AL_R0248407
Booz Allen,"University - 2027 Summer Games Software Developer Intern - Huntsville, AL",Summer 2027,False,,Internship,,Software,"Huntsville, AL",citizens-only,38,$108k/yr,Python; Java; C++; JavaScript,2026-09-01T00:00:00Z,date_only,2026-09-01T17:51:20Z,https://bah.wd1.myworkdayjobs.com/bah_jobs/job/Huntsville-AL/University---2027-Summer-Games-Software-Developer-Intern---Huntsville--AL_R0248394
Brunswick,Mercury Marine: Materials Engineering Co-op,Not stated,True,,Co-op,,Hardware,"Fond du Lac, WI",unknown,54,$18–$27.5/hr,,2026-09-01T00:00:00Z,date_only,2026-09-01T13:28:09Z,https://brunswick.wd1.myworkdayjobs.com/search/job/Fond-du-Lac-WI/Mercury-Marine--Materials-Engineering-Co-op_JR-051139
Brunswick,Mercury Marine: Mechatronics Intern,Not stated,True,,Internship,,Hardware,"Fond du Lac, WI",unknown,54,$18–$27.5/hr,Python; MATLAB,2026-09-01T00:00:00Z,date_only,2026-09-01T23:17:22Z,https://brunswick.wd1.myworkdayjobs.com/search/job/Fond-du-Lac-WI/Mercury-Marine--Mechatronics-Intern_JR-051269
CAE,Mechanical Engineering Intern,Not stated,True,,Internship,,Hardware,"Arlington, TX",citizens-only,,,,2026-09-01T00:00:00Z,date_only,2026-09-01T13:28:09Z,https://cae.wd3.myworkdayjobs.com/career/job/Arlington-TX/Mechanical-Engineering-Intern_123480
Clarios,IT Digital/AI Intern (Summer 2027),Summer 2027,False,,Internship,,Data & ML/AI,"United States, Wisconsin, Milwaukee",no-sponsorship,18,,,2026-09-01T00:00:00Z,date_only,2026-09-01T17:51:20Z,https://clarios.wd5.myworkdayjobs.com/clarioscareers/job/United-States-Wisconsin-Milwaukee/IT-Digital-AI-Intern--Summer-2027-_WD49910
CWAN,Product Management Intern,Not stated,True,,Internship,,Software,Office - New York,unknown,,,Python; SQL,2026-09-01T00:00:00Z,date_only,2026-09-01T23:17:22Z,https://clearwateranalytics.wd1.myworkdayjobs.com/Clearwater_Analytics_Careers/job/Office---New-York/Product-Management-Intern_R12200
CWAN,Quant Developer Intern,Not stated,True,,Internship,,Quant,Office - New York,unknown,,,Java,2026-09-01T00:00:00Z,date_only,2026-09-01T23:17:22Z,https://clearwateranalytics.wd1.myworkdayjobs.com/Clearwater_Analytics_Careers/job/Office---New-York/Quant-Developer-Intern_R12182
CWAN,Quant Developer Intern,Not stated,True,,Internship,,Quant,Office - New York,unknown,,,Java,2026-09-01T00:00:00Z,date_only,2026-09-01T23:17:22Z,https://clearwateranalytics.wd1.myworkdayjobs.com/Clearwater_Analytics_Careers/job/Office---New-York/Quant-Developer-Intern_R12183
CWAN,Quant Developer Intern,Not stated,True,,Internship,,Quant,Office - New York,unknown,,,Java,2026-09-01T00:00:00Z,date_only,2026-09-01T23:17:22Z,https://clearwateranalytics.wd1.myworkdayjobs.com/Clearwater_Analytics_Careers/job/Office---New-York/Quant-Developer-Intern_R12184
CWAN,Quant Developer Intern,Not stated,True,,Internship,,Quant,Office - New York,unknown,,,Java,2026-09-01T00:00:00Z,date_only,2026-09-01T23:17:22Z,https://clearwateranalytics.wd1.myworkdayjobs.com/Clearwater_Analytics_Careers/job/Office---New-York/Quant-Developer-Intern_R12185
CWAN,Technical Product Management Intern,Not stated,True,,Internship,,Software,Office - New York,unknown,,,Java,2026-09-01T00:00:00Z,date_only,2026-09-01T23:17:22Z,https://clearwateranalytics.wd1.myworkdayjobs.com/Clearwater_Analytics_Careers/job/Office---New-York/Technical-Product-Management-Intern_R12058
CWAN,Technical Product Management Intern,Not stated,True,,Internship,,Software,Office - New York,unknown,,,Python; SQL,2026-09-01T00:00:00Z,date_only,2026-09-01T23:17:22Z,https://clearwateranalytics.wd1.myworkdayjobs.com/Clearwater_Analytics_Careers/job/Office---New-York/Technical-Product-Management-Intern_R12094
CWAN,Technical Product Management Intern,Not stated,True,,Internship,,Software,Office - New York,unknown,,,Python; SQL,2026-09-01T00:00:00Z,date_only,2026-09-01T23:17:22Z,https://clearwateranalytics.wd1.myworkdayjobs.com/Clearwater_Analytics_Careers/job/Office---New-York/Technical-Product-Management-Intern_R12198
Teledyne,EADSIM Software Engineering Intern (Summer 2027),Summer 2027,False,,Internship,,Software,"US - Huntsville, AL",citizens-only,5,,Python; C++; Git,2026-09-01T00:00:00Z,date_only,2026-09-01T17:51:20Z,https://flir.wd1.myworkdayjobs.com/flircareers/job/US---Huntsville-AL/EADSIM-Software-Engineering-Intern--Summer-2027-_REQ36667
First National Bank,Summer 2027 AI/ML Modeler Intern,Summer 2027,False,,Internship,,Data & ML/AI,"Pittsburgh, PA",no-sponsorship,39,,Python; SQL; scikit-learn; Pandas; Docker; Git,2026-09-01T00:00:00Z,date_only,2026-09-01T20:59:17Z,https://fnbcorp.wd501.myworkdayjobs.com/FNBCORP/job/Pittsburgh-PA/Summer-2027-AI-ML-Modeler-Intern_2026-01851
General Motors,2027 Summer Intern – Global Manufacturing Electrical & SDV,Summer 2027,False,,Internship,,Hardware,"Warren, Michigan, United States of America",unknown,928,,C++; Linux,2026-09-01T00:00:00Z,date_only,2026-09-01T23:17:22Z,https://generalmotors.wd5.myworkdayjobs.com/Careers_GM/job/Warren-Michigan-United-States-of-America/XMLNAME-2027-Summer-Intern---Global-Manufacturing-Electrical---SDV_JR-202619352
General Motors,2027 Summer Intern - Manufacturing Engineering— Global Propulsion Systems,Summer 2027,False,,Internship,,Hardware,"Warren, Michigan, United States of America",unknown,928,,Python; MATLAB,2026-09-01T00:00:00Z,date_only,2026-09-01T23:17:22Z,https://generalmotors.wd5.myworkdayjobs.com/Careers_GM/job/Warren-Michigan-United-States-of-America/XMLNAME-2027-Summer-Intern---Manufacturing-Engineering--Global-Propulsion-Systems_JR-202619351
General Motors,2027 Summer Intern – Manufacturing Engineering General Assembly,Summer 2027,False,,Internship,,Hardware,"Warren, Michigan, United States of America",unknown,928,,,2026-09-01T00:00:00Z,date_only,2026-09-01T23:17:22Z,https://generalmotors.wd5.myworkdayjobs.com/Careers_GM/job/Warren-Michigan-United-States-of-America/XMLNAME-2027-Summer-Intern---Manufacturing-Engineering-General-Assembly_JR-202619346
General Motors,2027 Summer Intern – Manufacturing Engineering Global Automation,Summer 2027,False,,Internship,,Hardware,"Warren, Michigan, United States of America",unknown,928,,,2026-09-01T00:00:00Z,date_only,2026-09-01T23:17:22Z,https://generalmotors.wd5.myworkdayjobs.com/Careers_GM/job/Warren-Michigan-United-States-of-America/XMLNAME-2027-Summer-Intern---Manufacturing-Engineering-Global-Automation_JR-202619348
Greenheck Group,Manufacturing Operations Co-op (WI),Not stated,True,,Co-op,,Hardware,"Schofield, WI",unknown,,$20/hr,,2026-09-01T00:00:00Z,date_only,2026-09-01T20:59:17Z,https://greenheckgroup.wd5.myworkdayjobs.com/external/job/Schofield-WI/Manufacturing-Operations-Co-op--WI-_JR104525
United Parcel Service (UPS),2027 Industrial Engineering Summer Intern - Chicago IL,Summer 2027,False,,Internship,,Hardware,US - JEFFERSON HUB (ILJEF),citizens-only,,$16–$33.44/hr,,2026-09-01T00:00:00Z,date_only,2026-09-01T23:17:22Z,https://hcmportal.wd5.myworkdayjobs.com/Search/job/US---JEFFERSON-HUB-ILJEF/XMLNAME-2027-Industrial-Engineering-Summer-Intern---Chicago-IL_R26030597
IAT Insurance Group,Cyber Security Internship,Summer 2027,False,,Internship,,Security,Raleigh NC,no-sponsorship,,,,2026-09-01T00:00:00Z,date_only,2026-09-02T13:37:12Z,https://iatinsurancegroup.wd1.myworkdayjobs.com/iat/job/Raleigh-NC/Cyber-Security-Internship_JR100410
Ingredion,AI & Data Scientist Intern,Not stated,True,,Internship,,Data & ML/AI,"Westchester, IL",unknown,4,$20–$25/hr,SQL; PyTorch; TensorFlow; scikit-learn; AWS; GCP; Azure; Hadoop,2026-09-01T00:00:00Z,date_only,2026-09-02T13:37:12Z,https://ingredion.wd1.myworkdayjobs.com/IngredionCareers/job/Westchester-IL/AI---Data-Scientist-Intern_Req-40007-1
Johnson & Johnson,"Data Science Co-Op, Summer 2027",Summer 2027,False,,Co-op,,Data & ML/AI,"Cincinnati, Ohio, United States of America",unknown,8,$23.5/hr,Python; SQL; scikit-learn; Pandas; Git; Spark; Tableau,2026-09-01T00:00:00Z,date_only,2026-09-01T17:51:20Z,https://jj.wd5.myworkdayjobs.com/JJ/job/Cincinnati-Ohio-United-States-of-America/Data-Science-Co-Op--Summer-2027_R-096746
Johnson & Johnson,Software Engineering Co-Op. Summer 2027,Summer 2027,False,,Co-op,,Software,"Cincinnati, Ohio, United States of America",unknown,8,$23.5/hr,Python; C++; Linux,2026-09-01T00:00:00Z,date_only,2026-09-01T20:59:17Z,https://jj.wd5.myworkdayjobs.com/JJ/job/Cincinnati-Ohio-United-States-of-America/Software-Engineering-Co-Op-Summer-2027_R-096743
Mondelez International,Manufacturing Intern– Process Engineering,Not stated,True,,Internship,,Hardware,"East Hanover, New Jersey, United States",unknown,,,,2026-09-01T00:00:00Z,date_only,2026-09-01T17:51:20Z,https://wd3.myworkdaysite.com/recruiting/mdlz/External/job/East-Hanover-New-Jersey-United-States/Manufacturing-Intern--Process-Engineering_R-175409
Mondelez International,"Manufacturing- Process Engineering Co-Op(For Naperville, IL Local Candidates Only)",Summer 2027,False,,Co-op,,Hardware,"Naperville, Illinois, United States",unknown,,,,2026-09-01T00:00:00Z,date_only,2026-09-01T20:59:17Z,https://wd3.myworkdaysite.com/recruiting/mdlz/External/job/Naperville-Illinois-United-States/Manufacturing--Process-Engineering-Co-Op-For-Naperville--IL-Local-Candidates-Only-_R-176632
Newrez,2027 Summer Internship - Software Developer,Summer 2027,False,,Internship,,Software,"TX, Coppell",unknown,24,,C#; SQL; Git; Tableau,2026-09-01T00:00:00Z,date_only,2026-09-01T17:51:20Z,https://newrez.wd1.myworkdayjobs.com/NRZ/job/TX-Coppell/XMLNAME-2027-Summer-Internship---Software-Developer_R10390
Northrop Grumman,2027 Cybersecurity Analyst Intern -  Boulder CO,Summer 2027,False,,Internship,,Security,United States-Colorado-Boulder,citizens-only,,$22.25–$27.25/hr,,2026-09-01T00:00:00Z,date_only,2026-09-01T17:51:20Z,https://ngc.wd1.myworkdayjobs.com/Northrop_Grumman_External_Site/job/United-States-Colorado-Boulder/XMLNAME-2027-Cybersecurity-Analyst-Intern----Boulder-CO_R10248677
Northrop Grumman,2027 Industrial Engineering Intern,Summer 2027,False,,Internship,,Hardware,United States-Mississippi-Iuka,citizens-only,,$17.5–$31.75/hr,,2026-09-01T00:00:00Z,date_only,2026-09-01T23:17:22Z,https://ngc.wd1.myworkdayjobs.com/Northrop_Grumman_External_Site/job/United-States-Mississippi-Iuka/XMLNAME-2027-Industrial-Engineering-Intern_R10248838
Niagara Bottling,Manufacturing Intern - Temple,Not stated,True,,Internship,,Hardware,"Temple - Temple, TX",unknown,104,,,2026-09-01T00:00:00Z,date_only,2026-09-01T07:41:38Z,https://niagarawater.wd5.myworkdayjobs.com/niagara/job/Temple---Temple-TX/Manufacturing-Intern---Temple_R56074
Northern Trust,Technology Intern – Data Science and Analytics,Not stated,True,,Internship,,Data & ML/AI,"Chicago, IL",no-sponsorship,144,,Python; SQL; LLMs; Tableau,2026-09-01T00:00:00Z,date_only,2026-09-01T20:59:17Z,https://ntrs.wd1.myworkdayjobs.com/northerntrust/job/Chicago-IL/Technology-Intern---Data-Science-and-Analytics_R160865-1
Northern Trust,Technology Intern – Information Security,Not stated,True,,Internship,,Security,"Chicago, IL",no-sponsorship,144,,Python; Java; SQL; LLMs; Azure,2026-09-01T00:00:00Z,date_only,2026-09-01T20:59:17Z,https://ntrs.wd1.myworkdayjobs.com/northerntrust/job/Chicago-IL/Technology-Intern---Information-Security_R160869-1
Northern Trust,Technology Intern – Infrastructure and IT Management,Not stated,True,,Internship,,Software,"Chicago, IL",no-sponsorship,144,,LLMs,2026-09-01T00:00:00Z,date_only,2026-09-01T20:59:17Z,https://ntrs.wd1.myworkdayjobs.com/northerntrust/job/Chicago-IL/Technology-Intern---Infrastructure-and-IT-Management_R160872-1
Northern Trust,Technology Intern – Software Engineering,Not stated,True,,Internship,,Software,"Chicago, IL",no-sponsorship,144,,Python; Java; SQL; LLMs; Azure; Git,2026-09-01T00:00:00Z,date_only,2026-09-01T20:59:17Z,https://ntrs.wd1.myworkdayjobs.com/northerntrust/job/Chicago-IL/Technology-Intern---Software-Engineering_R160832-1
Philips,"Co-op - Software Development Engineer - Cambridge, MA - Jan-Aug 2027",Summer 2027,False,,Co-op,,Software,"Cambridge (US), Massachusetts, United States",unknown,,,Python; Java; C#; AWS; Kubernetes; Docker; Terraform; Linux,2026-09-01T00:00:00Z,date_only,2026-09-01T17:51:20Z,https://philips.wd3.myworkdayjobs.com/jobs-and-careers/job/Cambridge-US-Massachusetts-United-States/Co-op---Software-Development-Engineer---Cambridge--MA---Jan-Aug-2027_590095
Philips,"Co-op – Software Engineer (R&D) – Cambridge, MA – January - August 2027",Summer 2027,False,,Co-op,,Software,"Cambridge (US), Massachusetts, United States",unknown,,,Java; C#; SQL; Angular; Spring; AWS,2026-09-01T00:00:00Z,date_only,2026-09-01T13:28:09Z,https://philips.wd3.myworkdayjobs.com/jobs-and-careers/job/Cambridge-US-Massachusetts-United-States/Co-op---Software-Engineer--R-D----Cambridge--MA---January---August-2027_588891
Philips,"Co-op – Software Engineering (APM) - Cambridge, MA - Jan - Aug 2027",Summer 2027,False,,Co-op,,Software,"Cambridge (US), Massachusetts, United States",unknown,,,C#; JavaScript; SQL; .NET; Linux; Git,2026-09-01T00:00:00Z,date_only,2026-09-01T17:51:20Z,https://philips.wd3.myworkdayjobs.com/jobs-and-careers/job/Cambridge-US-Massachusetts-United-States/Co-op---Software-Engineering--APM----Cambridge--MA---Jan---Aug-2027_590097
Philips,"Co-op-Manufacturing Engineering-Murrysville, PA-January-June 2027",Summer 2027,False,,Co-op,,Hardware,"Murrysville, Pennsylvania, United States",unknown,,,Python,2026-09-01T00:00:00Z,date_only,2026-09-01T17:51:20Z,https://philips.wd3.myworkdayjobs.com/jobs-and-careers/job/Murrysville-Pennsylvania-United-States/Co-op-Manufacturing-Engineering-Murrysville--PA-January-June-2027_580754
Philips,"Co-op-Manufacturing Engineering-Reedsville, PA, July - December 2027",Summer 2027,False,,Co-op,,Hardware,"Reedsville, Pennsylvania, United States",unknown,,,,2026-09-01T00:00:00Z,date_only,2026-09-01T17:51:20Z,https://philips.wd3.myworkdayjobs.com/jobs-and-careers/job/Reedsville-Pennsylvania-United-States/Co-op-Manufacturing-Engineering-Reedsville--PA--July---December-2027_587808
Philips,"Co-op-Manufacturing Engineering - Reedsville, PA-January-June 2027",Summer 2027,False,,Co-op,,Hardware,"Reedsville, Pennsylvania, United States",unknown,,,,2026-09-01T00:00:00Z,date_only,2026-09-01T17:51:20Z,https://philips.wd3.myworkdayjobs.com/jobs-and-careers/job/Reedsville-Pennsylvania-United-States/Manufacturing-Engineering-Co-Op-January-June-2027_587807
Rockwell Automation,"Intern, Content IDE Software Development (LCS)",Not stated,True,,Internship,,Software,"Mayfield Heights, Ohio, United States",no-sponsorship,90,,Git,2026-09-01T00:00:00Z,date_only,2026-09-02T04:02:54Z,https://rockwellautomation.wd1.myworkdayjobs.com/External_Rockwell_Automation/job/Mayfield-Heights-Ohio-United-States/Intern--Content-IDE-Software-Development--LCS-_R26-5010-2
Rockwell Automation,"Intern, Cyber Professional Services (LCS)",Not stated,True,,Internship,,Security,"Mayfield Heights, Ohio, United States",no-sponsorship,90,,,2026-09-01T00:00:00Z,date_only,2026-09-02T04:02:54Z,https://rockwellautomation.wd1.myworkdayjobs.com/External_Rockwell_Automation/job/Mayfield-Heights-Ohio-United-States/Intern--Cyber-Professional-Services--LCS-_R26-5042-2
Stanley Black & Decker,Embedded Engineering Summer Intern 2027,Summer 2027,False,,Internship,,Software,"Towson, MD, United States",unknown,124,$22–$27/hr,,2026-09-01T00:00:00Z,date_only,2026-09-01T17:51:20Z,https://sbdinc.wd1.myworkdayjobs.com/Stanley_Black_Decker_Career_Site/job/Towson-MD-United-States/Embedded-Engineering-Summer-Intern-2027_REQ-1000052019
Stanley Black & Decker,Mechanical Engineering Intern Summer 2027,Summer 2027,False,,Internship,,Hardware,"Towson, MD, United States",unknown,124,$22–$27/hr,,2026-09-01T00:00:00Z,date_only,2026-09-01T17:51:20Z,https://sbdinc.wd1.myworkdayjobs.com/Stanley_Black_Decker_Career_Site/job/Towson-MD-United-States/Mechanical-Engineering-Intern-Summer-2027_REQ-1000052017
Stryker,Data Science Intern - Remote,Not stated,True,,Internship,yes,Data & ML/AI,"Florida, Virtual Address",unknown,104,,Python; SQL,2026-09-01T00:00:00Z,date_only,2026-09-01T20:59:17Z,https://stryker.wd1.myworkdayjobs.com/StrykerCareers/job/Florida-Virtual-Address/Data-Science-Intern_R572731
Stryker,Mechanical Engineering Intern,Not stated,True,,Internship,,Hardware,"Redmond, Washington",unknown,104,,,2026-09-01T00:00:00Z,date_only,2026-09-01T23:17:22Z,https://stryker.wd1.myworkdayjobs.com/StrykerCareers/job/Redmond-Washington/Mechanical-Engineering-Intern_R572728
Tencent,Tencent Cloud CPaaS Product Management Intern,Not stated,True,,Internship,,Software,US-California-Los Angeles,unknown,53,$27.12–$51.93/hr,,2026-09-01T00:00:00Z,date_only,2026-09-01T17:51:20Z,https://tencent.wd1.myworkdayjobs.com/Tencent_Careers/job/US-California-Los-Angeles/Tencent-Cloud-CPaaS-Product-Management-Intern_R108020
Tencent,AI Business Analyst Intern,Not stated,True,,Internship,,Data & ML/AI,US-California-Palo Alto,unknown,53,$24.81–$42.7/hr,,2026-09-01T00:00:00Z,date_only,2026-09-01T17:51:20Z,https://tencent.wd1.myworkdayjobs.com/Tencent_Careers/job/US-California-Palo-Alto/AI-Business-Analyst-Intern_R108039-1
Tencent,Tencent Cloud CPaaS Product Management Intern,Not stated,True,,Internship,,Software,US-California-Palo Alto,unknown,53,$27.12–$51.93/hr,,2026-09-01T00:00:00Z,date_only,2026-09-01T17:51:20Z,https://tencent.wd1.myworkdayjobs.com/Tencent_Careers/job/US-California-Palo-Alto/Tencent-Cloud-CPaaS-Product-Management-Intern_R108019
The Travelers Companies,Product Management Development Program (PMDP) Intern,Not stated,True,,Internship,,Software,CT - Hartford,no-sponsorship,,,,2026-09-01T00:00:00Z,date_only,2026-09-01T07:41:38Z,https://travelers.wd5.myworkdayjobs.com/External/job/CT---Hartford/Product-Management-Development-Program--PMDP--Intern_R-52317
TRUMPF,CNC Programming Intern,Not stated,True,,Internship,,Software,"Farmington, CT",unknown,4,,,2026-09-01T00:00:00Z,date_only,2026-09-01T17:51:20Z,https://trumpf.wd3.myworkdayjobs.com/TRUMPF_Students/job/Farmington-CT/CNC-Programming-Intern_R00042595
TRUMPF,Industrial Engineering Internship,Not stated,True,,Internship,,Hardware,"Farmington, CT",unknown,4,,,2026-09-01T00:00:00Z,date_only,2026-09-01T17:51:20Z,https://trumpf.wd3.myworkdayjobs.com/TRUMPF_Students/job/Farmington-CT/Industrial-Engineering-Internship_R00042497
TRUMPF,Manufacturing Intern,Not stated,True,,Internship,,Hardware,"Farmington, CT",unknown,4,,,2026-09-01T00:00:00Z,date_only,2026-09-01T17:51:20Z,https://trumpf.wd3.myworkdayjobs.com/TRUMPF_Students/job/Farmington-CT/Manufacturing-Intern_R00042282
TRUMPF,Manufacturing Intern,Not stated,True,,Internship,,Hardware,"Farmington, CT",unknown,4,,,2026-09-01T00:00:00Z,date_only,2026-09-01T13:28:09Z,https://trumpf.wd3.myworkdayjobs.com/TRUMPF_Students/job/Farmington-CT/Manufacturing-Intern_R00042598
TRUMPF,Manufacturing Smart Factory Intern,Not stated,True,,Internship,,Hardware,"Farmington, CT",unknown,4,,,2026-09-01T00:00:00Z,date_only,2026-09-01T13:28:09Z,https://trumpf.wd3.myworkdayjobs.com/TRUMPF_Students/job/Farmington-CT/Manufacturing-Smart-Factory-Intern_R00042597
TRUMPF,Mechanical Engineering Intern,Not stated,True,,Internship,,Hardware,"Farmington, CT",unknown,4,,,2026-09-01T00:00:00Z,date_only,2026-09-01T13:28:09Z,https://trumpf.wd3.myworkdayjobs.com/TRUMPF_Students/job/Farmington-CT/Mechanical-Engineering-Intern_R00042708
TRUMPF,Mechatronics Intern,Not stated,True,,Internship,,Hardware,"Plymouth, MI",unknown,4,,,2026-09-01T00:00:00Z,date_only,2026-09-01T13:28:09Z,https://trumpf.wd3.myworkdayjobs.com/TRUMPF_Students/job/Plymouth-MI/Mechatronics-Intern_R00042702-1
Tarrant Regional Water District,Summer 2027 Infrastructure Engineering Intern (T036),Summer 2027,False,,Internship,,Software,"Fort Worth, TX",unknown,,$18.54–$27.82/hr,,2026-09-01T00:00:00Z,date_only,2026-09-02T13:37:12Z,https://trwd.wd1.myworkdayjobs.com/TRWDCareers/job/Fort-Worth-TX/Summer-2027-Infrastructure-Engineering-Intern--T036-_JR100218
Valmont,Civil/Structural Engineering Intern,Not stated,True,,Internship,,Hardware,Bellville TX,unknown,12,,,2026-09-01T00:00:00Z,date_only,2026-09-01T23:17:22Z,https://valmont.wd1.myworkdayjobs.com/ValmontCareers/job/Bellville-TX/Civil-Structural-Engineering-Intern_R28720
Vermeer,Embedded Software Engineer Internship Summer 2027,Summer 2027,False,,Internship,,Software,"Pella, Iowa, USA - Corporate Office",unknown,,,C++; MATLAB; Git,2026-09-01T00:00:00Z,date_only,2026-09-01T07:41:38Z,https://vermeer.wd5.myworkdayjobs.com/externalcareersite/job/Pella-Iowa-USA---Corporate-Office/Embedded-Software-Engineer-Internship-Summer-2027_REQ-22165
Vermeer,IT Software Engineer Internship Summer 2027,Summer 2027,False,,Internship,,Software,"Pella, Iowa, USA - Corporate Office",unknown,,,C#; TypeScript; JavaScript; Azure,2026-09-01T00:00:00Z,date_only,2026-09-01T20:59:17Z,https://vermeer.wd5.myworkdayjobs.com/externalcareersite/job/Pella-Iowa-USA---Corporate-Office/IT-Software-Engineer-Internship-Summer-2027_REQ-22178
Acumatica,"AI & Automation Intern, Office of the CFO",Not stated,True,,Internship,yes,Data & ML/AI,"Bellevue, WA, United States (Remote)",unknown,,$20/hr,Python; LLMs,2026-09-01T14:56:25.616Z,exact,2026-09-03T13:35:54Z,https://jobs.smartrecruiters.com/Acumatica/744000146749696
Pluralis Research,Research Scientist Intern,Not stated,True,,Internship,,Data & ML/AI,USA or Australia,unknown,,,PyTorch,2026-08-31T22:13:20.811+00:00,exact,2026-09-01T17:51:20Z,https://jobs.ashbyhq.com/pluralis-research/c8f78978-a693-4863-bcc0-66af5c3fd0be
Awetomaton,Platform Engineering Intern,Summer 2027,False,,Internship,,Software,"Beavercreek, OH",citizens-only,,,Python; Java; AWS; GCP; Azure; Kubernetes; Docker; Terraform,2026-08-31T10:11:45-04:00,exact,2026-08-31T17:02:44Z,https://job-boards.greenhouse.io/awetomaton/jobs/5394046008
HP IQ,"Software Engineer Intern, Cloud Services (Summer 2027)",Summer 2027,False,,Internship,,Software,"San Francisco, CA",unknown,,$45–$51/hr,Spring,2026-08-31T15:24:19-04:00,exact,2026-08-31T21:59:51Z,https://job-boards.greenhouse.io/hpiq/jobs/6111955004
HP IQ,"Software Engineering Intern, AML Platform (Summer 2027)",Summer 2027,False,,Internship,,Software,"San Francisco, CA",unknown,,$45–$51/hr,Python; PyTorch; TensorFlow,2026-08-31T15:21:18-04:00,exact,2026-08-31T21:59:51Z,https://job-boards.greenhouse.io/hpiq/jobs/6114781004
HP IQ,"Software Engineering Intern, Product & Developer Productivity  (Summer 2027)",Summer 2027,False,,Internship,,Software,"San Francisco, CA",unknown,,$45–$51/hr,LLMs,2026-08-31T15:24:03-04:00,exact,2026-08-31T21:59:51Z,https://job-boards.greenhouse.io/hpiq/jobs/6114890004
HP IQ,"Software Engineering Intern, Device Experiences (Summer 2027)",Summer 2027,False,,Internship,,Software,"San Francisco, CA",unknown,,$45–$51/hr,Java; C++,2026-08-31T15:21:36-04:00,exact,2026-08-31T21:59:51Z,https://job-boards.greenhouse.io/hpiq/jobs/6114912004
HP IQ,"Software Engineering Intern, Product Security (Summer 2027)",Summer 2027,False,,Internship,,Security,"San Francisco, CA",unknown,,$45–$51/hr,Python; Java; C++,2026-08-31T15:22:01-04:00,exact,2026-08-31T21:59:51Z,https://job-boards.greenhouse.io/hpiq/jobs/6116398004
HP IQ,"Software Engineering Intern, Software Systems (Summer 2027)",Summer 2027,False,,Internship,,Software,"San Francisco, CA",unknown,,$45–$51/hr,C++; Linux,2026-08-31T15:22:24-04:00,exact,2026-08-31T21:59:51Z,https://job-boards.greenhouse.io/hpiq/jobs/6140119004
Integra FEC,(SPRING) Data Analyst Intern,Not stated,True,,Internship,,Data & ML/AI,"Austin, Texas",no-sponsorship,,,Python; SQL,2026-08-31T14:08:04-04:00,exact,2026-08-31T21:59:51Z,https://job-boards.greenhouse.io/integra/jobs/5406100008
Integra FEC,(SUMMER) Data Analyst Intern,Not stated,True,,Internship,,Data & ML/AI,"Austin, Texas",no-sponsorship,,,Python; SQL,2026-08-31T14:08:17-04:00,exact,2026-08-31T21:59:51Z,https://job-boards.greenhouse.io/integra/jobs/5406109008
Integra FEC,(SPRING) Data Analyst Intern,Not stated,True,,Internship,,Data & ML/AI,"Austin, Texas",no-sponsorship,,,Python; SQL,2026-08-31T14:08:47-04:00,exact,2026-08-31T21:59:51Z,https://job-boards.greenhouse.io/integrainterns/jobs/5406101008
Integra FEC,(SUMMER) Data Analyst Intern,Not stated,True,,Internship,,Data & ML/AI,"Austin, Texas",no-sponsorship,,,Python; SQL,2026-08-31T14:08:58-04:00,exact,2026-08-31T21:59:51Z,https://job-boards.greenhouse.io/integrainterns/jobs/5406110008
Katalyst Space Technologies,Engineering Intern (Electrical / Mechanical / GNC / Software),Not stated,True,,Internship,,Hardware,"Broomfield, Colorado, United States",citizens-only,,,Python; C++; MATLAB; Linux,2026-08-31T19:15:59-04:00,exact,2026-09-01T01:15:27Z,https://job-boards.greenhouse.io/katalyst/jobs/6176711004
Lexington Medical,Mechanical Engineering Intern,Summer 2027,False,,Internship,,Hardware,"Bedford, MA",unknown,3,,,2026-08-31T11:13:30-04:00,exact,2026-08-31T17:02:44Z,https://job-boards.greenhouse.io/lexingtonmedical/jobs/5400185008
Lexington Medical,Manufacturing Engineering Intern,Summer 2027,False,,Internship,,Hardware,"Bedford, MA",unknown,3,,,2026-08-31T11:18:35-04:00,exact,2026-08-31T17:02:44Z,https://job-boards.greenhouse.io/lexingtonmedical/jobs/5404584008
Olsson,Mechanical Engineering Internship - Data Center Facilities,Summer 2027,False,,Internship,,Data & ML/AI,"Dallas, TX; Fort Worth, TX; North Kansas City, MO; Omaha, NE; Tulsa, OK",unknown,2,,,2026-08-31T17:00:00-04:00,exact,2026-08-31T21:59:51Z,https://job-boards.greenhouse.io/olsson/jobs/5396012008
Olsson,Structural Engineering Internship - Federal Infrastructure,Summer 2027,False,,Internship,,Hardware,"Overland Park, KS",unknown,2,,,2026-08-31T17:00:00-04:00,exact,2026-08-31T21:59:51Z,https://job-boards.greenhouse.io/olsson/jobs/5396073008
Olsson,Mechanical Engineering Internship - Federal Infrastructure,Summer 2027,False,,Internship,,Hardware,"Overland Park, KS",unknown,2,,,2026-08-31T17:00:00-04:00,exact,2026-08-31T21:59:51Z,https://job-boards.greenhouse.io/olsson/jobs/5396095008
Olsson,Civil Engineering Internship - Federal Infrastructure Site Design,Summer 2027,False,,Internship,,Software,"North Kansas City, MO",unknown,2,,,2026-08-31T17:00:00-04:00,exact,2026-08-31T21:59:51Z,https://job-boards.greenhouse.io/olsson/jobs/5396116008
Olsson,Electrical Engineering Internship - Federal Infrastructure,Summer 2027,False,,Internship,,Hardware,"North Kansas City, MO; Overland Park, KS",unknown,2,,,2026-08-31T17:00:00-04:00,exact,2026-08-31T21:59:51Z,https://job-boards.greenhouse.io/olsson/jobs/5396125008
Olsson,Revit Drafting Internship - Mechanical,Not stated,True,,Internship,,Hardware,"North Kansas City, MO; Tulsa, OK",unknown,2,,,2026-08-31T17:00:00-04:00,exact,2026-08-31T21:59:51Z,https://job-boards.greenhouse.io/olsson/jobs/5396260008
Olsson,Structural Engineering Internship - Bridge,Not stated,True,,Internship,,Hardware,"Overland Park, KS",unknown,2,,,2026-08-31T16:53:54-04:00,exact,2026-08-31T21:59:51Z,https://job-boards.greenhouse.io/olsson/jobs/5405868008
Olsson,Structural Engineering Internship - Bridge,Not stated,True,,Internship,,Hardware,"Oklahoma City, OK",unknown,2,,,2026-08-31T17:01:15-04:00,exact,2026-08-31T21:59:51Z,https://job-boards.greenhouse.io/olsson/jobs/5405889008
Olsson,Structural Engineering Internship - Rail Bridge,Not stated,True,,Internship,,Hardware,"Omaha, NE",unknown,2,,,2026-08-31T17:01:31-04:00,exact,2026-08-31T21:59:51Z,https://job-boards.greenhouse.io/olsson/jobs/5405904008
Olsson,Mechanical Engineering Internship - Industrial Facilities,Not stated,True,,Internship,,Hardware,"Lincoln, NE; Omaha, NE",unknown,2,,,2026-08-31T17:05:11-04:00,exact,2026-08-31T21:59:51Z,https://job-boards.greenhouse.io/olsson/jobs/5407109008
Olsson,Structural Drafting Internship - Industrial Facilities,Summer 2027,False,,Internship,,Hardware,"Des Moines, IA",unknown,2,,,2026-08-31T17:05:45-04:00,exact,2026-08-31T21:59:51Z,https://job-boards.greenhouse.io/olsson/jobs/5408530008
Olsson,Mechanical Engineering Internship - Substation and Power Generation,Summer 2027,False,,Internship,,Hardware,"Fayetteville, AR",unknown,2,,,2026-08-31T17:15:08-04:00,exact,2026-08-31T21:59:51Z,https://job-boards.greenhouse.io/olsson/jobs/5411244008
Stripe,"Software Engineer, Intern (Summer or Winter)",Not stated,True,,Internship,,Software,"San Francisco, Seattle, New York City",unknown,441,,Java; JavaScript; Scala,2026-08-31T18:20:45-04:00,exact,2026-09-01T01:15:27Z,https://stripe.com/jobs/search?gh_jid=8128745
Bosch,Mechanical Design Engineering Intern,Not stated,True,,Internship,,Hardware,"Fort Lauderdale, FL, United States",unknown,,,,2026-08-31T13:28:48.685Z,exact,2026-08-31T17:02:44Z,https://jobs.smartrecruiters.com/BoschGroup/744000146471610
Bosch,Calibration Process Data Science Intern (8 months/40 hours per week),Not stated,True,,Internship,,Data & ML/AI,"Farmington Hills, MI, United States",unknown,,,Python,2026-08-31T20:07:02.139Z,exact,2026-08-31T21:59:51Z,https://jobs.smartrecruiters.com/BoschGroup/744000146546699
Bosch,Software Engineering Intern (8 months/40hrs per week),Not stated,True,,Internship,,Software,"Farmington Hills, MI, United States",unknown,,,Python; Rust; TypeScript; AWS; Linux; Git,2026-08-31T20:07:53.365Z,exact,2026-08-31T21:59:51Z,https://jobs.smartrecruiters.com/BoschGroup/744000146546849
Bosch,AI Application Intern (8 months/40 hours per week),Not stated,True,,Internship,,Data & ML/AI,"Farmington Hills, MI, United States",unknown,,,Python; Git,2026-08-31T20:13:30.982Z,exact,2026-08-31T21:59:51Z,https://jobs.smartrecruiters.com/BoschGroup/744000146547599
Alcon,Spring + Summer 2027 Co-Op - Manufacturing Science & Technology,Summer 2027,False,,Co-op,,Hardware,"Houston, Texas",unknown,57,,,2026-08-31T00:00:00Z,date_only,2026-08-31T17:02:44Z,https://alcon.wd5.myworkdayjobs.com/careers_alcon/job/Houston-Texas/Fall---Spring-2026-2027-Co-Op---Manufacturing-Science---Technology_R-2026-47959
Barr,Internship – Mechanical Engineer (Hybrid),Summer 2027,False,,Internship,,Hardware,"Minneapolis, MN",no-sponsorship,,,,2026-08-31T00:00:00Z,date_only,2026-08-31T17:02:44Z,https://barr.wd1.myworkdayjobs.com/barrcareers/job/Minneapolis-MN/Internship---Mechanical-Engineer--Hybrid-_R-102306
Brunswick,Mercury Marine: Software Controls Engineering Intern,Not stated,True,,Internship,,Software,"Fond du Lac, WI",unknown,54,$18–$27.5/hr,MATLAB,2026-08-31T00:00:00Z,date_only,2026-08-31T21:59:51Z,https://brunswick.wd1.myworkdayjobs.com/search/job/Fond-du-Lac-WI/Mercury-Marine--Software-Controls-Engineering-Intern_JR-051436
Dairyland Power Cooperative,"Intern, Energy Data Analyst",Not stated,True,,Internship,,Data & ML/AI,"La Crosse, Wisconsin",unknown,,,SQL,2026-08-31T00:00:00Z,date_only,2026-08-31T21:59:51Z,https://dairynet.wd1.myworkdayjobs.com/DPCcareers/job/La-Crosse-Wisconsin/Intern--Energy-Data-Analyst_JR101052
Dairyland Power Cooperative,"Intern, Energy Data Science",Not stated,True,,Internship,,Data & ML/AI,"La Crosse, Wisconsin",unknown,,,Python; SQL; AWS; Git,2026-08-31T00:00:00Z,date_only,2026-08-31T21:59:51Z,https://dairynet.wd1.myworkdayjobs.com/DPCcareers/job/La-Crosse-Wisconsin/Intern--Energy-Data-Science_JR101053
DraftKings,Software Engineer Intern (Summer 2027),Summer 2027,False,,Internship,,Software,"Boston, MA",unknown,52,,Java; C#; TypeScript; Git,2026-08-31T00:00:00Z,date_only,2026-08-31T17:02:44Z,https://draftkings.wd1.myworkdayjobs.com/Campus_Career_Portal/job/Boston-MA/Software-Engineer-Intern--Summer-2027-_JR14928
DraftKings,Software Engineer Intern (Summer 2027),Summer 2027,False,,Internship,,Software,"Boston, MA",unknown,52,,Java; C#; TypeScript; Git,2026-08-31T00:00:00Z,date_only,2026-08-31T21:59:51Z,https://draftkings.wd1.myworkdayjobs.com/Campus_Career_Portal/job/Boston-MA/Software-Engineer-Intern--Summer-2027-_JR14929
IGS Energy,Software Engineer Intern,Not stated,True,,Internship,yes,Software,Ohio Remote,no-sponsorship,,,C#; TypeScript; JavaScript; SQL; React; Angular; .NET; Azure,2026-08-31T00:00:00Z,date_only,2026-08-31T17:02:44Z,https://igsenergy.wd1.myworkdayjobs.com/IGS/job/Ohio-Remote/Software-Engineer-Intern_R6263
Leidos,Manufacturing/Quality Intern,Not stated,True,,Internship,,Hardware,"Huntsville, AL",citizens-only,79,,,2026-08-31T00:00:00Z,date_only,2026-08-31T21:59:51Z,https://leidos.wd5.myworkdayjobs.com/External/job/Huntsville-AL/Manufacturing-Quality-Intern_R-00190547
Marmon Holdings,AI Intern,Not stated,True,,Internship,,Data & ML/AI,"Sauget, IL",unknown,,$20–$22/hr,,2026-08-31T00:00:00Z,date_only,2026-08-31T21:59:51Z,https://marmon.wd501.myworkdayjobs.com/Marmon_Careers/job/Sauget-IL/AI-Intern_JR0000045510
Michelin,"Summer 2027 Internship: Mechanical Engineer (Emporia, KS)",Summer 2027,False,,Internship,,Hardware,"EMPORIA, KS",unknown,,,,2026-08-31T00:00:00Z,date_only,2026-08-31T21:59:51Z,https://michelinhr.wd3.myworkdayjobs.com/Michelin/job/EMPORIA-KS/XMLNAME-2027-Summer-Mechanical-Engineer--Emporia--KS-_R-2026030587
Micron Technology,Intern - AI Systems and Infrastructure Engineering,Not stated,True,,Internship,,Data & ML/AI,"Austin, TX",unknown,489,,Python; C++; PyTorch; LLMs; CUDA; Linux,2026-08-31T00:00:00Z,date_only,2026-08-31T21:59:51Z,https://micron.wd1.myworkdayjobs.com/External/job/Austin-TX/Intern---AI-Systems-and-Infrastructure-Engineering_JR109990
BlueCross BlueShield of Nebraska,Cyber Intern: Summer 2027,Summer 2027,False,,Internship,,Security,"Omaha, NE",unknown,,,Azure,2026-08-31T00:00:00Z,date_only,2026-09-01T17:51:20Z,https://nebraskablue.wd1.myworkdayjobs.com/BCBSNE/job/Omaha-NE/Cyber-Intern--Summer-2027_JR101407
BlueCross BlueShield of Nebraska,IS Intern: AI & Automation (Managed Services) Summer 2027,Summer 2027,False,,Internship,,Data & ML/AI,"Omaha, NE",unknown,,,Python; SQL; Azure,2026-08-31T00:00:00Z,date_only,2026-09-01T17:51:20Z,https://nebraskablue.wd1.myworkdayjobs.com/BCBSNE/job/Omaha-NE/IS-Intern--Summer-2027_JR101411
Northrop Grumman,2026 Part-Time Cyber Security Engineering Intern - Aurora CO,Fall 2026,False,,Internship,,Security,United States-Colorado-Aurora,citizens-only,,$20.5–$38/hr,,2026-08-31T00:00:00Z,date_only,2026-08-31T21:59:51Z,https://ngc.wd1.myworkdayjobs.com/Northrop_Grumman_External_Site/job/United-States-Colorado-Aurora/XMLNAME-2026-Part-Time-Cyber-Security-Engineering-Intern---Aurora-CO_R10248520
Nike,"NIKE, Inc. Artificial Intelligence, Data, & Machine Learning Engineering Undergraduate Internship",Not stated,True,,Internship,,Data & ML/AI,"Beaverton, Oregon",unknown,484,,Python; SQL; LLMs; Computer Vision; AWS; Tableau,2026-08-31T00:00:00Z,date_only,2026-08-31T17:02:44Z,https://nike.wd1.myworkdayjobs.com/nke/job/Beaverton-Oregon/NIKE--Inc-Artificial-Intelligence--Data----Machine-Learning-Engineering-Undergraduate-Internship_R-91110
Nike,"NIKE, Inc. Software Engineering Undergraduate Internship",Not stated,True,,Internship,,Software,"Beaverton, Oregon",unknown,484,,Python; Java; C#; JavaScript; Swift; React; Node.js; AWS,2026-08-31T00:00:00Z,date_only,2026-08-31T21:59:51Z,https://nike.wd1.myworkdayjobs.com/nke/job/Beaverton-Oregon/NIKE--Inc-Software-Engineering-Undergraduate-Internship_R-91111
Vermeer,Advanced Manufacturing Intern - Summer 2027,Summer 2027,False,,Internship,,Hardware,"Pella, Iowa, USA - The Center",unknown,,,,2026-08-31T00:00:00Z,date_only,2026-08-31T21:59:51Z,https://vermeer.wd5.myworkdayjobs.com/externalcareersite/job/Pella-Iowa-USA---The-Center/Advanced-Manufacturing-Intern---Summer-2027_REQ-22140
Vermeer,Manufacturing Engineer Intern - Summer 2027,Summer 2027,False,,Internship,,Hardware,"Pella, Iowa, USA - The Center",unknown,,,,2026-08-31T00:00:00Z,date_only,2026-08-31T08:33:50Z,https://vermeer.wd5.myworkdayjobs.com/externalcareersite/job/Pella-Iowa-USA---The-Center/Manufacturing-Engineer-Intern---Summer-2027_REQ-22141
Xcel Energy,IT Infrastructure Intern - CO,Fall 2026,False,,Internship,,Software,"Denver, CO, 80205",unknown,5,$17.4–$22.1/hr,Python,2026-08-31T00:00:00Z,date_only,2026-08-31T17:02:44Z,https://xcelenergy.wd1.myworkdayjobs.com/External/job/Denver-CO-80205/IT-Infrastructure-Intern---CO_JR115917
Equifax,Site Reliability Engineer Intern,Summer 2027,False,,Internship,,Software,USA - Missouri - St. Louis - Lackland,unknown,378,,Python; Java; GCP,2026-08-30T00:00:00Z,date_only,2026-08-30T22:43:26Z,https://equifax.wd5.myworkdayjobs.com/UR_External/job/USA---Missouri---St-Louis---Lackland/Site-Reliability-Engineer-Intern_J00178674
Northwood Space,Mechanical Engineering Intern (2027 Summer Internship),Summer 2027,False,,Internship,,Hardware,"Torrance, CA",citizens-only,,$36 per hour,,2026-08-29T00:58:59.904+00:00,exact,2026-08-29T01:42:50Z,https://jobs.ashbyhq.com/northwoodspace/6081eebf-7021-4a3f-a34f-78c91c94fcd3
Northwood Space,Software Engineering Intern (2027 Summer Internship),Summer 2027,False,,Internship,,Software,"Torrance, CA",citizens-only,,$36 per hour,C++; Go; Rust; AWS; GCP; Azure; Docker; Terraform,2026-08-29T00:55:33.893+00:00,exact,2026-08-29T01:42:50Z,https://jobs.ashbyhq.com/northwoodspace/ce3d4b73-461e-4128-a6f1-f933897e8119
Northwood Space,Embedded Software Engineering Intern (2027 Summer Internship),Summer 2027,False,,Internship,,Software,"Torrance, CA",citizens-only,,$36 per hour,Python; C++; Rust; Linux; Git,2026-08-29T00:53:33.839+00:00,exact,2026-08-29T01:42:50Z,https://jobs.ashbyhq.com/northwoodspace/d0cca9dd-ea90-4c3b-94b4-17761932d11c
Charles River Associates (CRA),(2028 Bachelor's/Master's graduates) Cyber and Forensic Technology Consulting Analyst/Associate Intern (Summer 2027),Summer 2027,False,,Internship,,Security,"Boston, MA, United States; Chicago, IL, United States; Dallas, Texas, United States; Washington, DC, United States",unknown,,$30–$37.5/hr,Python; C#; SQL,2026-08-28T11:19:51-04:00,exact,2026-08-28T17:23:56Z,https://job-boards.greenhouse.io/charlesriverassociates/jobs/8128811
Re:Build Manufacturing,Process & Mechanical Engineer Co-op/Intern,Not stated,True,,Internship / Co-op,,Hardware,"Rochester, NY",unknown,,,,2026-08-28T08:17:30-04:00,exact,2026-08-28T17:23:56Z,https://job-boards.greenhouse.io/rebuildmanufacturing/jobs/4728423005
Xaira Therapeutics,"AI Scientist Intern, Computational Protein Design",Not stated,True,,Internship,,Data & ML/AI,"Seattle, Washington, United States; South San Francisco, California, United States",unknown,,,PyTorch; LLMs,2026-08-28T17:52:45-04:00,exact,2026-08-29T01:42:50Z,https://job-boards.greenhouse.io/xairatherapeutics/jobs/5225658007
Booz Allen,"University - 2027 Summer Games Cyber Security Intern - Atlanta, GA",Summer 2027,False,,Internship,,Security,"Atlanta, GA",citizens-only,38,$108k/yr,Linux,2026-08-28T00:00:00Z,date_only,2026-08-29T08:57:34Z,https://bah.wd1.myworkdayjobs.com/bah_jobs/job/Atlanta-GA/University---2027-Summer-Games-Cyber-Security-Intern---Atlanta--GA_R0248139
Booz Allen,"University - 2027 Summer Games Software Developer Intern - Atlanta, GA",Summer 2027,False,,Internship,,Software,"Atlanta, GA",citizens-only,38,$108k/yr,Python; Java; C++; JavaScript,2026-08-28T00:00:00Z,date_only,2026-08-29T08:57:34Z,https://bah.wd1.myworkdayjobs.com/bah_jobs/job/Atlanta-GA/University---2027-Summer-Games-Software-Developer-Intern---Atlanta--GA_R0248138
Booz Allen,"University, 2027 Summer Games Data Scientist Intern",Summer 2027,False,,Internship,,Data & ML/AI,"Atlanta, GA",citizens-only,38,$141k/yr,,2026-08-28T00:00:00Z,date_only,2026-08-29T08:57:34Z,https://bah.wd1.myworkdayjobs.com/bah_jobs/job/Atlanta-GA/University--2027-Summer-Games-Data-Scientist-Intern_R0248140
Booz Allen,"University - 2027 Summer Games Cyber Security Intern - Charleston, SC",Summer 2027,False,,Internship,,Security,"Charleston, SC",citizens-only,38,$108k/yr,Linux,2026-08-28T00:00:00Z,date_only,2026-08-29T08:57:34Z,https://bah.wd1.myworkdayjobs.com/bah_jobs/job/Charleston-SC/University---2027-Summer-Games-Cyber-Security-Intern---Charleston--SC_R0248136
Booz Allen,University - 2027 Summer Games Data Scientist Intern,Summer 2027,False,,Internship,,Data & ML/AI,"Charleston, SC",citizens-only,38,$141k/yr,,2026-08-28T00:00:00Z,date_only,2026-08-29T08:57:34Z,https://bah.wd1.myworkdayjobs.com/bah_jobs/job/Charleston-SC/University---2027-Summer-Games-Data-Scientist-Intern_R0248137
Booz Allen,University - 2027 Summer Games Software Developer Intern,Summer 2027,False,,Internship,,Software,"Charleston, SC",citizens-only,38,$108k/yr,Python; Java; C++; JavaScript,2026-08-28T00:00:00Z,date_only,2026-08-29T08:57:34Z,https://bah.wd1.myworkdayjobs.com/bah_jobs/job/Charleston-SC/University---2027-Summer-Games-Software-Developer-Intern_R0248134
Booz Allen,"University, 2027 Summer Games Cyber Security Intern",Summer 2027,False,,Internship,,Security,"Colorado Springs, CO",citizens-only,38,$108k/yr,Linux,2026-08-28T00:00:00Z,date_only,2026-08-29T08:57:34Z,https://bah.wd1.myworkdayjobs.com/bah_jobs/job/Colorado-Springs-CO/University--2027-Summer-Games-Cybersecurity-Intern_R0248131
Booz Allen,"University, 2027 Summer Games Data Scientist Intern",Summer 2027,False,,Internship,,Data & ML/AI,"Colorado Springs, CO",citizens-only,38,$141k/yr,,2026-08-28T00:00:00Z,date_only,2026-08-29T08:57:34Z,https://bah.wd1.myworkdayjobs.com/bah_jobs/job/Colorado-Springs-CO/University--2027-Summer-Games-Data-Scientist-Intern_R0248132
Booz Allen,"University, 2027 Summer Games Software Developer Intern",Summer 2027,False,,Internship,,Software,"Colorado Springs, CO",citizens-only,38,$108k/yr,Python; Java; C++; JavaScript,2026-08-28T00:00:00Z,date_only,2026-08-29T08:57:34Z,https://bah.wd1.myworkdayjobs.com/bah_jobs/job/Colorado-Springs-CO/University--2027-Summer-Games-Software-Developer-Intern_R0248130
Booz Allen,"University – Summer 27, Cybersecurity Analyst Intern",Not stated,True,,Internship,,Security,"McLean, VA",citizens-only,38,$108k/yr,Python; Java; C++; JavaScript,2026-08-28T00:00:00Z,date_only,2026-08-29T08:57:34Z,https://bah.wd1.myworkdayjobs.com/bah_jobs/job/McLean-VA/University---Summer-27--Cybersecurity-Analyst-Intern_R0248214
Booz Allen,"University, 2027 Summer Games Cyber Security Intern",Summer 2027,False,,Internship,,Security,"Rome, NY",citizens-only,38,$108k/yr,Linux,2026-08-28T00:00:00Z,date_only,2026-08-29T08:57:34Z,https://bah.wd1.myworkdayjobs.com/bah_jobs/job/Rome-NY/University--2027-Summer-Games-Cyber-Security-Intern_R0248142
Booz Allen,"University, 2027 Summer Games Data Scientist Intern",Summer 2027,False,,Internship,,Data & ML/AI,"Rome, NY",citizens-only,38,$141k/yr,,2026-08-28T00:00:00Z,date_only,2026-08-29T08:57:34Z,https://bah.wd1.myworkdayjobs.com/bah_jobs/job/Rome-NY/University--2027-Summer-Games-Data-Scientist-Intern_R0248143
Booz Allen,"University, 2027 Summer Games Software Developer Intern",Summer 2027,False,,Internship,,Software,"Rome, NY",citizens-only,38,$108k/yr,Python; Java; C++; JavaScript,2026-08-28T00:00:00Z,date_only,2026-08-29T08:57:34Z,https://bah.wd1.myworkdayjobs.com/bah_jobs/job/Rome-NY/University--2027-Summer-Games-Software-Developer-Intern_R0248141
Booz Allen,AI Software Developer Intern,Not stated,True,,Internship,,Data & ML/AI,"San Diego, CA",citizens-only,38,$141k/yr,Python; PyTorch; TensorFlow; scikit-learn; LLMs; AWS; GCP; Azure,2026-08-28T00:00:00Z,date_only,2026-08-29T08:57:34Z,https://bah.wd1.myworkdayjobs.com/bah_jobs/job/San-Diego-CA/AI-Software-Developer-Intern_R0248115
Brunswick,Software Engineering Intern,Not stated,True,,Internship,,Software,"Champaign, IL",unknown,54,$18–$27/hr,Python; C++; ROS; Unreal,2026-08-28T00:00:00Z,date_only,2026-08-29T21:42:31Z,https://brunswick.wd1.myworkdayjobs.com/search/job/Champaign-IL/Software-Engineering-Intern_JR-051449
Brunswick,Industrial Engineering Intern,Not stated,True,,Internship,,Hardware,"Menomonee Falls, WI",no-sponsorship,54,$18–$27/hr,,2026-08-28T00:00:00Z,date_only,2026-08-29T21:42:31Z,https://brunswick.wd1.myworkdayjobs.com/search/job/Menomonee-Falls-WI/Industrial-Engineering-Intern_JR-051429
Brunswick,Software Engineer Intern,Not stated,True,,Internship,,Software,"Menomonee Falls, WI",no-sponsorship,54,$18–$27/hr,Python; JavaScript; SQL,2026-08-28T00:00:00Z,date_only,2026-08-29T21:42:31Z,https://brunswick.wd1.myworkdayjobs.com/search/job/Menomonee-Falls-WI/Software-Engineer-Intern_JR-051426-1
Conagra Brands,Cybersecurity Internship - Summer 2027,Summer 2027,False,,Internship,,Security,"Omaha, Nebraska",unknown,14,$23/hr,,2026-08-28T00:00:00Z,date_only,2026-08-29T08:57:34Z,https://conagrabrands.wd1.myworkdayjobs.com/Careers_US/job/Omaha-Nebraska/Cybersecurity-Internship---Summer-2027_Req-039965
United Parcel Service (UPS),Summer 2027 Industrial Engineering Co-Op,Summer 2027,False,,Co-op,,Hardware,US - UPSCO GLOBAL OPERATIONS CENTER (KYLOA),citizens-only,,,SQL; GCP,2026-08-28T00:00:00Z,date_only,2026-08-29T01:42:50Z,https://hcmportal.wd5.myworkdayjobs.com/Search/job/US---UPSCO-GLOBAL-OPERATIONS-CENTER-KYLOA/Summer-2027-Industrial-Engineering-Co-Op_R26030116-1
Philips,"Co-op – Software Test Automation Engineer – Orange, OH – January 2027",Summer 2027,False,,Co-op,,Software,"Orange (OH), Ohio, United States",unknown,,,Python; Java; C++; C#; Git,2026-08-28T00:00:00Z,date_only,2026-08-28T04:14:20Z,https://philips.wd3.myworkdayjobs.com/jobs-and-careers/job/Orange-OH-Ohio-United-States/Co-op---Software-Test-Automation-Engineer---Orange--OH---January-2027_581888
Philips,"Intern – Data AI/ML Engineering – Plymouth, MN – Summer 2027",Summer 2027,False,,Internship,,Data & ML/AI,"Plymouth, Minnesota, United States",unknown,,,Azure; Git,2026-08-28T00:00:00Z,date_only,2026-08-29T01:42:50Z,https://philips.wd3.myworkdayjobs.com/jobs-and-careers/job/Plymouth-Minnesota-United-States/Intern---Data-AI-ML-Engineering---Plymouth--MN---Summer-2027_590404
Workiva,Summer 2027 Intern - Software Engineering,Summer 2027,False,,Internship,yes,Software,USA - Remote,unknown,3,,Python; Java; C++; C#; TypeScript; JavaScript; SQL; React,2026-08-28T00:00:00Z,date_only,2026-08-29T14:25:16Z,https://workiva.wd503.myworkdayjobs.com/careers/job/USA---Remote/Summer-2027-Intern---Software-Engineering_R12190
Amazon,Robotics - Software Development Engineer Fall Intern/Co-op - 2026,Fall 2026,False,,Internship / Co-op,,Hardware,"Westboro, Massachusetts, USA",unknown,23139,,Python; Java; C++; C#; Rust; TypeScript; SQL; LLMs,2026-08-27T00:00:00Z,date_only,2026-08-27T19:51:20Z,https://www.amazon.jobs/en/jobs/10517149/robotics-software-development-engineer-fall-intern-co-op-2026
Amazon,"Software Development Engineer Intern, Annapurna Labs - 2027",Summer 2027,False,,Internship,,Software,"Cupertino, California, USA",unknown,23139,,Python; Java; C++; PyTorch; TensorFlow; Linux,2026-08-27T00:00:00Z,date_only,2026-08-28T04:14:20Z,https://www.amazon.jobs/en/jobs/10517567/software-development-engineer-intern-annapurna-labs-2027
AnaVation,Computer Science Internship Summer 2027,Summer 2027,False,,Internship,,Software,"Huntsville, AL",citizens-only,,,Python; Java; Node.js; AWS; GCP; Azure; Git,2026-08-27T22:40:57Z,exact,2026-08-29T01:42:50Z,https://jobs.lever.co/anavationllc/f7c83978-8510-409c-a5a3-17618511f819
Shield AI,Summer 2027 - Advanced Manufacturing Engineering Intern,Summer 2027,False,,Internship,,Hardware,"Dallas, Texas",unknown,2,34–52 USD/hr,,2026-08-27T23:18:32Z,exact,2026-08-31T21:59:51Z,https://jobs.lever.co/shieldai/c41c41a2-83d8-41a0-8a3b-ff8b84dc1c8a
AbbVie,2027 Business Technology Solutions Intern - Cybersecurity (Undergraduate),Summer 2027,False,,Internship,,Security,"North Chicago, IL, United States",unknown,303,,Python; Java; C#; JavaScript; AWS; GCP; Azure; Linux,2026-08-27T16:13:39.930Z,exact,2026-08-27T19:51:20Z,https://jobs.smartrecruiters.com/AbbVie/3743990014896329
AbbVie,2027 Business Technology Solutions Intern - Cybersecurity (Undergraduate),Summer 2027,False,,Internship,,Security,"Irvine, CA, United States",unknown,303,,Python; Java; C#; JavaScript; AWS; GCP; Azure; Linux,2026-08-27T17:33:14.955Z,exact,2026-08-27T19:51:20Z,https://jobs.smartrecruiters.com/AbbVie/3743990014900496
AbbVie,2027 Business Technology Solutions Intern - Cybersecurity (Undergraduate),Summer 2027,False,,Internship,,Security,"South San Francisco, CA, United States",unknown,303,,Python; Java; C#; JavaScript; AWS; GCP; Azure; Linux,2026-08-27T17:33:44.657Z,exact,2026-08-27T19:51:20Z,https://jobs.smartrecruiters.com/AbbVie/3743990014900536
ABB,AI Robotics UI/UX Intern- Fall 2026,Fall 2026,False,,Internship,,Data & ML/AI,"Milpitas, California, USA",unknown,69,$20–$34/hr,TypeScript; JavaScript; React; Angular; .NET; Git,2026-08-27T00:00:00Z,date_only,2026-08-27T19:51:20Z,https://abb.wd3.myworkdayjobs.com/external_career_page/job/Milpitas-California-USA/AI-Robotics-UI-UX-Intern--Fall-2026_JR00044847-1
ABB,Physical AI Robotics Simulation Intern- Fall 2026,Fall 2026,False,,Internship,,Data & ML/AI,"Milpitas, California, USA",unknown,69,$20–$34/hr,,2026-08-27T00:00:00Z,date_only,2026-08-27T19:51:20Z,https://abb.wd3.myworkdayjobs.com/external_career_page/job/Milpitas-California-USA/Physical-AI-Robotics-Simulation-Intern--Fall-2026_JR00044848-1
ABB,Manufacturing Engineering Intern - Summer 2027,Summer 2027,False,,Internship,,Hardware,"USA, NJ, Hackettstown",no-sponsorship,69,$20–$34/hr,,2026-08-27T00:00:00Z,date_only,2026-08-27T19:51:20Z,https://abb.wd3.myworkdayjobs.com/external_career_page/job/USA-NJ-Hackettstown/Manufacturing-Engineering-Intern---Summer-2027_JR00044977
Air Products,Summer Intern- IT & Cyber Audit (2027),Summer 2027,False,,Internship,,Security,"Allentown, Pennsylvania",unknown,22,,,2026-08-27T00:00:00Z,date_only,2026-08-27T19:51:20Z,https://airproducts.wd5.myworkdayjobs.com/AP0001/job/Allentown-Pennsylvania/Summer-Intern--IT---Cyber-Audit--2027-_JR-2026-21954
Air Products,Summer Intern/Co-op-Mechanical Engineering (2027),Summer 2027,False,,Internship / Co-op,,Hardware,"Allentown, Pennsylvania",unknown,22,,,2026-08-27T00:00:00Z,date_only,2026-08-27T19:51:20Z,https://airproducts.wd5.myworkdayjobs.com/AP0001/job/Allentown-Pennsylvania/Summer-Intern-Co-op-Mechanical-Engineering--2027-_JR-2026-21956
Ambarella,Software Architecture Engineer Intern,Not stated,True,,Internship,,Software,US Headquarters,unknown,26,,Python; C++; TensorFlow; Computer Vision,2026-08-27T00:00:00Z,date_only,2026-08-27T19:51:20Z,https://ambarella.wd108.myworkdayjobs.com/ambarella/job/US-Headquarters/Software-Architecture-Engineer-Intern_JR100365
Ambarella,Software Development Engineer Intern,Not stated,True,,Internship,,Software,US Headquarters,unknown,26,,Python; C++; Computer Vision,2026-08-27T00:00:00Z,date_only,2026-08-27T19:51:20Z,https://ambarella.wd108.myworkdayjobs.com/ambarella/job/US-Headquarters/Software-Development-Engineer-Intern_JR100366-1
Ambarella,Software Engineer Intern,Not stated,True,,Internship,,Software,US Headquarters,unknown,26,,Python; C++; PyTorch; TensorFlow,2026-08-27T00:00:00Z,date_only,2026-08-27T19:51:20Z,https://ambarella.wd108.myworkdayjobs.com/ambarella/job/US-Headquarters/Software-Engineer-Intern_JR100363
Booz Allen,University - 2027 Summer Games Cyber Security Intern,Summer 2027,False,,Internship,,Security,"El Segundo, CA",citizens-only,38,$108k/yr,Linux,2026-08-27T00:00:00Z,date_only,2026-08-27T19:51:20Z,https://bah.wd1.myworkdayjobs.com/bah_jobs/job/El-Segundo-CA/University---2027-Summer-Games-Cyber-Security-Intern---El-Segundo--CA_R0248047
Booz Allen,University - 2027 Summer Games Software Developer Intern,Summer 2027,False,,Internship,,Software,"El Segundo, CA",citizens-only,38,$108k/yr,Python; Java; C++; JavaScript,2026-08-27T00:00:00Z,date_only,2026-08-27T19:51:20Z,https://bah.wd1.myworkdayjobs.com/bah_jobs/job/El-Segundo-CA/University---2027-Summer-Games-Software-Developer-Intern---El-Segundo--CA_R0248046
Booz Allen,"University, 2027 Summer Games Data Scientist Intern",Summer 2027,False,,Internship,,Data & ML/AI,"El Segundo, CA",citizens-only,38,$141k/yr,,2026-08-27T00:00:00Z,date_only,2026-08-27T19:51:20Z,https://bah.wd1.myworkdayjobs.com/bah_jobs/job/El-Segundo-CA/University--2027-Summer-Games-Data-Scientist-Intern_R0248050
Booz Allen,"University - 2027 Summer Games Cyber Security Intern - McLean, VA",Summer 2027,False,,Internship,,Security,"McLean, VA",citizens-only,38,$108k/yr,Linux,2026-08-27T00:00:00Z,date_only,2026-08-27T19:51:20Z,https://bah.wd1.myworkdayjobs.com/bah_jobs/job/McLean-VA/University---2027-Summer-Games-Cyber-Security-Intern---McLean--VA_R0248034
Booz Allen,University - 2027 Summer Games Data Scientist Intern,Summer 2027,False,,Internship,,Data & ML/AI,"McLean, VA",citizens-only,38,$141k/yr,,2026-08-27T00:00:00Z,date_only,2026-08-27T19:51:20Z,https://bah.wd1.myworkdayjobs.com/bah_jobs/job/McLean-VA/University---2027-Summer-Games-Data-Scientist-Intern---McLean--VA_R0248037
Booz Allen,"University, 2027 Summer Games Software Developer Intern",Summer 2027,False,,Internship,,Software,"McLean, VA",citizens-only,38,$108k/yr,Python; Java; C++; JavaScript,2026-08-27T00:00:00Z,date_only,2026-08-27T19:51:20Z,https://bah.wd1.myworkdayjobs.com/bah_jobs/job/McLean-VA/University--2027-Summer-Games-Software-Developer-Intern_R0248029
Booz Allen,University - 2027 Summer Games Data Scientist Intern,Summer 2027,False,,Internship,,Data & ML/AI,"San Diego, CA",citizens-only,38,$141k/yr,,2026-08-27T00:00:00Z,date_only,2026-08-27T19:51:20Z,https://bah.wd1.myworkdayjobs.com/bah_jobs/job/San-Diego-CA/University---2027-Summer-Games-Data-Scientist-Intern---San-Diego--CA_R0248045
Booz Allen,University - 2027 Summer Games Software Developer Intern,Summer 2027,False,,Internship,,Software,"San Diego, CA",citizens-only,38,$108k/yr,Python; Java; C++; JavaScript,2026-08-27T00:00:00Z,date_only,2026-08-27T19:51:20Z,https://bah.wd1.myworkdayjobs.com/bah_jobs/job/San-Diego-CA/University---2027-Summer-Games-Software-Developer-Intern---San-Diego--CA_R0248038
Booz Allen,"University, 2027 Summer Games Cyber Security Intern",Summer 2027,False,,Internship,,Security,"San Diego, CA",citizens-only,38,$108k/yr,Linux,2026-08-27T00:00:00Z,date_only,2026-08-27T19:51:20Z,https://bah.wd1.myworkdayjobs.com/bah_jobs/job/San-Diego-CA/University--2027-Summer-Games-Cyber-Security-Intern_R0248043
Brunswick,Mercury Marine: Mechanical Engineering Intern,Summer 2027,False,,Internship,,Hardware,"Fond du Lac, WI",unknown,54,$18–$27.5/hr,,2026-08-27T00:00:00Z,date_only,2026-08-29T21:42:31Z,https://brunswick.wd1.myworkdayjobs.com/search/job/Fond-du-Lac-WI/Mercury-Marine--Mechanical-Engineering-Intern_JR-051390
Brunswick,Manufacturing Engineering Intern,Summer 2027,False,,Internship,,Hardware,"New York Mills, MN",no-sponsorship,54,$18–$27/hr,,2026-08-27T00:00:00Z,date_only,2026-08-29T21:42:31Z,https://brunswick.wd1.myworkdayjobs.com/search/job/New-York-Mills-MN/Manufacturing-Engineering-Intern_JR-051341-1
Johns Manville (JM),Product Management Intern- Summer 2027,Summer 2027,False,,Internship,,Software,Denver CO WHQ,unknown,,$52.6k/yr,,2026-08-27T00:00:00Z,date_only,2026-08-27T19:51:20Z,https://jm.wd103.myworkdayjobs.com/External/job/Denver-CO-WHQ/Product-Management-Intern--Summer-2027_R26_1432
Micron Technology,"Intern - Technical Customer Management, AI",Not stated,True,,Internship,,Data & ML/AI,"Longmont-MAX- Office, CO",unknown,489,,Python; SQL,2026-08-27T00:00:00Z,date_only,2026-08-27T19:51:20Z,https://micron.wd1.myworkdayjobs.com/External/job/Longmont-MAX--Office-CO/Intern---Technical-Customer-Management--AI_JR109454
PSECU,Data Analyst Intern,Not stated,True,,Internship,,Data & ML/AI,"Harrisburg, PA",unknown,,,Python; SQL; Tableau,2026-08-27T00:00:00Z,date_only,2026-08-27T19:51:20Z,https://psecu.wd12.myworkdayjobs.com/PSECU/job/Harrisburg-PA/Data-Analyst-Intern_JR100964
ROCKWOOL Group,Product Management - Intern,Not stated,True,,Internship,,Software,"Chicago, Illinois",unknown,,,,2026-08-27T00:00:00Z,date_only,2026-08-27T19:51:20Z,https://rockwoolgroup.wd3.myworkdayjobs.com/ROCKWOOL/job/Chicago-Illinois/Product-Management---Intern_R0035795
Workiva,Spring & Summer 2027 Intern - Product Management,Summer 2027,False,,Internship,yes,Software,USA - Remote,unknown,3,,,2026-08-27T00:00:00Z,date_only,2026-08-29T14:25:16Z,https://workiva.wd503.myworkdayjobs.com/careers/job/USA---Remote/Spring---Summer-2027-Intern---Product-Management_R12355
Workiva,Summer 2027 Intern - Machine Learning Engineering,Summer 2027,False,,Internship,yes,Data & ML/AI,USA - Remote,unknown,3,,Python; AWS; Kubernetes; Docker; Git,2026-08-27T00:00:00Z,date_only,2026-08-29T14:25:16Z,https://workiva.wd503.myworkdayjobs.com/careers/job/USA---Remote/Summer-2027-Intern---Machine-Learning-Engineering_R12194-1
Wavetronix,Computer Science Internship Summer 2027,Summer 2027,False,,Internship,,Software,"Springville, UT",unknown,,,,2026-08-26T19:01:37.268Z,exact,2026-08-26T19:16:32Z,https://wavetronix.breezy.hr/p/565668353504-computer-science-internship-summer-2027
Axon,2027 US Embedded Engineering Internship,Summer 2027,False,,Internship,,Software,"Seattle, Washington, United States",unknown,72,,Python; Java; C#; Scala; Linux,2026-08-26T18:50:07-04:00,exact,2026-08-26T23:16:52Z,https://job-boards.greenhouse.io/axontalentcommunity/jobs/7800627003
WhiteWater Midstream,Data Science Intern - Summer 2027,Summer 2027,False,,Internship,,Data & ML/AI,"Austin, TX",unknown,,,Python; SQL; Tableau,2026-08-26T10:46:01-04:00,exact,2026-08-26T14:56:59Z,https://job-boards.greenhouse.io/whitewatermidstream/jobs/5217853007
Verisk,AI Intern | Summer Internship Program,Summer 2027,False,,Internship,,Data & ML/AI,"Jersey City, NJ, United States",unknown,4,,LLMs; Tableau,2026-08-26,date_only,2026-08-26T19:16:32Z,https://fa-ewmy-saasfaprod1.fa.ocs.oraclecloud.com/hcmUI/CandidateExperience/en/sites/CX_1/job/4682
AECOM,Structural Engineering Intern - Hiring Event with AECOM - Philadelphia,Summer 2027,False,,Internship,,Hardware,"Philadelphia, PA, United States",unknown,246,,,2026-08-26T02:16:01.019Z,exact,2026-08-26T03:17:41Z,https://jobs.smartrecruiters.com/AECOM2/744000145646379
AECOM,Structural Engineering Intern,Summer 2027,False,,Internship,,Hardware,"Roanoke, VA, United States",unknown,246,,,2026-08-26T02:16:50.938Z,exact,2026-08-26T03:17:41Z,https://jobs.smartrecruiters.com/AECOM2/744000145646439
AECOM,Structural Engineering Intern - Bridge & Transportation Structures,Summer 2027,False,,Internship,,Hardware,"Arlington, VA, United States",unknown,246,,,2026-08-26T21:14:22.665Z,exact,2026-08-26T23:16:52Z,https://jobs.smartrecruiters.com/AECOM2/744000145837999
AbbVie,2027 Business Technology Solutions Intern - Data & Software Engineering (Undergraduate),Summer 2027,False,,Internship,,Data & ML/AI,"Irvine, CA, United States",unknown,303,,Python; Java; TypeScript; JavaScript; SQL; LLMs; Node.js; Vue,2026-08-26T00:51:58.258Z,exact,2026-08-26T01:47:46Z,https://jobs.smartrecruiters.com/AbbVie/3743990014860306
AbbVie,2027 Business Technology Solutions Intern - Data & Software Engineering (Undergraduate),Summer 2027,False,,Internship,,Data & ML/AI,"South San Francisco, CA, United States",unknown,303,,Python; Java; TypeScript; JavaScript; SQL; LLMs; Node.js; Vue,2026-08-26T00:54:51.383Z,exact,2026-08-26T01:47:46Z,https://jobs.smartrecruiters.com/AbbVie/3743990014860391
Bosch,Phone as a Key Software Engineering - Intern,Not stated,True,,Internship,,Software,"Plymouth, MI, United States",unknown,,,Python; C++; ROS,2026-08-26T16:23:12.316Z,exact,2026-08-26T16:30:33Z,https://jobs.smartrecruiters.com/BoschGroup/744000145785190
Ancestry,"Software Engineer – Observability, Co-op",Not stated,True,,Co-op,,Software,"Draper, Utah",unknown,88,,Python; Java; TypeScript; JavaScript; SQL; LLMs; React; Node.js,2026-08-26T00:00:00Z,date_only,2026-08-26T23:16:52Z,https://ancestry.wd501.myworkdayjobs.com/Careers/job/Draper-Utah/Software-Engineer---Observability--Co-op_R003434
Ardian,Infrastructure Intern – February 2027 I NYC,Summer 2027,False,,Internship,,Software,New York,unknown,3,,,2026-08-26T00:00:00Z,date_only,2026-08-26T19:16:32Z,https://ardian.wd103.myworkdayjobs.com/ArdianCareers/job/New-York/Infrastructure-Intern---February-2027-I-NYC_JR1002214
Brunswick,Mercury Marine: Manufacturing/Industrial Engineering Co-op,Not stated,True,,Co-op,,Hardware,"Fond du Lac, WI",unknown,54,$18–$27.5/hr,,2026-08-26T00:00:00Z,date_only,2026-08-29T21:42:31Z,https://brunswick.wd1.myworkdayjobs.com/search/job/Fond-du-Lac-WI/Mercury-Marine--Manufacturing-Industrial-Engineering-Co-op_JR-051389
Brunswick,Mercury Marine: Materials Engineering Co-op,Not stated,True,,Co-op,,Hardware,"Fond du Lac, WI",unknown,54,$18–$27.5/hr,,2026-08-26T00:00:00Z,date_only,2026-08-29T21:42:31Z,https://brunswick.wd1.myworkdayjobs.com/search/job/Fond-du-Lac-WI/Mercury-Marine--Materials-Engineering-Co-op_JR-051138
Chamberlain Group,Manufacturing Process Documentation Intern (Summer 2027),Summer 2027,False,,Internship,,Hardware,"Malvern, AR",unknown,33,,,2026-08-26T00:00:00Z,date_only,2026-08-29T08:57:34Z,https://chamberlain.wd1.myworkdayjobs.com/Chamberlain_Group/job/Malvern-AR/Manufacturing-Process-Documentation-Intern--Summer-2027-_JR31463
Chemours,AI & Data Science Intern,Not stated,True,,Internship,yes,Data & ML/AI,US - Remote,unknown,3,,Python; JavaScript; SQL; scikit-learn; Pandas; LLMs; React; Flask,2026-08-26T00:00:00Z,date_only,2026-08-26T23:16:52Z,https://chemours.wd103.myworkdayjobs.com/Chemours/job/US---Remote/AI---Data-Science-Intern_JR15013
Customers Bank,AI Innovation Risk Co-Op,Not stated,True,,Co-op,,Data & ML/AI,"Malvern, PA",no-sponsorship,,,,2026-08-26T00:00:00Z,date_only,2026-08-28T04:14:20Z,https://customersbank.wd1.myworkdayjobs.com/customersbankcareers/job/Malvern-PA/AI-Innovation-Risk-Co-Op_REQ-2026-978
IMEG,"Mechanical Engineering Intern | Columbus, OH",Summer 2027,False,,Internship,,Hardware,"Columbus, OH",unknown,10,$22/hr,,2026-08-26T00:00:00Z,date_only,2026-08-26T23:16:52Z,https://wd1.myworkdaysite.com/recruiting/imeg/Imeg_Careers/job/Columbus-OH/Mechanical-Engineering-Intern---Columbus--OH_R-16523
Leidos,Cybersecurity Analyst Intern,Summer 2027,False,,Internship,,Security,"Odenton, MD",citizens-only,79,,Python; Linux,2026-08-26T00:00:00Z,date_only,2026-08-26T23:16:52Z,https://leidos.wd5.myworkdayjobs.com/External/job/Odenton-MD/Cybersecurity-Analyst-Intern_R-00190663
Leidos,Cybersecurity Analyst Intern,Summer 2027,False,,Internship,,Security,"Pearl Harbor, HI",citizens-only,79,,Python; Linux,2026-08-26T00:00:00Z,date_only,2026-08-26T23:16:52Z,https://leidos.wd5.myworkdayjobs.com/External/job/Pearl-Harbor-HI/Cybersecurity-Analyst-Intern_R-00190665
Leidos,Cybersecurity Analyst Intern,Summer 2027,False,,Internship,,Security,"Shiloh, IL",citizens-only,79,,Python; Linux,2026-08-26T00:00:00Z,date_only,2026-08-26T19:16:32Z,https://leidos.wd5.myworkdayjobs.com/External/job/Shiloh-IL/Cybersecurity-Analyst-Intern_R-00190667
Leidos,Cybersecurity Analyst Intern,Summer 2027,False,,Internship,,Security,"Sunset, UT",citizens-only,79,,Python; Linux,2026-08-26T00:00:00Z,date_only,2026-08-26T23:16:52Z,https://leidos.wd5.myworkdayjobs.com/External/job/Sunset-UT/Cybersecurity-Analyst-Intern_R-00190664
Leidos,Cybersecurity Analyst Intern,Summer 2027,False,,Internship,,Security,"Whitehall, OH",citizens-only,79,,Python; Linux,2026-08-26T00:00:00Z,date_only,2026-08-26T19:16:32Z,https://leidos.wd5.myworkdayjobs.com/External/job/Whitehall-OH/Cybersecurity-Analyst-Intern_R-00190669
Northrop Grumman,2026 Part-Time Mechanical Engineering Intern - Chandler AZ,Fall 2026,False,,Internship,,Hardware,United States-Arizona-Chandler,citizens-only,,$17.75–$32.75/hr,,2026-08-26T00:00:00Z,date_only,2026-08-26T23:16:52Z,https://ngc.wd1.myworkdayjobs.com/Northrop_Grumman_External_Site/job/United-States-Arizona-Chandler/XMLNAME-2026-Part-Time-Mechanical-Engineering-Intern---Chandler-AZ_R10247965
QTS,Summer 2027 Internship: Internal Data Center Infrastructure Projects,Summer 2027,False,,Internship,,Data & ML/AI,"Irving, TX",citizens-only,,,,2026-08-26T00:00:00Z,date_only,2026-08-26T14:56:59Z,https://qtsdatacenters.wd5.myworkdayjobs.com/qts/job/Irving-TX/Summer-2027-Internship--Internal-Data-Center-Infrastructure-Projects_R2026-1906
The Hartford,Tech & Data Program Summer 2027 – Data Engineer Intern (Charlotte),Summer 2027,False,,Internship,,Data & ML/AI,"Charlotte, NC",no-sponsorship,,,Python; SQL; LLMs; AWS; GCP; Azure; Git; Tableau,2026-08-26T00:00:00Z,date_only,2026-08-26T19:16:32Z,https://thehartford.wd5.myworkdayjobs.com/Careers_External/job/Charlotte-NC/Tech---Data-Program-Summer-2027---Data-Engineer-Intern--Charlotte-_R2626648
The Hartford,Tech & Data Program Summer 2027 - Software Engineer Intern (Charlotte),Summer 2027,False,,Internship,,Data & ML/AI,"Charlotte, NC",no-sponsorship,,,Python; Java; C#; JavaScript; SQL; LLMs; React; Angular,2026-08-26T00:00:00Z,date_only,2026-08-26T19:16:32Z,https://thehartford.wd5.myworkdayjobs.com/Careers_External/job/Charlotte-NC/Tech---Data-Program-Summer-2027---Software-Engineer-Intern--Charlotte-_R2626649
The Hartford,Tech & Data Program Summer 2027 - Data Engineer Intern (Chicago),Summer 2027,False,,Internship,,Data & ML/AI,"Chicago, IL",no-sponsorship,,,Python; SQL; LLMs; AWS; GCP; Azure; Git; Tableau,2026-08-26T00:00:00Z,date_only,2026-08-26T23:16:52Z,https://thehartford.wd5.myworkdayjobs.com/Careers_External/job/Chicago-IL/Tech---Data-Program-Summer-2027---Data-Engineer-Intern--Chicago-_R2626650
Maximor AI,Software engineering Intern,Not stated,True,,Internship,,Software,New York City,unknown,,,Python; TypeScript; JavaScript; LLMs; React; AWS; GCP; Kubernetes,2026-08-25T20:15:07.571+00:00,exact,2026-08-26T09:55:33Z,https://jobs.ashbyhq.com/maximor/3ff6e57d-5430-4836-b6f0-19044d8ee6d8
Verkada,Backend Software Engineering Intern 2027,Summer 2027,False,,Internship,,Software,"San Mateo, CA United States",offers,67,,Python; Go; Computer Vision; AWS; Kubernetes; Docker; Terraform; Linux,2026-08-25T14:11:57-04:00,exact,2026-08-25T18:53:39Z,https://job-boards.greenhouse.io/verkada/jobs/5210813007
Verkada,Frontend Software Engineering Intern 2027,Summer 2027,False,,Internship,,Software,"San Mateo, CA United States",offers,67,,TypeScript; JavaScript; React; Angular; Vue,2026-08-25T14:12:05-04:00,exact,2026-08-25T18:53:39Z,https://job-boards.greenhouse.io/verkada/jobs/5210942007
Verkada,Embedded Software Engineering Intern 2027,Summer 2027,False,,Internship,,Software,"San Mateo, CA United States",offers,67,,C++; Linux,2026-08-25T14:12:01-04:00,exact,2026-08-25T18:53:39Z,https://job-boards.greenhouse.io/verkada/jobs/5211595007
Verkada,Security Software Engineering Intern 2027,Summer 2027,False,,Internship,,Security,"San Mateo, CA United States",offers,67,,Python; Go; Computer Vision; AWS; Kubernetes; Docker; Terraform; Linux,2026-08-25T14:12:08-04:00,exact,2026-08-25T18:53:39Z,https://job-boards.greenhouse.io/verkada/jobs/5213881007
Verkada,Mobile Software Engineering Intern 2027,Summer 2027,False,,Internship,,Software,"San Mateo, CA United States",offers,67,,Swift; Kotlin,2026-08-25T14:12:17-04:00,exact,2026-08-25T18:53:39Z,https://job-boards.greenhouse.io/verkada/jobs/5219131007
Nokia,Deepfield Software Engineer Co-op,Not stated,True,,Co-op,,Software,United States,unknown,321,,Python; Rust; JavaScript; LLMs; React; Linux,2026-08-25,date_only,2026-08-25T16:48:39Z,https://fa-evmr-saasfaprod1.fa.ocs.oraclecloud.com/hcmUI/CandidateExperience/en/sites/CX_1/job/39908
AECOM,Structural Engineering Intern - Hiring Event with AECOM - Philadelphia,Summer 2027,False,,Internship,,Hardware,"Philadelphia, PA, United States",unknown,246,,,2026-08-25T13:33:11.032Z,exact,2026-08-25T14:04:34Z,https://jobs.smartrecruiters.com/AECOM2/744000145517564
Bosch,AI Security Research Intern,Not stated,True,,Internship,,Data & ML/AI,"Pittsburgh, PA, United States",unknown,,,Python; PyTorch; LLMs,2026-08-25T12:50:20.265Z,exact,2026-08-25T13:03:59Z,https://jobs.smartrecruiters.com/BoschGroup/744000145507908
Brunswick,Mercury Marine - Systems/Software Engineering Co-op,Not stated,True,,Co-op,,Software,"Fond du Lac, WI",unknown,54,$18–$27.5/hr,Python; Java; SQL; Azure; Git,2026-08-25T00:00:00Z,date_only,2026-08-29T21:42:31Z,https://brunswick.wd1.myworkdayjobs.com/search/job/Fond-du-Lac-WI/Mercury-Marine---Systems-Software-Engineering-Co-op_JR-051212
Brunswick,Mercury Marine: Advanced Manufacturing/Operations Analytics Engineering Co-op,Summer 2027,False,,Co-op,,Data & ML/AI,"Fond du Lac, WI",unknown,54,$18–$27.5/hr,SQL; Azure,2026-08-25T00:00:00Z,date_only,2026-08-29T21:42:31Z,https://brunswick.wd1.myworkdayjobs.com/search/job/Fond-du-Lac-WI/Mercury-Marine--Advanced-Manufacturing-Operations-Analytics-Engineering-Co-op_JR-051238
Brunswick,Mercury Marine: Materials Engineering Intern,Not stated,True,,Internship,,Hardware,"Fond du Lac, WI",unknown,54,$18–$27.5/hr,,2026-08-25T00:00:00Z,date_only,2026-08-29T21:42:31Z,https://brunswick.wd1.myworkdayjobs.com/search/job/Fond-du-Lac-WI/Mercury-Marine--Materials-Engineering-Intern_JR-051117
Brunswick,Mercury Marine: Product Management Intern – Oils & Lubricants,Not stated,True,,Internship,,Software,"Fond du Lac, WI",unknown,54,$18–$27.5/hr,,2026-08-25T00:00:00Z,date_only,2026-08-25T15:00:05Z,https://brunswick.wd1.myworkdayjobs.com/search/job/Fond-du-Lac-WI/Mercury-Marine--Product-Management-Intern---Oils---Lubricants_JR-051213
Brunswick,Merucry Marine: Product Management Intern – Parts & Accessories,Not stated,True,,Internship,,Software,"Fond du Lac, WI",unknown,54,$18–$27.5/hr,,2026-08-25T00:00:00Z,date_only,2026-08-29T21:42:31Z,https://brunswick.wd1.myworkdayjobs.com/search/job/Fond-du-Lac-WI/Merucry-Marine--Product-Management-Intern---Parts---Accessories_JR-051142
Brunswick,Mechanical Engineering Intern,Not stated,True,,Internship,,Hardware,"Menomonee Falls, WI",unknown,54,$18–$27/hr,,2026-08-25T00:00:00Z,date_only,2026-08-25T14:04:34Z,https://brunswick.wd1.myworkdayjobs.com/search/job/Menomonee-Falls-WI/Mechanical-Engineering-Intern_JR-051231
Brunswick,Mercury Marine: Software Validation Intern,Not stated,True,,Internship,,Software,"Oshkosh, WI",unknown,54,$18–$27.5/hr,Python; C++; C#,2026-08-25T00:00:00Z,date_only,2026-08-29T21:42:31Z,https://brunswick.wd1.myworkdayjobs.com/search/job/Oshkosh-WI/Mercury-Marine--Software-Validation-Intern_JR-051160
GlobalFoundries,Cybersecurity Intern (Summer 2027),Summer 2027,False,,Internship,,Security,USA - New York - Malta,unknown,110,,,2026-08-25T00:00:00Z,date_only,2026-08-25T14:04:34Z,https://globalfoundries.wd1.myworkdayjobs.com/External/job/USA---New-York---Malta/Cybersecurity-Intern--Summer-2027-_JR-2604459
IMEG,"Structural Intern | Fairfax, VA",Summer 2027,False,,Internship,,Hardware,"Washington, DC",unknown,10,$22–$25/hr,,2026-08-25T00:00:00Z,date_only,2026-08-25T15:57:23Z,https://wd1.myworkdaysite.com/recruiting/imeg/Imeg_Careers/job/Washington-DC/Structural-Intern---Fairfax--VA_R-16618
Northrop Grumman,2027 Software Engineering Intern- Huntsville AL,Summer 2027,False,,Internship,,Software,United States-Alabama-Huntsville,citizens-only,,$25.5–$32/hr,,2026-08-25T00:00:00Z,date_only,2026-08-25T11:41:27Z,https://ngc.wd1.myworkdayjobs.com/Northrop_Grumman_External_Site/job/United-States-Alabama-Huntsville/XMLNAME-2027-Software-Engineering-Intern--Huntsville-AL_R10247486
Northrop Grumman,2027 Software Test Engineering Intern- Huntsville AL,Summer 2027,False,,Internship,,Software,United States-Alabama-Huntsville,citizens-only,,$25.5–$32/hr,Python; Java; C++; Git; Tableau,2026-08-25T00:00:00Z,date_only,2026-08-25T11:41:27Z,https://ngc.wd1.myworkdayjobs.com/Northrop_Grumman_External_Site/job/United-States-Alabama-Huntsville/XMLNAME-2027-Software-Test-Engineering-Intern--Huntsville-AL_R10247483
Northrop Grumman,2027 Software Test Engineering Intern- Huntsville AL,Summer 2027,False,,Internship,,Software,United States-Alabama-Huntsville,citizens-only,,$25.5–$32/hr,Python; Java; C++; Git; Tableau,2026-08-25T00:00:00Z,date_only,2026-08-25T11:41:27Z,https://ngc.wd1.myworkdayjobs.com/Northrop_Grumman_External_Site/job/United-States-Alabama-Huntsville/XMLNAME-2027-Software-Test-Engineering-Intern--Huntsville-AL_R10247485
Northrop Grumman,2027 Software Test Engineering Intern- Huntsville AL,Summer 2027,False,,Internship,,Software,United States-Alabama-Huntsville,citizens-only,,$25.5–$32/hr,,2026-08-25T00:00:00Z,date_only,2026-08-25T17:41:58Z,https://ngc.wd1.myworkdayjobs.com/Northrop_Grumman_External_Site/job/United-States-Alabama-Huntsville/XMLNAME-2027-Software-Test-Engineering-Intern--Huntsville-AL_R10247487
Philips,"Co-op - Robotics Mechatronics, Surgical Robotics - Cambridge, MA - January 2027",Summer 2027,False,,Co-op,,Hardware,"Cambridge (US), Massachusetts, United States",unknown,,,,2026-08-25T00:00:00Z,date_only,2026-08-25T18:53:39Z,https://philips.wd3.myworkdayjobs.com/jobs-and-careers/job/Cambridge-US-Massachusetts-United-States/Co-op---Robotics-Mechatronics--Surgical-Robotics---Cambridge--MA---January-2027_589902
Sensata,Mechanical Engineer Intern (Dynapower) - Summer 2027,Summer 2027,False,,Internship,,Hardware,"Dynapower South Burlington, VT",citizens-only,24,,,2026-08-25T00:00:00Z,date_only,2026-08-25T15:00:05Z,https://sensata.wd1.myworkdayjobs.com/Sensata-Careers/job/Dynapower-South-Burlington-VT/Mechanical-Engineer-Intern--Dynapower----Summer-2027_IRC98334
The Hartford,Tech & Data Program Summer 2027 - Software Engineer Intern (Columbus),Summer 2027,False,,Internship,,Data & ML/AI,"Columbus, OH",no-sponsorship,,,Python; Java; C#; JavaScript; SQL; LLMs; Angular; AWS,2026-08-25T00:00:00Z,date_only,2026-08-25T19:42:43Z,https://thehartford.wd5.myworkdayjobs.com/Careers_External/job/Columbus-OH/Tech---Data-Summer-Program-2027---Software-Engineer-Intern--Columbus-_R2626609
Rivet Industries,"Software Engineer Intern, XR Team (Fall 2026)",Fall 2026,False,,Internship,,Software,"Bellevue, WA",citizens-only,,,,2026-08-24T20:33:26.447+00:00,exact,2026-08-24T20:42:21Z,https://jobs.ashbyhq.com/rivet/4e02461a-9f6c-4d3c-a511-6d54f31999bc
Advanced Space,2027 Software Engineering Summer Internship,Summer 2027,False,,Internship,,Software,"Westminster, CO",unknown,,$26–$35/hr,Python; C++; Linux,2026-08-24T16:37:48-04:00,exact,2026-08-24T21:41:46Z,https://job-boards.greenhouse.io/advancedspace/jobs/4324855009
Advanced Space,2027 Machine Learning Summer Internship,Summer 2027,False,,Internship,,Data & ML/AI,"Westminster, CO",unknown,,$28–$37/hr,Python; C++; PyTorch; TensorFlow; scikit-learn; Pandas; Computer Vision; CUDA,2026-08-24T16:22:30-04:00,exact,2026-08-24T20:42:21Z,https://job-boards.greenhouse.io/advancedspace/jobs/4324875009
Advanced Space,2027 DevOps Summer Internship,Summer 2027,False,,Internship,,Software,"Westminster, CO",unknown,,$26–$35/hr,Python; AWS; Kubernetes; Docker; Terraform; Linux; Git,2026-08-24T16:17:46-04:00,exact,2026-08-24T20:42:21Z,https://job-boards.greenhouse.io/advancedspace/jobs/4333179009
Audax Group,Data Engineer Co-Op,Not stated,True,,Co-op,,Data & ML/AI,"Boston, Massachusetts",unknown,,,Python; Java; SQL,2026-08-24T06:00:00-04:00,exact,2026-08-24T10:48:12Z,https://job-boards.greenhouse.io/audaxgroup/jobs/4722770005
BTI360,Software Engineering Intern,Summer 2027,False,,Internship,,Software,"Herndon,VA",citizens-only,,,Python; Java; C++; SQL; React; Angular; Spring; AWS,2026-08-24T16:37:00-04:00,exact,2026-08-25T09:48:25Z,https://job-boards.greenhouse.io/bti36021/jobs/8155152
Meridian Partners,Flight Software Engineer Co-op,Not stated,True,,Co-op,,Software,"Cambridge, MA",citizens-only,,,Python; C++; Rust; Linux,2026-08-24T20:22:51-04:00,exact,2026-08-25T01:42:18Z,https://job-boards.greenhouse.io/morsecorpcoop/jobs/7967400003
Meridian Partners,Cloud Software Engineer Co-op,Not stated,True,,Co-op,,Software,"Cambridge, MA",citizens-only,,,Python; AWS; GCP; Azure; Kubernetes; Docker; Terraform; Git,2026-08-24T20:50:28-04:00,exact,2026-08-25T01:42:18Z,https://job-boards.greenhouse.io/morsecorpcoop/jobs/7967614003
Meridian Partners,Data Scientist Co-op,Not stated,True,,Co-op,,Data & ML/AI,"Cambridge, MA, Arlington, VA, Seattle, WA",citizens-only,,,Python; scikit-learn; Pandas; LLMs; Computer Vision; Docker; Git; Spark,2026-08-24T21:17:48-04:00,exact,2026-08-25T01:42:18Z,https://job-boards.greenhouse.io/morsecorpcoop/jobs/7967776003
Meridian Partners,Data Scientist Graduate Co-op,Not stated,True,,Co-op,,Data & ML/AI,"Cambridge, MA, Arlington, VA",citizens-only,,,Python; scikit-learn; Pandas; LLMs; Computer Vision; Docker; Git; Spark,2026-08-24T21:21:07-04:00,exact,2026-08-25T01:42:18Z,https://job-boards.greenhouse.io/morsecorpcoop/jobs/7967886003
Meridian Partners,Front End Software Engineer Co-op,Not stated,True,,Co-op,,Software,"Cambridge, MA",citizens-only,,,Python; React; Git,2026-08-24T21:42:14-04:00,exact,2026-08-25T03:11:15Z,https://job-boards.greenhouse.io/morsecorpcoop/jobs/7967961003
Meridian Partners,Front End Software Engineer Graduate Co-op,Not stated,True,,Co-op,,Software,"Cambridge, MA",citizens-only,,,Python; React; Git,2026-08-24T21:44:57-04:00,exact,2026-08-25T03:11:15Z,https://job-boards.greenhouse.io/morsecorpcoop/jobs/7968076003
Meridian Partners,Full Stack Software Engineer Co-op,Not stated,True,,Co-op,,Software,"Cambridge, MA, Arlington, VA, Seattle, WA",citizens-only,,,Python; JavaScript; AWS; Azure; Docker; Git,2026-08-24T21:54:21-04:00,exact,2026-08-25T03:11:15Z,https://job-boards.greenhouse.io/morsecorpcoop/jobs/7968093003
Meridian Partners,Full Stack Software Engineer Graduate Co-op,Not stated,True,,Co-op,,Software,"Cambridge, MA, Arlington, VA, Seattle, WA",citizens-only,,,Python; JavaScript; AWS; Azure; Docker; Git,2026-08-24T21:54:23-04:00,exact,2026-08-25T03:11:15Z,https://job-boards.greenhouse.io/morsecorpcoop/jobs/7968100003
Meridian Partners,Machine Learning Engineer Co-op,Not stated,True,,Co-op,,Data & ML/AI,"Cambridge, MA, Arlington, VA, Seattle, WA",citizens-only,,,Python; LLMs; Computer Vision; AWS; Azure; Docker; Airflow,2026-08-24T22:25:21-04:00,exact,2026-08-25T03:11:15Z,https://job-boards.greenhouse.io/morsecorpcoop/jobs/7968308003
Meridian Partners,Mechanical Engineer Co-op,Not stated,True,,Co-op,,Hardware,"Cambridge, MA",citizens-only,,,,2026-08-24T22:29:42-04:00,exact,2026-08-25T03:11:15Z,https://job-boards.greenhouse.io/morsecorpcoop/jobs/7968311003
Meridian Partners,Python Software Engineer Co-op,Not stated,True,,Co-op,,Software,"Cambridge, MA, Arlington, VA, Seattle, WA",citizens-only,,,Python; AWS; Azure; Docker; Git,2026-08-24T22:39:08-04:00,exact,2026-08-25T03:11:15Z,https://job-boards.greenhouse.io/morsecorpcoop/jobs/7968338003
Meridian Partners,Python Software Engineer Graduate Co-op,Not stated,True,,Co-op,,Software,"Cambridge, MA, Arlington, VA, Seattle, WA",citizens-only,,,Python; AWS; Azure; Docker; Git,2026-08-24T22:42:42-04:00,exact,2026-08-25T03:11:15Z,https://job-boards.greenhouse.io/morsecorpcoop/jobs/7968485003
Meridian Partners,Aerospace Algorithms Engineer Co-op,Not stated,True,,Co-op,,Hardware,"Cambridge, MA, Arlington, VA, Seattle, WA",citizens-only,,,Python,2026-08-24T23:01:14-04:00,exact,2026-08-25T03:11:15Z,https://job-boards.greenhouse.io/morsecorpcoop/jobs/7968520003
Meridian Partners,Aerospace Algorithms Engineer Graduate Co-op,Not stated,True,,Co-op,,Hardware,"Cambridge, MA, Arlington, VA, Seattle, WA",citizens-only,,,Python,2026-08-24T23:01:16-04:00,exact,2026-08-25T03:11:15Z,https://job-boards.greenhouse.io/morsecorpcoop/jobs/7968522003
Meridian Partners,Embedded Software Engineer Graduate Co-op,Not stated,True,,Co-op,,Software,"Cambridge, MA",citizens-only,,,Python; C++; Rust,2026-08-24T23:06:53-04:00,exact,2026-08-25T04:50:14Z,https://job-boards.greenhouse.io/morsecorpcoop/jobs/7968523003
Meridian Partners,Embedded Software Engineer Co-op,Not stated,True,,Co-op,,Software,"Cambridge, MA",citizens-only,,,Python; C++; Rust,2026-08-24T23:07:54-04:00,exact,2026-08-25T04:50:14Z,https://job-boards.greenhouse.io/morsecorpcoop/jobs/7968605003
Sage,Software Engineering Intern (Full Stack) – Summer 2027,Summer 2027,False,,Internship,,Software,"New York, New York, United States",unknown,,$50/hr,Python; Java; TypeScript; JavaScript; SQL; React; Node.js; Git,2026-08-24T10:55:27-04:00,exact,2026-08-25T09:48:25Z,https://job-boards.greenhouse.io/sage49/jobs/6131185004
Sage,Software Engineering Intern (Edge) – Summer 2027,Summer 2027,False,,Internship,,Software,"New York, New York, United States",unknown,,$50/hr,Python; Java; AWS; Linux,2026-08-24T10:55:35-04:00,exact,2026-08-25T09:48:25Z,https://job-boards.greenhouse.io/sage49/jobs/6131191004
Brunswick,Software Engineering Intern,Not stated,True,,Internship,,Software,"Champaign, IL",unknown,54,$18–$27/hr,Python; Rust; TypeScript; Azure; Git,2026-08-24T00:00:00Z,date_only,2026-08-24T22:38:10Z,https://brunswick.wd1.myworkdayjobs.com/search/job/Champaign-IL/Software-Engineering-Intern_JR-051316
Brunswick,Mechanical Engineer Co-op/Intern,Summer 2027,False,,Internship / Co-op,,Hardware,"Lowell, MI",no-sponsorship,54,$18–$27/hr,,2026-08-24T00:00:00Z,date_only,2026-08-24T18:55:30Z,https://brunswick.wd1.myworkdayjobs.com/search/job/Lowell-MI/Mechanical-Engineer-Co-op-Intern_JR-051322
Brunswick,Electro - Mechanical Engineering Intern,Not stated,True,,Internship,,Hardware,"Menomonee Falls, WI",no-sponsorship,54,$18–$27/hr,,2026-08-24T00:00:00Z,date_only,2026-08-24T18:55:30Z,https://brunswick.wd1.myworkdayjobs.com/search/job/Menomonee-Falls-WI/Electro---Mechanical-Engineering-Intern_JR-051298
Canadian Solar,"Data Analyst, Quality Intern",Not stated,True,,Internship,,Data & ML/AI,"Mesquite, TX",unknown,6,,SQL,2026-08-24T00:00:00Z,date_only,2026-08-24T20:42:21Z,https://canadiansolar.wd5.myworkdayjobs.com/CanadianSolar/job/Mesquite-TX/Data-Analyst--Quality-Intern_10001414
The Walt Disney Company,"Walt Disney World Workforce Management Industrial Engineering Intern, Spring/Summer 2027",Summer 2027,False,,Internship,,Hardware,"Lake Buena Vista, FL, USA",unknown,2,$31/hr,Python; SQL; Tableau,2026-08-24T00:00:00Z,date_only,2026-08-24T05:48:38Z,https://disney.wd5.myworkdayjobs.com/disneycareer/job/Lake-Buena-Vista-FL-USA/Walt-Disney-World-Workforce-Management-Industrial-Engineering-Intern--Spring-Summer-2027_10158144
Freddie Mac,Multifamily Software Development Intern – Summer 2027,Summer 2027,False,,Internship,,Software,"McLean, VA",unknown,,$32/hr,Java; Angular; Spring; AWS,2026-08-24T00:00:00Z,date_only,2026-08-24T19:41:18Z,https://freddiemac.wd5.myworkdayjobs.com/External/job/McLean-VA/Multifamily-Software-Development-Intern---Summer-2027_JR17564
Freddie Mac,Single-Family Software Developer Intern- Summer 2027,Summer 2027,False,,Internship,,Software,"McLean, VA",unknown,,$32/hr,Python; Java; C++; Angular; Spring; Tableau,2026-08-24T00:00:00Z,date_only,2026-08-24T17:42:06Z,https://freddiemac.wd5.myworkdayjobs.com/External/job/McLean-VA/Single-Family-Software-Developer-Intern--Summer-2027_JR17544
Monolithic Power Systems,AI Developer Intern,Not stated,True,,Internship,,Data & ML/AI,San Jose - California,unknown,20,$30/hr,Python; Java; PyTorch; TensorFlow,2026-08-24T00:00:00Z,date_only,2026-08-24T18:55:30Z,https://monolithicpower.wd12.myworkdayjobs.com/MPS_Careers/job/San-Jose---California/AI-Developer-Intern_R-1756
Motorola,Android Applications Developer Intern - Summer 2027,Summer 2027,False,,Internship,,Software,"Chicago, IL",citizens-only,191,,Kotlin; Git,2026-08-24T00:00:00Z,date_only,2026-08-24T14:59:54Z,https://motorolasolutions.wd5.myworkdayjobs.com/Careers/job/Chicago-IL/Android-Applications-Developer-Intern---Summer-2027_R67740
The Hartford,Tech & Data Program Summer 2027 - Data Engineer Intern (Columbus),Summer 2027,False,,Internship,,Data & ML/AI,"Columbus, OH",no-sponsorship,,,Python; SQL; LLMs; AWS; GCP; Azure; Git; Tableau,2026-08-24T00:00:00Z,date_only,2026-08-24T20:42:21Z,https://thehartford.wd5.myworkdayjobs.com/Careers_External/job/Columbus-OH/Tech---Data-Program-Summer-2027---Data-Engineer-Intern--Columbus-_R2626610
The Hartford,Tech & Data Program Summer 2027 – Data Engineer Intern (Hartford),Summer 2027,False,,Internship,,Data & ML/AI,"Hartford, CT",no-sponsorship,,,Python; SQL; LLMs; AWS; GCP; Azure; Git; Tableau,2026-08-24T00:00:00Z,date_only,2026-08-24T20:42:21Z,https://thehartford.wd5.myworkdayjobs.com/Careers_External/job/Hartford-CT/Tech---Data-Program-Summer-2027---Data-Engineer-Intern--Hartford-_R2626103-1
The Hartford,Tech & Data Program Summer 2027 - Software Engineer Intern (Hartford),Summer 2027,False,,Internship,,Data & ML/AI,"Hartford, CT",no-sponsorship,,,Python; Java; C#; JavaScript; SQL; LLMs; React; Angular,2026-08-24T00:00:00Z,date_only,2026-08-24T20:42:21Z,https://thehartford.wd5.myworkdayjobs.com/Careers_External/job/Hartford-CT/Tech---Data-Program-Summer-2027---Software-Engineer-Intern--Hartford-_R2626105-1
Watts Water,Manufacturing Engineer Intern Summer 2027,Summer 2027,False,,Internship,,Hardware,"St Pauls, NC",unknown,4,,,2026-08-24T00:00:00Z,date_only,2026-08-24T19:41:18Z,https://wattswater.wd5.myworkdayjobs.com/Intern-External/job/St-Pauls-NC/Manufacturing-Engineer-Intern-Summer-2027_10017388
Micron Technology,Intern - TD Site Industrial Engineer,Not stated,True,,Internship,,Hardware,"Boise, ID - Main Site",unknown,489,,Python; SQL; Tableau,2026-08-23T00:00:00Z,date_only,2026-08-23T18:43:09Z,https://micron.wd1.myworkdayjobs.com/External/job/Boise-ID---Main-Site/Intern---TD-Site-Industrial-Engineer_JR108729
Ambrook,Software Engineering Intern,Not stated,True,,Internship,,Software,New York,unknown,,$2K per week • + housing stipend.,TypeScript; React; GCP; PostgreSQL,2026-08-21T19:35:46.030+00:00,exact,2026-08-22T09:39:31Z,https://jobs.ashbyhq.com/ambrook/e458b046-aa7f-4022-bca5-63cdfd495456
H3X Technologies,Embedded Controls Intern (Spring),Not stated,True,,Internship,,Software,"Louisville, Colorado",unknown,,$23–$37/hr,Python; C++; Git,2026-08-21T16:44:22.442+00:00,exact,2026-08-21T17:40:51Z,https://jobs.ashbyhq.com/h3x-technologies/d406e4b4-9b48-438c-a2af-b7feb8563a40
Weave,Data Engineer Intern,Not stated,True,,Internship,,Data & ML/AI,"Weave - Headquarters (Lehi, UT)",unknown,3,,Python; SQL; Git,2026-08-21T19:14:42.880+00:00,exact,2026-08-22T09:39:31Z,https://jobs.ashbyhq.com/weave/1318e017-3ea6-4a1f-aac7-1c11a46cda8d
Atoms,Robotics Software Engineer Intern,Not stated,True,,Internship,,Hardware,"Pittsburgh, PA",unknown,,$25–$35/hr,Python; Java; C++; Rust; Computer Vision; Linux; Git; ROS,2026-08-21T17:36:22-04:00,exact,2026-08-24T19:41:18Z,https://job-boards.greenhouse.io/cssmerge/jobs/8695475002
Atoms,Mechanical Design Engineering Intern‬,Not stated,True,,Internship,,Hardware,"Pittsburgh, PA",unknown,,$25–$35/hr,,2026-08-21T17:41:33-04:00,exact,2026-08-24T19:41:18Z,https://job-boards.greenhouse.io/cssmerge/jobs/8695490002
Syska Hennessy Group,Innovations Intern (Full Stack/Front End Engineering),Not stated,True,,Internship,,Software,New York,unknown,,,JavaScript,2026-08-21T12:56:19-04:00,exact,2026-08-22T09:39:31Z,https://job-boards.greenhouse.io/syskahennessy/jobs/8147733
Brunswick,Software Engineering Intern,Not stated,True,,Internship,,Software,"Tulsa, OK",no-sponsorship,54,$18–$27/hr,Python; Java; C++; Kotlin; Git,2026-08-21T00:00:00Z,date_only,2026-08-21T17:40:51Z,https://brunswick.wd1.myworkdayjobs.com/search/job/Tulsa-OK/Software-Engineering-Intern_JR-051321
Elanco,Manufacturing Scientist/Technical Services Intern – Elanco Technology Center (Summer 2027),Summer 2027,False,,Internship,,Hardware,"Indianapolis, IN",unknown,6,$20–$40/hr,,2026-08-21T00:00:00Z,date_only,2026-08-21T13:57:57Z,https://elanco.wd5.myworkdayjobs.com/External_Career/job/Indianapolis-IN/Manufacturing-Scientist-Technical-Services-Intern---Elanco-Technology-Center--Summer-2027-_R0026897
Heidelberg Materials,Mechanical Engineering Intern,Not stated,True,,Internship,,Hardware,"Nazareth, PA",unknown,,,,2026-08-21T00:00:00Z,date_only,2026-08-21T17:40:51Z,https://heidelbergmaterials.wd3.myworkdayjobs.com/global_hm_career_site/job/Nazareth-PA/Mechanical-Engineering-Intern_JR10018120
Magna International,Intern - Engineering Mechanical Optics,Not stated,True,,Internship,,Hardware,"Auburn Hills, Michigan, US",unknown,,,,2026-08-21T00:00:00Z,date_only,2026-08-21T13:57:57Z,https://magna.wd3.myworkdayjobs.com/Magna/job/Auburn-Hills-Michigan-US/Student---Engineering-Mechanical-Optics_R00256153
Phoebe,Software Engineering Intern,Not stated,True,,Internship,,Software,New York City,unknown,7,,Python; TypeScript; LLMs; React; AWS; PostgreSQL,2026-08-20T15:06:08.548+00:00,exact,2026-08-21T09:47:10Z,https://jobs.ashbyhq.com/phoebe-work/1ffe3e63-2163-447e-a8b0-1fff8b87e0ca
Dev Technology Group,React/Node Developer Intern (Summer 2027),Summer 2027,False,,Internship,,Software,"Reston, Virginia",citizens-only,,$21–$30/hr,Java; TypeScript; JavaScript; SQL; React; Node.js; AWS; Git,2026-08-20T15:12:50-04:00,exact,2026-09-02T13:37:12Z,https://job-boards.greenhouse.io/devtechnology/jobs/8726212002
General Matter,Summer 2027 Internship - Manufacturing Engineering,Summer 2027,False,,Internship,,Hardware,"Los Angeles, CA",unknown,,$30–$40/hr,,2026-08-20T21:06:46-04:00,exact,2026-08-21T01:47:42Z,https://job-boards.greenhouse.io/generalmatter/jobs/5376060008
AbbVie,2027 Business Technology Solutions Intern - Data & Software Engineering (Undergraduate),Summer 2027,False,,Internship,,Data & ML/AI,"North Chicago, IL, United States",unknown,303,,Python; Java; TypeScript; JavaScript; SQL; LLMs; Node.js; Vue,2026-08-20T13:47:48.995Z,exact,2026-08-20T14:01:27Z,https://jobs.smartrecruiters.com/AbbVie/3743990014697918
Western Magnetics,Software Engineering Intern,Not stated,True,,Internship,,Software,"South San Francisco, California, United States",unknown,,,Python; TypeScript; JavaScript; LLMs; Computer Vision; Git,2026-08-20T00:00:00.000Z,date_only,2026-08-20T09:47:30Z,https://apply.workable.com/western-magnetics/j/E366930F3F/
Elanco,"Manufacturing Associate Intern – Elwood, Kansas (Summer 2027)",Summer 2027,False,,Internship,,Hardware,"Elwood, KS",unknown,6,$20–$40/hr,,2026-08-20T00:00:00Z,date_only,2026-08-20T21:40:45Z,https://elanco.wd5.myworkdayjobs.com/External_Career/job/Elwood-KS/Manufacturing-Associate-Intern---Elwood--Kansas--Summer-2027-_R0026899
Fannie Mae,Campus – Data Science Intern (Analytics & Modeling Program),Summer 2027,False,,Internship,,Data & ML/AI,"Washington, DC",no-sponsorship,66,,Python; SQL; Git,2026-08-20T00:00:00Z,date_only,2026-08-20T14:49:19Z,https://fanniemae.wd1.myworkdayjobs.com/FannieMaeCareers/job/Washington-DC/Campus---Data-Science-Intern--Analytics---Modeling-Program-_JR2815
Fifth Third Bank,Information Security Co-op - Cyber Threat Interdiction - Summer 2027,Summer 2027,False,,Co-op,,Security,"Cincinnati, OH",unknown,60,,,2026-08-20T00:00:00Z,date_only,2026-08-20T14:01:27Z,https://fifththird.wd5.myworkdayjobs.com/53careers/job/Cincinnati-OH/Information-Security-Co-op---Cyber-Threat-Interdiction---Summer-2027_R71582
Fifth Third Bank,Information Security Co-op – Identity & Access Management – Summer 2027,Summer 2027,False,,Co-op,,Security,"Cincinnati, OH",unknown,60,,,2026-08-20T00:00:00Z,date_only,2026-08-20T14:49:19Z,https://fifththird.wd5.myworkdayjobs.com/53careers/job/Cincinnati-OH/Information-Security-Co-op---Identity---Access-Management---Summer-2027_R71591
IMEG,"Mechanical Engineering Intern | Greenwood Village, CO",Summer 2027,False,,Internship,,Hardware,"Denver Metro, CO",unknown,10,$22–$24/hr,,2026-08-20T00:00:00Z,date_only,2026-08-20T17:40:35Z,https://wd1.myworkdaysite.com/recruiting/imeg/Imeg_Careers/job/Denver-Metro-CO/Mechanical-Engineering-Intern---Greenwood-Village--CO_R-16570-1
Philips,"Graduate Level Co-op – Data Scientist – Plymouth, MN – January 2027",Summer 2027,False,,Co-op,,Data & ML/AI,"Plymouth, Minnesota, United States",unknown,,,PyTorch; TensorFlow,2026-08-20T00:00:00Z,date_only,2026-08-20T17:40:35Z,https://philips.wd3.myworkdayjobs.com/jobs-and-careers/job/Plymouth-Minnesota-United-States/Graduate-Level-Co-op---Data-Scientist---Plymouth--MN---Summer-2027_590567
Scotts Miracle-Gro,EHS Manufacturing Intern,Not stated,True,,Internship,,Hardware,"Marysville, OH",unknown,,$19–$24/hr,,2026-08-20T00:00:00Z,date_only,2026-08-20T20:41:36Z,https://scottsmiraclegro.wd5.myworkdayjobs.com/smgexternal/job/Marysville-OH/EHS-Manufacturing-Intern_R26379-1
N1,"Software Engineer Intern (Backend, Rust)",Not stated,True,,Internship,,Software,New York City,unknown,,,C++; Rust,2026-08-19T19:57:20.073+00:00,exact,2026-08-19T20:40:39Z,https://jobs.ashbyhq.com/n1/afe7deb5-9cfd-4926-bcb4-058d418592a6
North Wind Group,Structural Engineering Intern 04206 LBYD,Not stated,True,,Internship,,Hardware,"HUNTSVILLE, AL",unknown,,,,2026-08-19T19:43:51.263Z,exact,2026-08-19T20:40:39Z,https://north-wind-group.breezy.hr/p/206627bdd565-structural-engineering-intern-04206-lbyd
Dev Technology Group,AI/ML Intern (Summer 2027),Summer 2027,False,,Internship,,Data & ML/AI,"Reston, Virginia",citizens-only,,$21–$30/hr,Python; Java; PyTorch; TensorFlow,2026-08-19T15:28:37-04:00,exact,2026-09-02T13:37:12Z,https://job-boards.greenhouse.io/devtechnology/jobs/8726074002
Dev Technology Group,Microsoft Power Platform & AI Intern (Summer 2027),Summer 2027,False,,Internship,,Data & ML/AI,"Reston, Virginia",citizens-only,,$21–$30/hr,Python; Java; C#; JavaScript; LLMs; Azure,2026-08-19T15:21:18-04:00,exact,2026-09-02T13:37:12Z,https://job-boards.greenhouse.io/devtechnology/jobs/8726259002
Dev Technology Group,AI/Agentic Solution Engineer Intern (Summer 2027),Summer 2027,False,,Internship,,Data & ML/AI,"Reston, Virginia",citizens-only,,$21–$30/hr,Python; Rust; TypeScript; JavaScript; React; Angular; AWS; Azure,2026-08-19T15:14:36-04:00,exact,2026-09-02T13:37:12Z,https://job-boards.greenhouse.io/devtechnology/jobs/8728292002
Freeform,Manufacturing Engineering Intern (Summer 2027),Summer 2027,False,,Internship,,Hardware,"Los Angeles, CA (On-site)",unknown,,$30/hr,,2026-08-19T18:59:11-04:00,exact,2026-08-19T23:34:19Z,https://job-boards.greenhouse.io/freeformfuturecorp/jobs/7895700003
Freeform,Materials Engineering Intern (Summer 2027),Summer 2027,False,,Internship,,Hardware,"Los Angeles, CA (On-site)",unknown,,$30/hr,,2026-08-19T18:53:47-04:00,exact,2026-08-19T23:34:19Z,https://job-boards.greenhouse.io/freeformfuturecorp/jobs/7907965003
General Matter,Summer 2027 Internship - Software Engineering,Summer 2027,False,,Internship,,Software,"Los Angeles, CA",unknown,,$32–$46/hr,Python; C++; Linux,2026-08-19T18:16:14-04:00,exact,2026-08-19T22:35:39Z,https://job-boards.greenhouse.io/generalmatter/jobs/5377118008
ABB,Manufacturing Engineering/Documentation Intern - Fall 2026,Fall 2026,False,,Internship,,Hardware,"USA, AR, Jonesboro",no-sponsorship,69,$20–$34/hr,,2026-08-19T00:00:00Z,date_only,2026-08-19T16:42:39Z,https://abb.wd3.myworkdayjobs.com/external_career_page/job/USA-AR-Jonesboro/Manufacturing-Engineering-Documentation-Intern---Fall-2026_JR00042298
Copart,Site Reliability Engineer Intern,Not stated,True,,Internship,,Software,"Dallas, TX - Headquarters",unknown,83,,Python; AWS; GCP; Kubernetes; Linux,2026-08-19T00:00:00Z,date_only,2026-08-19T22:35:39Z,https://copart.wd12.myworkdayjobs.com/copart/job/Dallas-TX---Headquarters/Site-Reliability-Engineer-Intern_JR110631
Elanco,"Manufacturing Scientist/Technical Services Intern – Clinton, Indiana (Summer 2027)",Summer 2027,False,,Internship,,Hardware,"Clinton, IN",unknown,6,$20–$40/hr,,2026-08-19T00:00:00Z,date_only,2026-08-19T20:40:39Z,https://elanco.wd5.myworkdayjobs.com/External_Career/job/Clinton-IN/Manufacturing-Scientist-Technical-Services-Intern---Clinton--Indiana--Summer-2027-_R0026869-1
IMEG,"Mechanical Engineering Intern | Greenwood Village, CO",Summer 2027,False,,Internship,,Hardware,"Denver Metro, CO",unknown,10,$22–$24/hr,,2026-08-19T00:00:00Z,date_only,2026-08-19T14:44:49Z,https://wd1.myworkdaysite.com/recruiting/imeg/Imeg_Careers/job/Denver-Metro-CO/Mechanical-Engineering-Intern---Greenwood-Village--CO_R-16558
IMEG,"Mechanical Intern Technician | Germantown, MD",Summer 2027,False,,Internship,,Hardware,"Germantown, MD",citizens-only,10,$22–$24/hr,,2026-08-19T00:00:00Z,date_only,2026-08-19T13:56:57Z,https://wd1.myworkdaysite.com/recruiting/imeg/Imeg_Careers/job/Germantown-MD/Mechanical-Intern-Technician---Germantown--MD_R-16567
IMEG,"Mechanical Engineering Intern | Naperville, IL",Summer 2027,False,,Internship,,Hardware,"Naperville, IL",unknown,10,$22–$24/hr,,2026-08-19T00:00:00Z,date_only,2026-08-19T15:43:18Z,https://wd1.myworkdaysite.com/recruiting/imeg/Imeg_Careers/job/Naperville-IL/Mechanical-Engineering-Intern---Naperville--IL_R-16471
Johnson & Johnson,Automation & Robotics Engineering Spring Co-op,Not stated,True,,Co-op,,Hardware,"Santa Clara, California, United States of America",unknown,8,$27/hr,Python; C++; MATLAB; Computer Vision; ROS,2026-08-19T00:00:00Z,date_only,2026-08-19T13:56:57Z,https://jj.wd5.myworkdayjobs.com/JJ/job/Santa-Clara-California-United-States-of-America/Automation---Robotics-Engineering-Spring-Co-op_R-093526
Moog,"Intern, IT Computer Science",Fall 2026,False,,Internship,,Software,"Buffalo, NY",unknown,2,,SQL,2026-08-19T00:00:00Z,date_only,2026-08-19T18:47:27Z,https://moog.wd5.myworkdayjobs.com/moog_external_career_site/job/Buffalo-NY/Intern--IT-Computer-Science_R-26-19378
H3X Technologies,Advanced Manufacturing Engineering Intern (Spring),Summer 2027,False,,Internship,,Hardware,"Louisville, Colorado",unknown,,$23–$37/hr,,2026-08-18T17:11:32.170+00:00,exact,2026-08-18T17:38:25Z,https://jobs.ashbyhq.com/h3x-technologies/6af49576-a61d-480c-b155-3e034e2ed5be
H3X Technologies,Mechanical Design Engineer Intern (Spring),Not stated,True,,Internship,,Hardware,"Louisville, Colorado",unknown,,$23–$37/hr,,2026-08-18T17:02:55.814+00:00,exact,2026-08-18T17:38:25Z,https://jobs.ashbyhq.com/h3x-technologies/7add5fe2-8e3e-4817-b88a-34d803ba86f9
Freeform,Mechanical Engineering Intern (Summer 2027),Summer 2027,False,,Internship,,Hardware,"Los Angeles, CA (On-site)",unknown,,$30/hr,,2026-08-18T13:58:31-04:00,exact,2026-08-18T18:51:38Z,https://job-boards.greenhouse.io/freeformfuturecorp/jobs/7894117003
Garda Capital Partners,Software Engineer Intern,Not stated,True,,Internship,,Software,"New York, New York, United States",unknown,6,,Python; SQL,2026-08-18T16:01:53-04:00,exact,2026-08-18T20:36:19Z,https://job-boards.greenhouse.io/gardacp/jobs/6146213004
Amcor,Intern - AI Innovation Engineer,Not stated,True,,Internship,,Data & ML/AI,ASC Atlanta HQ GA,unknown,5,,Python; C#; TypeScript; JavaScript; LLMs; React; Azure; Git,2026-08-18T00:00:00Z,date_only,2026-08-18T11:35:58Z,https://amcor.wd5.myworkdayjobs.com/amcor_external_career_site/job/ASC-Atlanta-HQ-GA/AI-Innovation-Engineer_REQ_93190
Continental Resources,Data Analyst Intern (Summer 2027),Summer 2027,False,,Internship,,Data & ML/AI,"Oklahoma City, OK",unknown,,,Python; SQL,2026-08-18T00:00:00Z,date_only,2026-08-19T04:48:28Z,https://clr.wd5.myworkdayjobs.com/CLR_Careers/job/Oklahoma-City-OK/Data-Analyst-Intern--Summer-2027-_R02591-1
Conagra Brands,Manufacturing Co-Op,Fall 2026,False,,Co-op,,Hardware,"Waterloo, Iowa",unknown,14,$19/hr,,2026-08-18T00:00:00Z,date_only,2026-08-18T17:38:25Z,https://conagrabrands.wd1.myworkdayjobs.com/Careers_US/job/Waterloo-Iowa/Manufacturing-Co-Op_Req-039806
IMEG,"Structural Engineering Intern | Minneapolis, MN",Summer 2027,False,,Internship,,Hardware,"Minneapolis, MN",unknown,10,$22–$24/hr,,2026-08-18T00:00:00Z,date_only,2026-08-18T21:36:05Z,https://wd1.myworkdaysite.com/recruiting/imeg/Imeg_Careers/job/Minneapolis-MN/Structural-Engineering-Intern---Minneapolis--MN_R-16483
PIMCO,"2027 Summer Intern - Technology Analyst, Software Engineering",Summer 2027,False,,Internship,,Software,"Austin, TX USA",unknown,42,,Python; Java; C++; C#; SQL,2026-08-18T00:00:00Z,date_only,2026-08-18T14:45:26Z,https://pimco.wd1.myworkdayjobs.com/pimco-careers/job/Austin-TX-USA/XMLNAME-2027-Summer-Intern---Technology-Analyst--Software-Engineering_R106745
Datadog,Product Management Intern,Not stated,True,,Internship,,Software,"New York, New York, USA",unknown,62,,,2026-08-17T10:31:17-04:00,exact,2026-08-17T14:39:12Z,https://careers.datadoghq.com/detail/8108241/?gh_jid=8108241
ACDS,Align AI Software Development Intern,Not stated,True,,Internship,,Data & ML/AI,"Bentonville, AR",unknown,,15 USD/hr,Python; TypeScript; JavaScript,2026-08-17T15:18:11Z,exact,2026-08-17T15:36:46Z,https://jobs.lever.co/acds/5a872bb7-8d9f-46e3-9e72-f5c69445e787
Toyota Research Institute,Robotics Research Intern - Post-Training,Not stated,True,,Internship,,Hardware,"Los Altos, CA",unknown,10,$58/hr,Python; PyTorch,2026-08-17T15:31:45Z,exact,2026-08-17T15:36:46Z,https://jobs.lever.co/tri/186808f9-464c-4f22-9d7d-4372ef272ff0
American Fidelity,Cyber Security Intern (OKC Local Only),Not stated,True,,Internship,,Security,"Oklahoma City, Oklahoma",unknown,5,,,2026-08-17T00:00:00Z,date_only,2026-08-17T21:36:46Z,https://americanfidelity.wd5.myworkdayjobs.com/External/job/Oklahoma-City-Oklahoma/Cyber-Security-Intern--OKC-Local-Only-_JR1023
Conagra Brands,IT Infrastructure Internship - Summer 2027,Summer 2027,False,,Internship,,Software,"Omaha, Nebraska",unknown,14,,,2026-08-17T00:00:00Z,date_only,2026-08-18T07:00:07Z,https://conagrabrands.wd1.myworkdayjobs.com/Careers_US/job/Omaha-Nebraska/IT-Infrastructure-Internship---Summer-2027_Req-039788
Conagra Brands,Software Development Internship - Summer 2027,Summer 2027,False,,Internship,,Software,"Omaha, Nebraska",unknown,14,$23/hr,Azure; Git,2026-08-17T00:00:00Z,date_only,2026-08-18T07:00:07Z,https://conagrabrands.wd1.myworkdayjobs.com/Careers_US/job/Omaha-Nebraska/Software-Development-Internship---Summer-2027_Req-039787
IMEG,"Structural Engineering Intern | Dallas, TX",Summer 2027,False,,Internship,,Hardware,"Dallas, TX",unknown,10,,,2026-08-17T00:00:00Z,date_only,2026-08-17T13:49:56Z,https://wd1.myworkdaysite.com/recruiting/imeg/Imeg_Careers/job/Dallas-TX/Structural-Engineering-Intern---Dallas--TX_R-16424
IMEG,"Structural Engineering Intern | Houston, TX",Summer 2027,False,,Internship,,Hardware,"Houston, TX",unknown,10,,,2026-08-17T00:00:00Z,date_only,2026-08-17T13:49:56Z,https://wd1.myworkdaysite.com/recruiting/imeg/Imeg_Careers/job/Houston-TX/Structural-Engineering-Intern---Houston--TX_R-15014
IMEG,"Mechanical Engineering Intern | Madison, WI",Summer 2027,False,,Internship,,Hardware,"Madison, WI",unknown,10,$22–$24/hr,,2026-08-17T00:00:00Z,date_only,2026-08-17T16:40:02Z,https://wd1.myworkdaysite.com/recruiting/imeg/Imeg_Careers/job/Madison-WI/Mechanical-Engineering-Intern---Madison--WI_R-16461
IMEG,"Mechanical Engineering Intern | Minneapolis, MN",Summer 2027,False,,Internship,,Hardware,"Minneapolis, MN",unknown,10,$22–$24/hr,,2026-08-17T00:00:00Z,date_only,2026-08-17T20:38:46Z,https://wd1.myworkdaysite.com/recruiting/imeg/Imeg_Careers/job/Minneapolis-MN/Mechanical-Engineering-Intern---Minneapolis--MN_R-16463
IMEG,"Mechanical Engineering Intern | Naperville, IL",Summer 2027,False,,Internship,,Hardware,"Naperville, IL",unknown,10,$22–$24/hr,,2026-08-17T00:00:00Z,date_only,2026-08-17T16:40:02Z,https://wd1.myworkdaysite.com/recruiting/imeg/Imeg_Careers/job/Naperville-IL/Mechanical-Engineering-Intern---Naperville--IL_R-16451
IMEG,"Mechanical Engineering Intern | Rogers, AR",Summer 2027,False,,Internship,,Hardware,"Rogers, AR",unknown,10,,,2026-08-17T00:00:00Z,date_only,2026-08-17T18:54:41Z,https://wd1.myworkdaysite.com/recruiting/imeg/Imeg_Careers/job/Rogers-AR/Mechanical-Engineering-Intern---Rogers--AR_R-16495
Intel,Software Development Graduate Intern,Not stated,True,,Internship,,Software,"US, California, Folsom",unknown,4758,,Python; C++; PyTorch; TensorFlow; scikit-learn; LLMs; Linux,2026-08-17T00:00:00Z,date_only,2026-08-17T20:38:46Z,https://intel.wd1.myworkdayjobs.com/external/job/US-California-Folsom/Software-Development-Graduate-Intern_JR0285451-1
Notion,Software Engineer Intern (Summer 2027),Summer 2027,False,,Internship,,Software,"San Francisco, California",unknown,28,$57/hr,Python; TypeScript; LLMs; React; Node.js,2026-08-14T19:07:13.459+00:00,exact,2026-08-14T20:41:35Z,https://jobs.ashbyhq.com/notion/3fba1c39-c5cb-47d7-9ad2-1cec4d7e9d0c
The Voleon Group,Software Engineer Intern - (Summer 2027),Summer 2027,False,,Internship,,Software,"Berkeley, CA",unknown,,"$14,583 per month",Linux; Git,2026-08-14T20:19:32.967+00:00,exact,2026-08-25T15:00:05Z,https://jobs.ashbyhq.com/voleon/57f1b666-2f4b-4bad-aac0-fa42a1c8fdf6
Freeform,Software Engineering Intern (Summer 2027),Summer 2027,False,,Internship,,Software,"Los Angeles, CA (On-site)",unknown,,$34/hr,C++; Linux,2026-08-14T20:52:46-04:00,exact,2026-08-15T01:42:04Z,https://job-boards.greenhouse.io/freeformfuturecorp/jobs/7872198003
The Nuclear Company,Summer 2027 AI Applied Research Internship,Summer 2027,False,,Internship,,Data & ML/AI,"Washington, DC",citizens-only,,,Python; PyTorch,2026-08-14T17:06:17-04:00,exact,2026-08-14T21:36:54Z,https://job-boards.greenhouse.io/thenuclearcompany/jobs/5391923008
TransMarket Group,Software Engineering Intern,Not stated,True,,Internship,,Software,"Chicago, Illinois, United States",unknown,,,Python; C++; Linux,2026-08-14T11:18:03-04:00,exact,2026-08-14T16:04:45Z,https://job-boards.greenhouse.io/transmarketgroup/jobs/5212335007?gh_jid=5212335007
Crowe,AI Project Coordinator Intern,Not stated,True,,Internship,,Data & ML/AI,Chicago IL USA,unknown,37,$27–$42/hr,LLMs; Azure,2026-08-14T00:00:00Z,date_only,2026-08-14T17:09:06Z,https://crowe.wd12.myworkdayjobs.com/external_careers/job/Chicago-IL-USA/AI-Project-Coordinator-Intern_R-71007
Crowe,Data Analytics Developer Intern,Not stated,True,,Internship,,Data & ML/AI,Chicago IL USA,unknown,37,$27–$42/hr,SQL; Azure; Tableau,2026-08-14T00:00:00Z,date_only,2026-08-14T19:07:39Z,https://crowe.wd12.myworkdayjobs.com/external_careers/job/Chicago-IL-USA/Data-Analytics-Developer-Intern_R-71041
GlobalFoundries,Advanced Manufacturing Process Engineering Intern (Summer 2027),Summer 2027,False,,Internship,,Hardware,USA - Vermont - Essex Junction,unknown,110,,,2026-08-14T00:00:00Z,date_only,2026-08-25T10:46:09Z,https://globalfoundries.wd1.myworkdayjobs.com/External/job/USA---Vermont---Essex-Junction/Advanced-Manufacturing-Process-Engineering-Intern--Summer-2027-_JR-2604657
GlobalFoundries,Advanced Manufacturing Process Engineering Intern (Summer 2027),Summer 2027,False,,Internship,,Hardware,USA - Vermont - Essex Junction,unknown,110,,,2026-08-14T00:00:00Z,date_only,2026-08-22T17:33:37Z,https://globalfoundries.wd1.myworkdayjobs.com/External/job/USA---Vermont---Essex-Junction/Advanced-Manufacturing-Process-Engineering-Intern--Summer-2027-_JR-2604659
GlobalFoundries,"US Advanced Manufacturing Equipment Engineering Intern, Junior (Summer 2027)",Summer 2027,False,,Internship,,Hardware,USA - Vermont - Essex Junction,unknown,110,,,2026-08-14T00:00:00Z,date_only,2026-08-25T10:46:09Z,https://globalfoundries.wd1.myworkdayjobs.com/External/job/USA---Vermont---Essex-Junction/US-Advanced-Manufacturing-Equipment-Engineering-Intern--Junior--Summer-2027-_JR-2604666
Exa Labs,"Software Engineer, Intern",Not stated,True,,Internship,,Software,"San Francisco, California",offers,,$100K – $200K,C++; Rust,2026-08-13T07:05:06.588+00:00,exact,2026-08-13T08:30:42Z,https://jobs.ashbyhq.com/exa/a9e01521-66f1-481b-89da-ec01d4620f16
Interco,Paid Internship -- Software Development -- React,Not stated,True,,Internship,,Software,"St. Louis, MO, United States",no-sponsorship,,$15/hr,JavaScript; React,2026-08-13T15:24:56.151Z,exact,2026-08-14T10:15:17Z,https://jobs.smartrecruiters.com/Interco/744000143346169
ConnectPrep,Data Analyst Internship,Not stated,True,,Internship,yes,Data & ML/AI,"Washington, District of Columbia, United States (Remote)",citizens-only,,,Python; SQL; Pandas; Tableau,2026-08-13T00:00:00.000Z,date_only,2026-08-13T05:02:38Z,https://apply.workable.com/connectprep/j/D1C67258C0/
Crowe,AI Engineering Intern,Not stated,True,,Internship,,Data & ML/AI,Chicago IL USA,unknown,37,$27–$42/hr,Python; PyTorch; TensorFlow; LLMs; AWS; GCP; Azure; Kubernetes,2026-08-13T00:00:00Z,date_only,2026-08-13T19:16:17Z,https://crowe.wd12.myworkdayjobs.com/external_careers/job/Chicago-IL-USA/AI-Engineering-Intern_R-51782
Crowe,AI Functional Intern,Not stated,True,,Internship,,Data & ML/AI,Chicago IL USA,unknown,37,$27–$42/hr,LLMs; Azure,2026-08-13T00:00:00Z,date_only,2026-08-13T19:16:17Z,https://crowe.wd12.myworkdayjobs.com/external_careers/job/Chicago-IL-USA/AI-Functional-Intern_R-71008
Teledyne,NHRC Software Engineering Internship (Summer 2027),Summer 2027,False,,Internship,,Software,"US - Huntsville, AL",citizens-only,5,,Java; C++; C#; .NET; Azure,2026-08-13T00:00:00Z,date_only,2026-08-13T19:16:17Z,https://flir.wd1.myworkdayjobs.com/flircareers/job/US---Huntsville-AL/NHRC-Software-Engineering-Internship--Summer-2027-_REQ36193
Teledyne,NHRC Software Engineering Internship (Summer 2027),Summer 2027,False,,Internship,,Software,"US - Huntsville, AL",citizens-only,5,,Java; C++; C#; .NET; Azure,2026-08-13T00:00:00Z,date_only,2026-08-13T19:16:17Z,https://flir.wd1.myworkdayjobs.com/flircareers/job/US---Huntsville-AL/NHRC-Software-Engineering-Internship--Summer-2027-_REQ36194-2
Western Digital,Summer 2027 Intern - Software Engineering,Summer 2027,False,,Internship,,Software,"San Jose, CA, United States",unknown,286,,Python; Java; C++; Go; JavaScript; SQL; Linux; Git,2026-08-12T19:38:42.100Z,exact,2026-08-12T21:16:36Z,https://jobs.smartrecruiters.com/WesternDigital/744000143171017
American Fidelity,Software Dev Internship (OKC local only),Not stated,True,,Internship,,Software,"Oklahoma City, Oklahoma",unknown,5,,,2026-08-12T00:00:00Z,date_only,2026-08-12T17:08:35Z,https://americanfidelity.wd5.myworkdayjobs.com/External/job/Oklahoma-City-Oklahoma/Software-Dev-Internship_JR1005
RTX,Software Engineering Intern (Summer 2027),Summer 2027,False,,Internship,,Software,US-IA-CEDAR RAPIDS-137 ~ 855 35Th St NE ~ BLDG 137,citizens-only,,,Python; Rust,2026-08-12T00:00:00Z,date_only,2026-08-12T17:08:35Z,https://globalhr.wd5.myworkdayjobs.com/rec_rtx_ext_gateway/job/US-IA-CEDAR-RAPIDS-137--855-35Th-St-NE--BLDG-137/Software-Engineering-Intern--Summer-2027-_01865875
Northrop Grumman,2027 Intern Software Engineer,Summer 2027,False,,Internship,,Software,United States-Florida-Melbourne,citizens-only,,$18.5–$33.5/hr,,2026-08-12T00:00:00Z,date_only,2026-08-12T17:08:35Z,https://ngc.wd1.myworkdayjobs.com/Northrop_Grumman_External_Site/job/United-States-Florida-Melbourne/XMLNAME-2027-Intern-Software-Engineer_R10245255
Odys Aviation,Mechanical Engineering Intern/Co-Op [Propulsion],Not stated,True,,Internship / Co-op,,Hardware,Long Beach CA,unknown,,,,2026-08-11T20:40:33.146+00:00,exact,2026-08-11T20:59:49Z,https://jobs.ashbyhq.com/odys-aviation/8f5e460a-98a4-4fd8-b880-d22071faa29f
Bosch,"Powertrain Controls Software Engineering Intern (6-Months, Full-Time)",Not stated,True,,Internship,,Software,"Farmington Hills, MI, United States",unknown,,,MATLAB; Linux,2026-08-11T14:49:56.410Z,exact,2026-08-11T15:10:42Z,https://jobs.smartrecruiters.com/BoschGroup/744000142898574
Ameren,Mechanical Engineering Fall Co-Op,Not stated,True,,Co-op,,Hardware,"St. Louis, MO",unknown,17,,,2026-08-11T00:00:00Z,date_only,2026-08-11T20:59:49Z,https://ameren.wd1.myworkdayjobs.com/External/job/St-Louis-MO/Mechanical-Engineering-Fall-Co-Op_034018-1
Ameren,Mechanical Engineering Spring Co-Op,Not stated,True,,Co-op,,Hardware,"St. Louis, MO",unknown,17,,,2026-08-11T00:00:00Z,date_only,2026-08-11T20:59:49Z,https://ameren.wd1.myworkdayjobs.com/External/job/St-Louis-MO/Mechanical-Engineering-Spring-Co-Op_034022-1
Booz Allen,AI RAN Telecommunications Engineer Intern,Not stated,True,,Internship,,Data & ML/AI,"McLean, VA",citizens-only,38,$108k/yr,Python; C++; PyTorch; TensorFlow; Kubernetes,2026-08-11T00:00:00Z,date_only,2026-08-14T06:25:25Z,https://bah.wd1.myworkdayjobs.com/bah_jobs/job/McLean-VA/AI-RAN-Telecommunications-Engineer-Intern_R0246869
1X,Internship - Manufacturing Engineering (Fall),Not stated,True,,Internship,,Hardware,"San Carlos, CA",unknown,,$25 – $35 per hour,,2026-08-10T20:51:22.443+00:00,exact,2026-08-10T21:54:29Z,https://jobs.ashbyhq.com/1x/7d93444c-01f5-485c-89ef-24164f30441d
DV Trading,Software Engineer Intern - Summer 2027 (DV Commodities),Summer 2027,False,,Internship,,Software,New York,unknown,,$50/hr,Python; C++,2026-08-10T18:40:33-04:00,exact,2026-08-10T22:50:40Z,https://job-boards.greenhouse.io/dvtrading/jobs/4719119005
Field AI,"Mechanical Engineer, Robotics Hardware - Part-Time Internship",Not stated,True,,Internship,,Hardware,"Irvine, CA",unknown,,35–45 USD/hr,Linux; Airflow,2026-08-10T00:24:50Z,exact,2026-08-10T02:17:15Z,https://jobs.lever.co/field-ai/88f05d6e-ee93-4fc5-80cd-efe6854e22bc
Canadian Solar,"Intern, IT Infrastructure Support",Not stated,True,,Internship,,Software,"Walnut Creek, CA",unknown,6,$20–$25/hr,Azure,2026-08-10T00:00:00Z,date_only,2026-08-10T17:05:16Z,https://canadiansolar.wd5.myworkdayjobs.com/CanadianSolar/job/Walnut-Creek-CA/Intern--IT-Infrastructure-Support_10001383
Chamberlain Group,"Intern, Community Product Management (Summer 2027)",Summer 2027,False,,Internship,,Software,"Oak Brook, IL",unknown,33,,,2026-08-10T00:00:00Z,date_only,2026-08-11T17:09:30Z,https://chamberlain.wd1.myworkdayjobs.com/Chamberlain_Group/job/Oak-Brook-IL/Intern--Community-Product-Management--Summer-2026-_JR31309
Teledyne,Mechanical Engineering Intern,Not stated,True,,Internship,,Hardware,"US - Miamisburg, OH",citizens-only,5,,,2026-08-10T00:00:00Z,date_only,2026-08-10T11:59:29Z,https://flir.wd1.myworkdayjobs.com/flircareers/job/US---Miamisburg-OH/Mechanical-Engineering-Intern_REQ35562
ING,Summer 2027 Internship - Tech (Information Security),Summer 2027,False,,Internship,,Security,New York,unknown,,$35/hr,Python,2026-08-10T00:00:00Z,date_only,2026-08-10T13:27:12Z,https://ing.wd3.myworkdayjobs.com/icsgblcor/job/New-York/Summer-2027-Internship---Tech--Information-Security-_REQ-10119620
ING,Summer 2027 Internship - Tech (Infrastructure),Summer 2027,False,,Internship,,Software,New York,unknown,,$35/hr,Python; Azure; Git,2026-08-10T00:00:00Z,date_only,2026-08-10T13:27:12Z,https://ing.wd3.myworkdayjobs.com/icsgblcor/job/New-York/Summer-2027-Internship---Tech--Infrastructure-_REQ-10119621
Axon,2027 US Firmware Engineering Internship,Summer 2027,False,,Internship,,Hardware,"Seattle, Washington, United States",unknown,72,,Python; C++; Go; Rust; Linux,2026-08-07T17:47:11-04:00,exact,2026-08-07T22:49:19Z,https://job-boards.greenhouse.io/axontalentcommunity/jobs/7837246003
The Nuclear Company,Fall 2026 AI/ML Engineering Intern,Fall 2026,False,,Internship,,Data & ML/AI,"Washington, DC",citizens-only,,,Python; PyTorch; LLMs; AWS,2026-08-07T14:09:12-04:00,exact,2026-08-07T19:10:49Z,https://job-boards.greenhouse.io/thenuclearcompany/jobs/5383163008
The Nuclear Company,Summer 2027 AI/ML Engineering Intern,Summer 2027,False,,Internship,,Data & ML/AI,"Washington, DC",citizens-only,,,Python; PyTorch; LLMs; AWS,2026-08-07T14:07:45-04:00,exact,2026-08-07T19:10:49Z,https://job-boards.greenhouse.io/thenuclearcompany/jobs/5383231008
The Nuclear Company,Summer 2027 Software Engineering Intern,Summer 2027,False,,Internship,,Software,"Washington, DC",citizens-only,,,Python; Java; C++; Rust; TypeScript; LLMs; AWS,2026-08-07T14:08:35-04:00,exact,2026-08-07T19:10:49Z,https://job-boards.greenhouse.io/thenuclearcompany/jobs/5383236008
The Nuclear Company,Summer 2027 Data Science Intern,Summer 2027,False,,Internship,,Data & ML/AI,"Washington, DC",citizens-only,,,Python; SQL; scikit-learn; Pandas; AWS,2026-08-07T14:08:02-04:00,exact,2026-08-07T19:10:49Z,https://job-boards.greenhouse.io/thenuclearcompany/jobs/5383244008
Bosch,Internship Vehicle Thermal Systems Engineering,Not stated,True,,Internship,,Hardware,"Farmington Hills, MI, United States",unknown,,,,2026-08-07T15:49:10.910Z,exact,2026-08-07T16:10:42Z,https://jobs.smartrecruiters.com/BoschGroup/744000142173185
Copart,Software Engineering Intern,Not stated,True,,Internship,,Software,"Dallas, TX - Headquarters",unknown,83,,Python; Java; TypeScript; JavaScript; SQL; LLMs; React; Spring,2026-08-07T00:00:00Z,date_only,2026-08-07T17:58:18Z,https://copart.wd12.myworkdayjobs.com/copart/job/Dallas-TX---Headquarters/Software-Engineering-Intern_JR101510
Flextronics International,Mechanical Engineering Co-op - Fall 2026,Fall 2026,False,,Co-op,,Hardware,"USA, SC, Orangeburg",offers,65,,,2026-08-07T00:00:00Z,date_only,2026-08-08T02:05:34Z,https://flextronics.wd1.myworkdayjobs.com/Careers/job/USA-SC-Orangeburg/Mechanical-Engineering-Co-op---Fall-2026_WD227049
Johnson & Johnson,Software Engineer Coop,Fall 2026,False,,Co-op,,Software,"Cincinnati, Ohio, United States of America",unknown,8,,Python; C++; Linux,2026-08-07T00:00:00Z,date_only,2026-08-07T16:10:42Z,https://jj.wd5.myworkdayjobs.com/JJ/job/Cincinnati-Ohio-United-States-of-America/Software-Engineer-Coop_R-092820
Moog,"Intern, Industrial Engineering",Not stated,True,,Internship,,Hardware,"Buffalo, NY",unknown,2,,,2026-08-07T00:00:00Z,date_only,2026-08-07T16:10:42Z,https://moog.wd5.myworkdayjobs.com/moog_external_career_site/job/Buffalo-NY/Intern--Industrial-Engineering_R-26-19319
Northrop Grumman,2027 Operations Manufacturing Engineering Intern,Summer 2027,False,,Internship,,Hardware,United States-California-Palmdale,citizens-only,,$21.5–$39/hr,,2026-08-07T00:00:00Z,date_only,2026-08-07T22:49:19Z,https://ngc.wd1.myworkdayjobs.com/Northrop_Grumman_External_Site/job/United-States-California-Palmdale/XMLNAME-2027-Operations-Manufacturing-Engineering-Intern_R10244597
Centerfield,Frontend Engineer Intern (6 month internship),Not stated,True,,Internship,,Software,"Los Angeles, California",unknown,12,$30 per hour,Java; TypeScript; JavaScript; React; Node.js; AWS; GCP; Docker,2026-08-06T20:03:54.164+00:00,exact,2026-08-07T00:29:47Z,https://jobs.ashbyhq.com/centerfield/1d7eacc1-37f7-478c-9b0a-fa7974f1a9e4
Northrop Grumman,2027 Intern Software Engineer,Summer 2027,False,,Internship,,Software,United States-Florida-Melbourne,citizens-only,,,,2026-08-06T00:00:00Z,date_only,2026-08-07T00:29:47Z,https://ngc.wd1.myworkdayjobs.com/Northrop_Grumman_External_Site/job/United-States-Florida-Melbourne/XMLNAME-2027-Intern-Software-Engineer_R10242395
Northrop Grumman,2027 Intern Software Engineer,Summer 2027,False,,Internship,,Software,United States-Florida-Melbourne,citizens-only,,$18.5–$33.5/hr,,2026-08-06T00:00:00Z,date_only,2026-08-07T00:29:47Z,https://ngc.wd1.myworkdayjobs.com/Northrop_Grumman_External_Site/job/United-States-Florida-Melbourne/XMLNAME-2027-Intern-Software-Engineer_R10243573
Niantic Spatial,Robotics Engineering Intern - Fall 2026,Fall 2026,False,,Internship,,Hardware,"San Francisco, CA",unknown,,$50 – $65 per hour,Python; PyTorch,2026-08-06T15:45:03.413+00:00,exact,2026-09-03T13:35:54Z,https://jobs.ashbyhq.com/niantic-spatial/02fe210c-a0d9-419f-a0c0-da32d9ff7307
Roblox,[Summer 2027] Software Engineer Intern,Summer 2027,False,,Internship,,Software,"San Mateo, CA, United States",unknown,186,,Python; Java; C++; C#; Swift; LLMs; Node.js,2026-08-05T12:03:16-04:00,exact,2026-08-07T00:29:47Z,https://careers.roblox.com/jobs/8072713?gh_jid=8072713
Draper,Embedded Quality & Fielded Systems Intern,Not stated,True,,Internship,,Software,"Cambridge, MA",unknown,2,,Python; C#,2026-08-05T00:00:00Z,date_only,2026-08-07T00:29:47Z,https://draper.wd5.myworkdayjobs.com/Draper_Careers/job/Cambridge-MA/Embedded-Quality---Fielded-Systems-Intern_JR002718
NVIDIA,"Software Engineering Intern, Dynamo - Fall 2026",Fall 2026,False,,Internship,,Software,"US, CA, Santa Clara",unknown,1526,,Python; Go; Rust; LLMs; Kubernetes; Git,2026-08-05T00:00:00Z,date_only,2026-08-07T00:29:47Z,https://nvidia.wd5.myworkdayjobs.com/NVIDIAExternalCareerSite/job/US-CA-Santa-Clara/Software-Engineering-Intern--Dynamo---Fall-2026_JR2022295
Faraday Future,Robotics Data Operator Intern,Not stated,True,,Internship,,Data & ML/AI,"El Segundo, California, United States",unknown,82,,Python; Linux; ROS,2026-08-05T13:17:01-04:00,exact,2026-09-03T13:35:54Z,https://job-boards.greenhouse.io/faradayfuture/jobs/7828531003
Phoenix Contact,Manufacturing Co-Op - High School Students,Fall 2026,False,,Co-op,,Hardware,"Middletown, Pennsylvania",unknown,2,,,2026-08-04T13:39:08-04:00,exact,2026-08-07T00:29:47Z,https://job-boards.greenhouse.io/phoenixcontact/jobs/7817228003
Belvedere Trading,Software Engineer Intern - Summer 2027,Summer 2027,False,,Internship,,Software,"Chicago, Illinois",unknown,,"130,000 USD/yr",Java; C++; C#,2026-08-04T17:01:40Z,exact,2026-08-07T17:58:18Z,https://jobs.lever.co/belvederetrading/10746b3d-1760-4573-9b63-b93f5a5e4fc0
Diversified Automation,Software Engineering Co-op,Not stated,True,,Co-op,,Software,"Louisville, KY",unknown,,,,2026-08-04T14:16:00Z,exact,2026-08-07T00:29:47Z,https://jobs.lever.co/diversified-automation/827a092d-b8a3-4ca9-a84a-e8c236d1aabc
Merck,2026 Future Talent Program – Manufacturing and Reliability Engineering Co-Op,Fall 2026,False,,Co-op,,Hardware,USA - Pennsylvania - West Point,unknown,,,,2026-08-04T00:00:00Z,date_only,2026-08-07T00:29:47Z,https://msd.wd5.myworkdayjobs.com/searchjobs/job/USA---Pennsylvania---West-Point/XMLNAME-2026-Future-Talent-Program---Manufacturing-and-Reliability-Engineering-Co-Op_R395901
Merck,2026 Future Talent Program - Vaccine Manufacturing Co-op,Fall 2026,False,,Co-op,,Hardware,USA - Pennsylvania - West Point,unknown,,,,2026-08-04T00:00:00Z,date_only,2026-08-07T00:29:47Z,https://msd.wd5.myworkdayjobs.com/searchjobs/job/USA---Pennsylvania---West-Point/XMLNAME-2026-Future-Talent-Program---Vaccine-Manufacturing-Co-op_R395900
Pentair,IT & Cybersecurity Leadership Development Internship Program -  Summer 2027,Summer 2027,False,,Internship,,Security,"Golden Valley, MN",no-sponsorship,3,$31/hr,,2026-08-04T00:00:00Z,date_only,2026-08-07T00:29:47Z,https://pentair.wd5.myworkdayjobs.com/pentair_careers/job/Golden-Valley-MN/IT---Cybersecurity-Leadership-Development-Internship-Program----Summer-2027_R23700
Contoro,Robotics Test & Validation Intern,Not stated,True,,Internship,,Hardware,"Austin, TX",unknown,,,Linux,2026-08-04T19:37:38.313+00:00,exact,2026-09-03T13:35:54Z,https://jobs.ashbyhq.com/contoro/7de98745-6a26-4a96-b82c-0cecf4900eb1
Chicago Trading Company,Software Engineering Internship - Summer 2027,Summer 2027,False,,Internship,,Software,"Chicago, Illinois, United States",unknown,,,Python; Java; C++,2026-08-03T14:16:36-04:00,exact,2026-08-03T19:16:58Z,https://job-boards.greenhouse.io/chicagotradingcampus/jobs/4716932005
Bosch,AI and SW Development Engineering Intern,Not stated,True,,Internship,,Data & ML/AI,"Plymouth, MI, United States",unknown,,,Python; C++; Computer Vision; Git,2026-08-03T15:51:53.799Z,exact,2026-08-03T19:16:58Z,https://jobs.smartrecruiters.com/BoschGroup/744000141302469
CNO Financial Group,Artificial Intelligence (AI) IT Intern 2027 - REMOTE,Summer 2027,False,,Internship,yes,Data & ML/AI,"Carmel, IN",unknown,,,,2026-08-03T00:00:00Z,date_only,2026-08-07T00:29:47Z,https://cnoinc.wd5.myworkdayjobs.com/Careers/job/Carmel-IN/Artificial-Intelligence--AI--IT-Intern-2027---REMOTE_JR170389
Kraft Heinz,"2027 US Manufacturing Internship Program – Manufacturing Facility Garland, Texas",Summer 2027,False,,Internship,,Hardware,"Garland, TX",unknown,27,,,2026-08-03T00:00:00Z,date_only,2026-08-08T08:55:55Z,https://heinz.wd1.myworkdayjobs.com/KraftHeinz_Careers_UR/job/Garland-TX/XMLNAME-2027-US-Manufacturing-Internship-Program---Manufacturing-Facility-Garland--Texas_R-105352
IDEXX,Security Operations (Cybersecurity) internship,Not stated,True,,Internship,,Security,"Westbrook, ME",unknown,31,$20–$30/hr,,2026-08-03T00:00:00Z,date_only,2026-08-07T00:29:47Z,https://idexx.wd1.myworkdayjobs.com/IDEXX/job/Westbrook-ME/Security-Operations--Cybersecurity--internship_J-053268
IMEG,"Structural Engineering Intern | Raleigh, NC",Not stated,True,,Internship,,Hardware,"Raleigh, NC",unknown,10,,,2026-08-03T00:00:00Z,date_only,2026-08-03T19:16:58Z,https://wd1.myworkdaysite.com/recruiting/imeg/Imeg_Careers/job/Raleigh-NC/Structural-Engineering-Intern---Raleigh--NC_R-16319-1
Northrop Grumman,2026 Fall Co-op Manufacturing Engineering - Baltimore MD,Fall 2026,False,,Co-op,,Hardware,United States-Maryland-Linthicum,citizens-only,,$19.75–$36.25/hr,,2026-08-03T00:00:00Z,date_only,2026-08-03T15:51:32Z,https://ngc.wd1.myworkdayjobs.com/Northrop_Grumman_External_Site/job/United-States-Maryland-Linthicum/XMLNAME-2026-Fall-Co-op-Manufacturing-Engineering---Baltimore-MD_R10243390-1
Yotta Labs,Research Engineer Intern - AI Systems,Not stated,True,,Internship,,Data & ML/AI,United States,unknown,,,Python; C++; PyTorch; LLMs; CUDA; AWS; Git,2026-08-02T16:29:42.695+00:00,exact,2026-08-03T19:16:58Z,https://jobs.ashbyhq.com/yotta/09821a51-fbe6-42a7-a566-0d2b5d40fae3
HPR (Hyannis Port Research),Software Engineering Intern - Summer 2027,Summer 2027,False,,Internship,,Software,"Needham, MA",unknown,,$42/hr,Python; Java; Linux,2026-08-01T12:00:00-04:00,exact,2026-08-03T15:51:32Z,https://job-boards.greenhouse.io/hyannisportresearch/jobs/7822989003
Heliux,"Software Engineer (Internship, Summer 2027)",Summer 2027,False,,Internship,,Software,"HQ (San Francisco, CA)",citizens-only,,,Python; Java; Rust; TypeScript,2026-07-31T01:21:06.637+00:00,exact,2026-08-03T19:16:58Z,https://jobs.ashbyhq.com/heliux/ff2b6f4b-00d0-4afe-b4f5-2dbf443409ef
Melius,Software Engineering Intern [Spring/Summer 2027],Summer 2027,False,,Internship,,Software,New York City,unknown,,$11K per month,TypeScript; LLMs; React; PostgreSQL,2026-07-31T14:00:47.682+00:00,exact,2026-08-03T19:16:58Z,https://jobs.ashbyhq.com/melius/b61f063a-4f94-4e50-a4ef-05aaab552280
Skydio,Hardware Product Management Intern,Not stated,True,,Internship,,Hardware,"San Mateo, California, United States",unknown,26,$47/hr,Computer Vision,2026-07-31T18:17:29.917+00:00,exact,2026-08-03T15:51:32Z,https://jobs.ashbyhq.com/skydio/1ec2fe3c-3fb2-4485-870d-764a3e5f5baf
Kraft Heinz,"2027 US Manufacturing Internship Program – Manufacturing Facility Fremont, Ohio",Summer 2027,False,,Internship,,Hardware,"Fremont, OH",unknown,27,,,2026-07-31T00:00:00Z,date_only,2026-08-03T19:16:58Z,https://heinz.wd1.myworkdayjobs.com/KraftHeinz_Careers_UR/job/Fremont-OH/XMLNAME-2027-US-Manufacturing-Internship-Program---Manufacturing-Facility-Fremont--Ohio_R-105282
Kraft Heinz,"2027 US Manufacturing Internship Program – Manufacturing Facility Kirksville, Missouri",Summer 2027,False,,Internship,,Hardware,"Kirksville, MO",unknown,27,,,2026-07-31T00:00:00Z,date_only,2026-08-03T19:16:58Z,https://heinz.wd1.myworkdayjobs.com/KraftHeinz_Careers_UR/job/Kirksville-MO/XMLNAME-2027-US-Manufacturing-Internship-Program---Manufacturing-Facility-Kirksville--Missouri_R-105273
Kraft Heinz,"2027 US Manufacturing Internship Program – Manufacturing Facility Winchester, Virginia",Summer 2027,False,,Internship,,Hardware,"Winchester, VA",unknown,27,,,2026-07-31T00:00:00Z,date_only,2026-08-03T19:16:58Z,https://heinz.wd1.myworkdayjobs.com/KraftHeinz_Careers_UR/job/Winchester-VA/XMLNAME-2027-US-Manufacturing-Internship-Program---Manufacturing-Facility-Winchester--Virginia_R-105276
Melius,Software Engineering Intern [Fall/Winter 2026],Fall 2026,False,,Internship,,Software,New York City,unknown,,$11K per month,TypeScript; LLMs; React; PostgreSQL,2026-07-30T22:52:54.653+00:00,exact,2026-08-03T19:16:58Z,https://jobs.ashbyhq.com/melius/6a944911-dbbf-44c7-ba52-7866f7b433cf
Virtu Financial,2027 Internship - Frontend Engineer (UI),Summer 2027,False,,Internship,,Software,New York,unknown,31,,Python; Java; C++; TypeScript; JavaScript; React,2026-07-29T17:31:34-04:00,exact,2026-07-29T22:03:03Z,https://job-boards.greenhouse.io/virtu/jobs/8657500002
Bosch,Product Management Internship (6-month),Not stated,True,,Internship,,Software,"Farmington Hills, MI, United States",unknown,,,,2026-07-29T12:52:52.019Z,exact,2026-07-30T20:42:49Z,https://jobs.smartrecruiters.com/BoschGroup/744000140457960
Bosch,Autonomous Driving – Internship in Machine Learning,Not stated,True,,Internship,,Data & ML/AI,"Sunnyvale, CA, United States",unknown,,$34–$68/hr,Python; PyTorch; Azure; Linux,2026-07-29T13:15:12.980Z,exact,2026-07-29T14:07:26Z,https://jobs.smartrecruiters.com/BoschGroup/744000140462550
Modal,ML Research Intern,Not stated,True,,Internship,,Data & ML/AI,New York,unknown,,$15K per month,Git,2026-07-28T22:02:03.674+00:00,exact,2026-07-28T23:15:17Z,https://jobs.ashbyhq.com/modal/38888294-6bc7-4dab-b072-6d0f0c2ed79a
Bosch,ADAS Software Engineering Intern,Not stated,True,,Internship,,Software,"Plymouth, MI, United States",unknown,,,Python; C++; Computer Vision,2026-07-28T18:08:13.470Z,exact,2026-07-28T18:17:40Z,https://jobs.smartrecruiters.com/BoschGroup/744000140317669
Appian,Information Security Engineer Intern,Summer 2027,False,,Internship,,Security,"McLean, Virginia",no-sponsorship,44,$50/hr,LLMs,2026-07-27T10:49:22-04:00,exact,2026-07-27T16:20:26Z,https://job-boards.greenhouse.io/appian/jobs/8088496
Bosch,Powertrain Controls Software Engineering Intern (6-Months),Not stated,True,,Internship,,Software,"Farmington Hills, MI, United States",unknown,,,MATLAB; Linux,2026-07-27T20:32:15.437Z,exact,2026-07-27T20:41:58Z,https://jobs.smartrecruiters.com/BoschGroup/744000140089589
CCC Intelligent Solutions,Applied AI Engineering Intern,Not stated,True,,Internship,,Data & ML/AI,"Chicago (Green St), IL",unknown,101,$20–$43/hr,Python; TypeScript; JavaScript; LLMs; React; AWS; GCP; Azure,2026-07-27T00:00:00Z,date_only,2026-07-27T20:26:09Z,https://cccis.wd1.myworkdayjobs.com/broadbean_external/job/Chicago-Green-St-IL/Applied-AI-Engineering-Intern_0014827
Northrop Grumman,2027 Returning Intern Software Engineer,Summer 2027,False,,Internship,,Software,United States-Florida-Melbourne,citizens-only,,,,2026-07-27T00:00:00Z,date_only,2026-07-27T16:20:26Z,https://ngc.wd1.myworkdayjobs.com/Northrop_Grumman_External_Site/job/United-States-Florida-Melbourne/XMLNAME-2027-Returning-Intern-Software-Engineer_R10242378
Quadrillion,Software Engineering Intern (Summer 2027),Summer 2027,False,,Internship,,Software,New York City,unknown,,$4K – $6K per week,Python; Pandas; React,2026-07-24T03:24:43.068+00:00,exact,2026-07-24T05:51:03Z,https://jobs.ashbyhq.com/quadrillion-labs/a4acc44c-31ce-41a0-ab44-2500487b4d05
PDT Partners,Summer 2027 Software Engineering Intern,Summer 2027,False,,Internship,,Software,"New York, NY",unknown,4,,,2026-07-24T16:16:09-04:00,exact,2026-07-25T10:40:34Z,https://job-boards.greenhouse.io/pdtpartners/jobs/8077685
Bosch,Autonomous Driving – Internship in Machine Learning,Not stated,True,,Internship,,Data & ML/AI,"Sunnyvale, CA, United States",unknown,,$34–$68/hr,Python; PyTorch; Azure; Linux,2026-07-24T16:12:25.654Z,exact,2026-07-24T16:37:05Z,https://jobs.smartrecruiters.com/BoschGroup/744000139649345
Core & Main,Intern - AI/ML Data Engineering  -  Onsite - St. Louis,Not stated,True,,Internship,,Data & ML/AI,"Saint Louis, MO 63146",unknown,,,Python; SQL; scikit-learn; Pandas; Azure; Git; Spark; Tableau,2026-07-24T00:00:00Z,date_only,2026-07-24T18:20:47Z,https://coreandmain.wd1.myworkdayjobs.com/coreandmain/job/Saint-Louis-MO-63146/Intern---Data-Engineering----Corp_45804
Anthelion Capital,Quant Developer / Quant Research Intern - 2026/2027,Summer 2027,False,,Internship,,Quant,New York City,unknown,,$1.8K – $2K per week,Python; C++; Rust; Azure,2026-07-23T19:51:59.097+00:00,exact,2026-07-24T11:11:07Z,https://jobs.ashbyhq.com/anthelioncap/5e2ea37b-2369-474e-b717-c24c60976e96
Appian,Software Engineering Intern,Summer 2027,False,,Internship,,Software,"McLean, Virginia",no-sponsorship,44,$50/hr,LLMs,2026-07-23T14:40:08-04:00,exact,2026-07-23T19:12:57Z,https://job-boards.greenhouse.io/appian/jobs/8041237
Kairos Power,Mechanical and Manufacturing Engineering Internship - Summer 2027,Summer 2027,False,,Internship,,Hardware,"Alameda, CA, Albuquerque, NM, or Oak Ridge, TN",unknown,3,,MATLAB,2026-07-23T16:03:32-04:00,exact,2026-08-03T15:51:32Z,https://job-boards.greenhouse.io/kairospower/jobs/6123676004
Tenstorrent,"Software Engineering Intern, Power Modeling & AI Tools",Not stated,True,,Internship,,Data & ML/AI,"Santa Clara, California, United States",unknown,12,$50/hr,Python; SQL; LLMs; Git,2026-07-23T14:30:30-04:00,exact,2026-07-23T19:12:57Z,https://job-boards.greenhouse.io/tenstorrentuniversity/jobs/5186916007
Pony.ai,Research Intern - Deep Learning,Not stated,True,,Internship,,Data & ML/AI,"Fremont, California, United States",unknown,35,,Python; C++; LLMs; CUDA,2026-07-22T00:00:00.000Z,date_only,2026-07-22T21:06:13Z,https://apply.workable.com/pony-dot-ai/j/4C1F53EF5D/
Pony.ai,Software Engineer Intern - Generalist,Not stated,True,,Internship,,Software,"Fremont, California, United States",unknown,35,,Python; C++,2026-07-22T00:00:00.000Z,date_only,2026-07-22T21:06:13Z,https://apply.workable.com/pony-dot-ai/j/BA5FFDBC71/
Moog,"Intern, Software Engineering",Not stated,True,,Internship,,Software,"Buffalo, NY",unknown,2,,,2026-07-22T00:00:00Z,date_only,2026-07-22T19:12:44Z,https://moog.wd5.myworkdayjobs.com/moog_external_career_site/job/Buffalo-NY/Intern--Software-Engineering_R-26-18885-1
Mosaic,Structural Engineer Co-Op/Intern - Summer 2027,Summer 2027,False,,Internship / Co-op,,Hardware,"US - Tampa, FL (Lithia area)",unknown,9,,,2026-07-22T00:00:00Z,date_only,2026-07-30T20:42:49Z,https://mosaic.wd5.myworkdayjobs.com/mosaic/job/US---Tampa-FL-Lithia-area/Structural-Engineer-Co-Op-Intern---Summer-2027_64448
Virtu Financial,2027 Internship - Software Engineer,Summer 2027,False,,Internship,,Software,"Austin, TX; New York",unknown,31,,Python; Java; C++; JavaScript,2026-07-21T11:34:18-04:00,exact,2026-07-21T15:52:39Z,https://job-boards.greenhouse.io/virtu/jobs/8624410002
Chicago Trading Company,Software Engineering Internship - Summer 2027,Summer 2027,False,,Internship,,Software,"Chicago, Illinois, United States",unknown,,,Python; Java; C++,2026-07-20T11:59:16-04:00,exact,2026-07-20T18:11:27Z,https://job-boards.greenhouse.io/ctccampusboard/jobs/4708230005
ACDS,AI Operations Intern-Caddell Reynolds,Not stated,True,,Internship,,Data & ML/AI,"Fort Smith, AR",unknown,,15 USD/hr,LLMs,2026-07-20T14:48:11Z,exact,2026-07-20T18:11:27Z,https://jobs.lever.co/acds/01fdf41b-a835-4e00-8d01-0275677a8f08
Copart,Software Engineering Intern,Not stated,True,,Internship,,Software,"Dallas, TX - Headquarters",unknown,83,,Python; Java; TypeScript; JavaScript; SQL; LLMs; React; Spring,2026-07-20T00:00:00Z,date_only,2026-07-27T06:47:27Z,https://copart.wd12.myworkdayjobs.com/copart/job/Dallas-TX---Headquarters/Software-Engineering-Intern_JR110079
Chevron Corporation,2026-2027 Information Technology - Software Engineer - Intern,Summer 2027,False,,Internship,,Software,"Houston, Texas, United States of America",no-sponsorship,28,,Python; Java; C#; TypeScript; JavaScript; SQL; React; Node.js,2026-07-16T00:00:00Z,date_only,2026-07-16T17:24:48Z,https://chevron.wd5.myworkdayjobs.com/University/job/Houston-Texas-United-States-of-America/XMLNAME-2026-2027-Information-Technology---Software-Engineer---Intern_R000072398-1
Moog,"Intern, IT Computer Science - Data Analytics",Fall 2026,False,,Internship,,Data & ML/AI,"Buffalo, NY",unknown,2,,,2026-07-16T00:00:00Z,date_only,2026-07-16T15:47:55Z,https://moog.wd5.myworkdayjobs.com/moog_external_career_site/job/Buffalo-NY/Intern--IT-Computer-Science---Data-Analytics_R-26-17145
The Trade Desk,2027 North America Software Engineering Internship,Summer 2027,False,,Internship,,Software,Bellevue; Boulder; Denver; Irvine; New York; Seattle,unknown,43,,,2026-07-15T11:53:11-04:00,exact,2026-07-15T17:24:53Z,https://job-boards.greenhouse.io/thetradedesk/jobs/5187605007
Tencent,Research Intern – Video World Models (Research & ML Systems),Not stated,True,,Internship,,Data & ML/AI,US-California-Palo Alto,unknown,53,$124.8k/yr,Python; PyTorch; LLMs; CUDA,2026-07-15T00:00:00Z,date_only,2026-07-16T07:39:11Z,https://tencent.wd1.myworkdayjobs.com/Tencent_Careers/job/US-California-Palo-Alto/Research-Intern---Video-World-Models--Research---ML-Systems-_R107752-1
Five Rings,Summer Intern 2027 - Software Developer,Summer 2027,False,,Internship,,Software,New York,unknown,7,,Python; C++; Linux,2026-07-14T13:51:03-04:00,exact,2026-07-14T19:27:53Z,https://job-boards.greenhouse.io/fiveringsllc/jobs/5349707008
Akuna Capital,"Software Engineer Intern - C++, Summer 2027",Summer 2027,False,,Internship,,Software,"Chicago, IL",unknown,40,,Python; C++,2026-07-13T14:41:20-04:00,exact,2026-07-13T19:44:33Z,https://www.akunacapital.com/careers/job/8018847/?gh_jid=8018847
Akuna Capital,"Software Engineer Intern - Python, Summer 2027",Summer 2027,False,,Internship,,Software,"Chicago, IL",unknown,40,,Python,2026-07-13T14:21:39-04:00,exact,2026-07-13T19:44:33Z,https://www.akunacapital.com/careers/job/8018853/?gh_jid=8018853
Akuna Capital,"Platform Engineer Intern, Summer 2027",Summer 2027,False,,Internship,,Software,"Chicago, IL",unknown,40,,AWS; Kubernetes,2026-07-13T14:21:52-04:00,exact,2026-07-13T19:44:33Z,https://www.akunacapital.com/careers/job/8018856/?gh_jid=8018856
Akuna Capital,"Software Engineer Intern - C# .NET Desktop, Summer 2027",Summer 2027,False,,Internship,,Software,"Chicago, IL",unknown,40,,C#; .NET; Git,2026-07-13T14:21:28-04:00,exact,2026-07-13T19:44:33Z,https://www.akunacapital.com/careers/job/8018886/?gh_jid=8018886
Akuna Capital,"Software Engineer Intern - Full Stack Web, Summer 2027",Summer 2027,False,,Internship,,Software,"Chicago, IL",unknown,40,,Python; TypeScript; JavaScript; React; Linux; Git,2026-07-13T14:21:34-04:00,exact,2026-07-13T19:44:33Z,https://www.akunacapital.com/careers/job/8018893/?gh_jid=8018893
Hudson River Trading,Software Engineering Internship (C++ or Python) – Summer 2027,Summer 2027,False,,Internship,,Software,"Austin, TX, United States; Chicago, Illinois, United States; London, United Kingdom; New York, NY, United States; Singapore",unknown,29,,Python; C++,2026-07-13T11:35:06-04:00,exact,2026-07-13T18:00:59Z,https://www.hudsonrivertrading.com/careers/job/?gh_jid=8052083
Tower Research Capital,Quantitative Developer Intern - Summer 2027,Summer 2027,False,,Internship,,Quant,"New York, Chicago",unknown,38,,Python; C++; Linux,2026-07-05T17:48:21-04:00,exact,2026-07-05T23:08:17Z,https://www.tower-research.com/open-positions/?gh_jid=8044334
IMC Trading,Software Engineer Intern - Summer 2027,Summer 2027,False,,Internship,,Software,"Chicago, United States",unknown,,,Java; C++,2026-07-01T13:11:54-04:00,exact,2026-07-01T20:55:33Z,https://job-boards.eu.greenhouse.io/imc/jobs/4823924101
IMC Trading,Machine Learning Research Intern - Summer 2027 - Chicago,Summer 2027,False,,Internship,,Data & ML/AI,"Chicago, United States",unknown,,,Python; PyTorch; TensorFlow,2026-07-01T13:18:38-04:00,exact,2026-07-01T20:55:33Z,https://job-boards.eu.greenhouse.io/imc/jobs/4907430101
NVIDIA,"Applied Research Intern, NLP - Fall 2026",Fall 2026,False,,Internship,,Data & ML/AI,"US, CA, Santa Clara",unknown,1526,,Python; PyTorch,2026-07-01T00:00:00Z,date_only,2026-07-02T18:48:20Z,https://nvidia.wd5.myworkdayjobs.com/NVIDIAExternalCareerSite/job/US-CA-Santa-Clara/Applied-Research-Intern--NLP---Fall-2026_JR2010488
Junior,Software Engineering Intern — Fall 2026,Fall 2026,False,,Internship,,Software,New York City,citizens-only,,$40/hr,TypeScript; JavaScript; LLMs,2026-06-30T18:51:50.247+00:00,exact,2026-07-13T11:18:44Z,https://jobs.ashbyhq.com/junior/23ee686b-d305-4ac9-860d-16c99ddb4891
Figure,Firmware Intern [Fall 2026],Fall 2026,False,,Internship,,Hardware,"San Jose, CA",unknown,4,$40–$45/hr,Python; C++,2026-06-22T14:13:34-04:00,exact,2026-06-30T12:14:22Z,https://job-boards.greenhouse.io/figureai/jobs/4691070006
Copart,Software Engineering Intern,Not stated,True,,Internship,,Software,"Dallas, TX - Headquarters",unknown,83,,Java; SQL; Spring; Kafka; Redis,2026-06-18T00:00:00Z,date_only,2026-07-16T07:39:11Z,https://copart.wd12.myworkdayjobs.com/copart/job/Dallas-TX---Headquarters/Software-Engineering-Intern_JR109441
SoloPulse,Software Engineer Intern/Co-Op - Fall 2026,Fall 2026,False,,Internship / Co-op,,Software,"Peachtree Corners, GA",unknown,,,Python; C++; PyTorch; CUDA,2026-06-16T18:53:22Z,exact,2026-06-30T12:14:22Z,https://jobs.lever.co/solopulseco/00fbde18-a387-4c9f-97d4-77059aec7b56
Anduril,2027 Mechanical Engineer Intern,Summer 2027,False,,Internship,,Hardware,"Atlanta, Georgia, United States; Boston, Massachusetts, United States; Broomfield, Colorado, United States; Colorado Springs, Colorado, United States; Costa Mesa, California, United States; Fort Collins, Colorado, United States; Irvine, California, United States; Reston, Virginia, United States; Seattle, Washington, United States",citizens-only,,,Computer Vision,2026-06-11T13:34:22-04:00,exact,2026-08-03T15:51:32Z,https://boards.greenhouse.io/andurilindustries/jobs/5153187007?gh_jid=5153187007
Anduril,2027 Manufacturing Engineer Intern,Summer 2027,False,,Internship,,Hardware,"Atlanta, Georgia, United States; Boston, Massachusetts, United States; Broomfield, Colorado, United States; Colorado Springs, Colorado, United States; Costa Mesa, California, United States; Fort Collins, Colorado, United States; Irvine, California, United States; Seattle, Washington, United States",citizens-only,,,Computer Vision,2026-06-11T13:51:24-04:00,exact,2026-08-03T15:51:32Z,https://boards.greenhouse.io/andurilindustries/jobs/5153218007?gh_jid=5153218007
Voloridge,Quantitative Developer Intern 2027,Summer 2027,False,,Internship,,Quant,"Jupiter, FL",unknown,,,Python; C++; C#; SQL,2026-06-11T09:46:12-04:00,exact,2026-07-20T10:59:21Z,https://job-boards.greenhouse.io/voloridgeinvestmentmanagement/jobs/4224862009
Anduril,2027 Software Engineer Intern,Summer 2027,False,,Internship,,Software,"Atlanta, Georgia, United States; Boston, Massachusetts, United States; Broomfield, Colorado, United States; Colorado Springs, Colorado, United States; Costa Mesa, California, United States; Fort Collins, Colorado, United States; Irvine, California, United States; Reston, Virginia, United States; Seattle, Washington, United States",citizens-only,,,Python; Java; C++; Rust; Computer Vision,2026-06-10T19:33:06-04:00,exact,2026-06-30T12:22:43Z,https://boards.greenhouse.io/andurilindustries/jobs/5148079007?gh_jid=5148079007
Beacon Software,Software Engineering Intern,Fall 2026,False,,Internship,,Software,"San Francisco, CA",unknown,,,Python; TypeScript; LLMs; PostgreSQL,2026-06-02T00:08:18.727+00:00,exact,2026-07-16T07:39:11Z,https://jobs.ashbyhq.com/beaconsoftware/2452d342-a069-4eda-adbe-9df296808ca1
Walleye Capital,Quantic – Quantitative Developer Intern (Summer 2027),Summer 2027,False,,Internship,,Quant,"Boston, MA",unknown,,,Python; PyTorch; TensorFlow; scikit-learn; LLMs; Linux,2026-06-01T07:17:40-04:00,exact,2026-06-30T12:14:22Z,https://job-boards.greenhouse.io/walleyecapital-external-students/jobs/4679168006
Amazon,"Software Development Engineer Intern, AWS Data Services - Fall 2026 (US)",Fall 2026,False,,Internship,,Data & ML/AI,"Seattle, Washington, USA",unknown,23139,,Python; Java; C++; C#; Rust; TypeScript; SQL; LLMs,2026-05-06T00:00:00Z,date_only,2026-06-30T17:50:48Z,https://www.amazon.jobs/en/jobs/10412530/software-development-engineer-intern-aws-data-services-fall-2026-us
Applied Materials,"2026 Fall Materials Engineering Co-op (TCAD Modeling) - Doctorate (Gloucester, MA)",Fall 2026,False,,Co-op,,Hardware,"Gloucester,MA",unknown,650,$41–$50/hr,,2026-04-01T00:00:00Z,date_only,2026-08-03T15:51:32Z,https://amat.wd1.myworkdayjobs.com/External/job/GloucesterMA/XMLNAME-2026-Fall-Materials-Engineering-Co-op---Doctorate--Gloucester--MA-_R2611503
Motorola,"Intern - Embedded Software, System, and Test Engineer - 2026",Fall 2026,False,,Internship,,Software,"Irvine, CA",citizens-only,191,,,2026-03-30T00:00:00Z,date_only,2026-07-01T20:55:33Z,https://motorolasolutions.wd5.myworkdayjobs.com/Careers/job/Irvine-CA/Intern---Embedded-Software--System--and-Test-Engineer---2026_R62372
Ellipsis Labs,Software Engineer - 2027 Interns,Summer 2027,False,,Internship,,Software,"New York, New York",unknown,,$10K per month,Python; Java; C++; Rust; TypeScript; JavaScript; React; Docker,2026-03-26T19:40:01.700+00:00,exact,2026-06-30T12:14:22Z,https://jobs.ashbyhq.com/ellipsislabs/02136b22-35b1-4b3d-8bef-567c3380a849
Alloy Enterprises,"Co-Op, Thermal Test Engineer, Fall 2026 (July-December)",Fall 2026,False,,Co-op,,Hardware,"Burlington, MA",citizens-only,,$23–$28/hr,Python; MATLAB,2026-03-25T21:04:53.149+00:00,exact,2026-08-07T00:29:47Z,https://jobs.ashbyhq.com/alloyenterprises/946e7ae1-d2ac-4889-a72a-268b0aeda9bd
Hermeus,Mechanical Engineering Intern  - Fall 2026,Fall 2026,False,,Internship,,Hardware,"Los Angeles, CA",citizens-only,,25–33 USD/hr,,2026-03-09T20:47:32Z,exact,2026-08-03T15:51:32Z,https://jobs.lever.co/hermeus/6b6afa4a-b37d-4033-ac3b-e6501a951b98
Hermeus,Flight Software Engineering Intern - Fall 2026,Fall 2026,False,,Internship,,Software,"Atlanta, GA",citizens-only,,25–33 USD/hr,C++,2026-03-04T23:43:47Z,exact,2026-06-30T12:14:22Z,https://jobs.lever.co/hermeus/51378fa0-0327-45fd-9420-b6e7d8b56440
SharkNinja,"Fall 2026: Mechanical Engineering Co-op,  Wearable & Biomedical Devices (September to December)",Fall 2026,False,,Co-op,,Hardware,"Needham, MA, United States",unknown,23,,Python; MATLAB,2026-02-05T10:34:47-05:00,exact,2026-08-26T19:16:32Z,https://job-boards.greenhouse.io/sharkninjaoperatingllc/jobs/4651641006
Amazon,"Robotics - Hardware Development Engineer Intern/Co-op - 2026 (Robotics, Mechanical, Electrical, Hardware Test, Reliability, Failure Analysis, Operations, and more)",Fall 2026,False,,Internship / Co-op,,Hardware,"Westboro, Massachusetts, USA",unknown,23139,,,2025-12-17T00:00:00Z,date_only,2026-08-03T15:51:32Z,https://www.amazon.jobs/en/jobs/3145033/robotics-hardware-development-engineer-intern-co-op-2026-robotics-mechanical-electrical-hardware-test-reliability-failure-analysis-operations-and-more
Amazon,"Robotics - Applied Scientist II Intern / Co-op - 2026 (Robotics, Manipulation, Perception, Motion Planning, Autonomous Mobile Robots, Computer Vision, Machine Learning, Controls, and more)",Fall 2026,False,,Internship / Co-op,,Data & ML/AI,"North Reading, Massachusetts, USA",unknown,23139,,Python; Java; C++; LLMs; Computer Vision,2025-10-08T00:00:00Z,date_only,2026-06-30T17:50:48Z,https://www.amazon.jobs/en/jobs/3104589/robotics-applied-scientist-ii-intern-co-op-2026-robotics-manipulation-perception-motion-planning-autonomous-mobile-robots-computer-vision-machine-learning-controls-and-more
Hermeus,Manufacturing Engineering Intern - Fall 2026,Fall 2026,False,,Internship,,Hardware,"Los Angeles, CA",citizens-only,,25–33 USD/hr,,2025-09-30T01:10:25Z,exact,2026-08-16T23:30:37Z,https://jobs.lever.co/hermeus/a1f3aa29-72ea-4843-b2ea-801f3bef73ae
Databricks,Product Management Intern (Summer 2027),Summer 2027,False,,Internship,,Software,"Bellevue, Washington; Mountain View, California; San Francisco, California",unknown,308,,Python; SQL; Spark,2023-08-17T17:27:27-04:00,exact,2026-07-30T20:42:49Z,https://databricks.com/company/careers/open-positions/job?gh_jid=6883068002
